Workbook

Sheet Dashboard
A1: Paste here your ID (A2 EDIT) | B1: Ranking | E1: Scan name | F1: Scan date | G1: Power | H1: Kill Points | I1: Deads | J1: T4 Kills | K1: T5 Kills | L1: T4 Deads | M1: T5 Deads | N1: RSS Assist
A2: 171604682 | B2: =VLOOKUP(A2,'Kings Land Report'!A:Y,24,FALSE) & " /178" -> 15 /178 | E2: BASE SCAN | F2: 46002 | G2: =VLOOKUP(A2,SoC_Data!A:K,10,FALSE) -> 72662012 | H2: =VLOOKUP(A2,SoC_Data!A:K,11,FALSE) -> 1073587588 | I2: =VLOOKUP(A2,SoC_Data!A:K,8,FALSE) -> 5696214 | J2: =VLOOKUP(A2,SoC_Data!A:K,6,FALSE) -> 43131336 | K2: =VLOOKUP(A2,SoC_Data!A:K,7,FALSE) -> 30009811 | L2: X | M2: X | N2: =VLOOKUP(A2,SoC_Data!A:K,9,FALSE) -> 1370720264
A3: Player Name | C3: =VLOOKUP(A2,SoC_Data!A:D,2,FALSE) -> ᵁᴺDaddyツ | E3: Lvl 4 Pass Scan | F3: 46006 | G3: =VLOOKUP(A2,SoC_Data!A:R,17,FALSE)-VLOOKUP(A2,SoC_Data!A:R,10,FALSE) -> -2574394 | H3: =VLOOKUP(A2,SoC_Data!A:R,18,FALSE)-VLOOKUP(A2,SoC_Data!A:R,11,FALSE) -> 62968823 | I3: =VLOOKUP(A2,SoC_Data!A:R,15,FALSE)-VLOOKUP(A2,SoC_Data!A:R,8,FALSE) -> 308388 | J3: =VLOOKUP(A2,SoC_Data!A:R,13,FALSE)-VLOOKUP(A2,SoC_Data!A:R,6,FALSE) -> 1490994 | K3: =VLOOKUP(A2,SoC_Data!A:R,14,FALSE)-VLOOKUP(A2,SoC_Data!A:R,7,FALSE) -> 2399566 | L3: X | M3: X | N3: =VLOOKUP(A2,SoC_Data!A:R,16,FALSE)-VLOOKUP(A2,SoC_Data!A:R,9,FALSE) -> 0
A4: DKP Minimal requirement | C4: =VLOOKUP(A2,BS_Report!A:P,7,FALSE) -> 32697905 | E4: Altar P1 Scan | F4: 46013 | G4: =VLOOKUP(A2,SoC_Data!A:AF,31,FALSE)-VLOOKUP(A2,SoC_Data!A:AF,24,FALSE) -> 83450 | H4: =VLOOKUP(A2,SoC_Data!A:AF,32,FALSE)-VLOOKUP(A2,SoC_Data!A:AF,25,FALSE) -> 10934640 | I4: =VLOOKUP(A2,SoC_Data!A:AF,29,FALSE)-VLOOKUP(A2,SoC_Data!A:AF,22,FALSE) -> 0 | J4: =VLOOKUP(A2,SoC_Data!A:AF,27,FALSE)-VLOOKUP(A2,SoC_Data!A:AF,20,FALSE) -> 355390 | K4: =VLOOKUP(A2,SoC_Data!A:AF,28,FALSE)-VLOOKUP(A2,SoC_Data!A:AF,21,FALSE) -> 369037 | L4: X | M4: X | N4: =VLOOKUP(A2,SoC_Data!A:AF,30,FALSE)-VLOOKUP(A2,SoC_Data!A:AF,23,FALSE) -> 0
A5: KP Minimal Requirement | C5: =VLOOKUP(A2,BS_Report!A:P,5,FALSE) -> 1.9947882e+08 | E5: Pass 7 Scan | F5: 46021 | G5: =VLOOKUP(A2,SoC_Data!A:AM,38,FALSE)-VLOOKUP(A2,SoC_Data!A:AM,31,FALSE) -> -7836806 | H5: =VLOOKUP(A2,SoC_Data!A:AM,39,FALSE)-VLOOKUP(A2,SoC_Data!A:AM,32,FALSE) -> 117522708 | I5: =VLOOKUP(A2,SoC_Data!A:AM,36,FALSE)-VLOOKUP(A2,SoC_Data!A:AM,29,FALSE) -> 406784 | J5: =VLOOKUP(A2,SoC_Data!A:AM,34,FALSE)-VLOOKUP(A2,SoC_Data!A:AM,27,FALSE) -> 967808 | K5: =VLOOKUP(A2,SoC_Data!A:AM,35,FALSE)-VLOOKUP(A2,SoC_Data!A:AM,28,FALSE) -> 5391768 | L5: X | M5: X | N5: =VLOOKUP(A2,SoC_Data!A:AM,37,FALSE)-VLOOKUP(A2,SoC_Data!A:AM,30,FALSE) -> 150000000
A6: Dead Minimal Requirement | C6: =VLOOKUP(A2,BS_Report!A:P,6,FALSE) -> 1.0681135e+08 | E6: Mid Review Scan | F6: 46028 | G6: =VLOOKUP(A2,SoC_Data!A:AT,45,FALSE)-VLOOKUP(A2,SoC_Data!A:AT,38,FALSE) -> 4951430 | H6: =VLOOKUP(A2,SoC_Data!A:AT,46,FALSE)-VLOOKUP(A2,SoC_Data!A:AT,39,FALSE) -> 19009960 | I6: =VLOOKUP(A2,SoC_Data!A:AT,43,FALSE)-VLOOKUP(A2,SoC_Data!A:AT,36,FALSE) -> 14671 | J6: =VLOOKUP(A2,SoC_Data!A:AT,41,FALSE)-VLOOKUP(A2,SoC_Data!A:AT,34,FALSE) -> 671324 | K6: =VLOOKUP(A2,SoC_Data!A:AT,42,FALSE)-VLOOKUP(A2,SoC_Data!A:AT,35,FALSE) -> 614836 | L6: X | M6: X | N6: =VLOOKUP(A2,SoC_Data!A:AT,44,FALSE)-VLOOKUP(A2,SoC_Data!A:AT,37,FALSE) -> 0
A7: Tier 4 Kills | B7: X | C7: =J12 -> 4272984 | E7: Kings Land Scan | F7: 46032 | G7: =VLOOKUP(A2,SoC_Data!A:BA,52,FALSE)-VLOOKUP(A2,SoC_Data!A:BA,45,FALSE) -> -3138156 | H7: =VLOOKUP(A2,SoC_Data!A:BA,53,FALSE)-VLOOKUP(A2,SoC_Data!A:BA,46,FALSE) -> 65611255 | I7: =VLOOKUP(A2,SoC_Data!A:BA,50,FALSE)-VLOOKUP(A2,SoC_Data!A:BA,43,FALSE) -> 171865 | J7: =VLOOKUP(A2,SoC_Data!A:BA,48,FALSE)-VLOOKUP(A2,SoC_Data!A:BA,41,FALSE) -> 787468 | K7: =VLOOKUP(A2,SoC_Data!A:BA,49,FALSE)-VLOOKUP(A2,SoC_Data!A:BA,42,FALSE) -> 2885915 | L7: =IFERROR(VLOOKUP(A2,'Kings Land Report'!A:Y,16,FALSE) / 100, "TBA") -> 233 | M7: =IFERROR(VLOOKUP(A2,'Kings Land Report'!A:Y,17,FALSE) / 200, "TBA") -> 901475 | N7: =VLOOKUP(A2,SoC_Data!A:BA,51,FALSE)-VLOOKUP(A2,SoC_Data!A:BA,44,FALSE) -> 60000000
A8: Tier 5 Kills | B8: X | C8: =K12 -> 11661122 | L8: X | M8: X
A9: Tier 4 Deads | B9: X | C9: =L12 -> 233 | L9: X | M9: X
A10: Tier 5 Deads | B10: X | C10: =M12 -> 901475 | L10: X | M10: X
A11: KP Gained | B11: X | C11: =SUM(H3:H7) -> 276047386 | O11: TOTAL DKP
A12: Total DKP | B12: X | C12: =O12 -> 147228776 | E12: DKP SUMMARY | F12: X | G12: =SUM(G2:G9) -> 64147536 | H12: =SUM(H2:H9) -> 1349634974 | I12: =SUM(I3:I9) -> 901708 | J12: =SUM(J3:J9) -> 4272984 | K12: =SUM(K3:K9) -> 11661122 | L12: =SUM(L3:L8) -> 233 | M12: =SUM(M3:M8) -> 901475 | N12: =SUM(N3:N9) -> 210000000 | O12: =SUM(J12*4,K12*10,I12*15) -> 147228776
A15: How to use? 1. Copy your profile ID 2. Paste it in A2 Slot 3. Click Enter | E15: KINGDOM STATISTICS
A18: DKP STATUS HISTORY | E18: Scan name | F18: Scan date | G18: Power | H18: Kill Points | I18: Deads | J18: T4 Kills | K18: T5 Kills | L18: T4 Deads | M18: T5 Deads | N18: RSS Assist
A19: Excellent | B19: >25% | C19: (~˘▾˘)~ | E19: BS (TOP300) | F19: 46002 | G19: 11180721781 | H19: 129539827144 | I19: 1528281834 | J19: 4716942816 | K19: 3989450552 | N19: 1371005637679
A20: Normal | B20: 15-25% | C20: ¯\_(ツ)_/¯ | E20: Lvl 4 Pass(TOP300) | F20: 46006 | G20: 10867057311 | H20: 133580316573 | I20: 1548613371 | J20: 4743167081 | K20: 4177164400 | L20: =4178440+3240903+3969058+332751 -> 11721152 | M20: =4538885+4412093+5445812+20607 -> 14417397 | N20: 1374318532907
A21: Deadweight | B21: <15% | C21: (ʘᗩʘ') | E21: Altar P1(TOP300) | F21: 46013 | G21: 10913196282 | H21: 133185732701 | I21: 1520651081 | J21: 4720355259 | K21: 4169143435 | L21: =4267301+3310183+4040258+332751 -> 11950493 | M21: =4596214+4527956+5469434+20607 -> 14614211 | N21: 1351616556245
E22: Mid Review(TOP300) | F22: 46028 | G22: 10632197268 | H22: 137167296625 | I22: 1526635897 | J22: 4658476535 | K22: 4402502989 | L22: =10351659+12668618+7134391+921595 -> 31076263 | M22: =11747550+17697237+8387804+199779 -> 38032370 | N22: 1322161892252
A23: SCORE BOARD | E23: Kings Land(TOP300) | F23: 46032 | G23: 10297688506 | H23: 142038184665 | I23: 1551926516 | J23: 4701099439 | K23: 4625017637 | L23: =17637283+18651486+10665494+1385522 -> 48339785 | M23: =17455273+25559800+10488314+277934 -> 53781321 | N23: 1333087725568
C24: Top DKP
C25: Top KP
C26: Top Dead
C27: Top KP Gained | E27: DKP SUMMARY | F27: X | G27: X | H27: X | I27: X | J27: X | K27: X | L27: X | M27: X | N27: X
C28: Top DKP %
B31: Date | C31: Kingdom Power | D31: Kill Points
B32: 45864 | C32: 9278618824 | D32: 61276483616
B33: 45899 | C33: 12149406514 | D33: 112058146834
B34: 45928 | C34: 12149819513 | D34: 117058934234
B35: 45949 | C35: 11507378863 | D35: 124467902534
B36: 46002 | C36: 11180721781 | D36: 129539827144
B37: 46006 | C37: 10867057311 | D37: 133580316573
B38: 46013 | C38: 10913196282 | D38: 133185732701
B39: 46028 | C39: 10632197268 | D39: 137167296625
B40: 46032 | C40: 10297688506 | D40: 142038184665
E56: Camp STATISTICS
E60: Kingdom | F60: Power | G60: Kill Points | H60: Deads | I60: T4 Kills | J60: T5 Kills | K60: T4 Deads | L60: T5 Deads | M60: RSS Assist | N60: DKP

Sheet SoC_Data
A1: Player Data | E1: Base Scan (11 December 2025) | L1: Pass 4 (11 - 15 December 2025) | S1: MGE (16 - 20 December 2025) | Z1: Altar 1 (21 - 22 December 2025) | AG1: Pass 7 (22 - 30 December 2025) | AN1: Mid Review (31/12 - 6/1 2025/2026) | AU1: Kings Land (2 - 10 January 2026)
A2: Governor ID | B2: Name | C2: Power | D2: KP | E2: T1 Kills | F2: T4 Kills | G2: T5 Kills | H2: Dead | I2: RSS Assist | J2: Scan Power | K2: Scan KP | L2: T1 Kills | M2: T4 Kills | N2: T5 Kills | O2: Dead | P2: RSS Assist | Q2: Scan Power | R2: Scan KP | S2: T1 Kills | T2: T4 Kills | U2: T5 Kills | V2: Dead | W2: RSS Assist | X2: Scan Power | Y2: Scan KP | Z2: T1 Kills | AA2: T4 Kills | AB2: T5 Kills | AC2: Dead | AD2: RSS Assist | AE2: Scan Power | AF2: Scan KP | AG2: T1 Kills | AH2: T4 Kills | AI2: T5 Kills | AJ2: Dead | AK2: RSS Assist | AL2: Scan Power | AM2: Scan KP | AN2: T1 Kills | AO2: T4 Kills | AP2: T5 Kills | AQ2: Dead | AR2: RSS Assist | AS2: Scan Power | AT2: Scan KP | AU2: T1 Kills | AV2: T4 Kills | AW2: T5 Kills | AX2: Dead | AY2: RSS Assist | AZ2: Scan Power | BA2: Scan KP
A3: 168455139 | B3: ᵁᴺOdin | C3: 110335941 | D3: 2600812023 | E3: 11402995 | F3: 57705402 | G3: 100706194 | H3: 13462892 | I3: 2095967435 | J3: 118531241 | K3: 2600812023 | L3: 11403000 | M3: 58335189 | N3: 108405411 | O3: 14144639 | P3: 2095967435 | Q3: 110170541 | R3: 2761098830 | S3: 11403000 | T3: 58335189 | U3: 108405411 | V3: 14144639 | W3: 2095967435 | X3: 112752471 | Y3: 2761098830 | Z3: 11403000 | AA3: 58341106 | AB3: 108788013 | AC3: 14144639 | AD3: 2095967435 | AE3: 111921961 | AF3: 2768810040 | AG3: 11403003 | AH3: 59165268 | AI3: 115915905 | AJ3: 14554404 | AK3: 2095967435 | AL3: 106472321 | AM3: 2919609500 | AN3: 11403003 | AO3: 59308331 | AP3: 117424645 | AQ3: 15004702 | AR3: 2095967435 | AS3: 106000621 | AT3: 2951214930 | AU3: 11403029 | AV3: 60974233 | AW3: 126272621 | AX3: 15798347 | AY3: 2095967435 | AZ3: 95168121 | BA3: 3144833587
A4: 64966340 | B4: ᵁᴺPisontije | C4: 103712620 | D4: 4150134940 | E4: 23297159 | F4: 74400483 | G4: 170087043 | H4: 18028667 | I4: 14447507139 | J4: 106017650 | K4: 4158381077 | L4: 23411497 | M4: 76167772 | N4: 180756751 | O4: 18647843 | P4: 14447507139 | Q4: 96560930 | R4: 4389523123 | S4: 23411497 | T4: 77324377 | U4: 180756751 | V4: 18647843 | W4: 14447507139 | X4: 101091016 | Y4: 4401089173 | Z4: 23411497 | AA4: 77336433 | AB4: 181120132 | AC4: 18647843 | AD4: 14447507139 | AE4: 100967826 | AF4: 4408477353 | AG4: 23411499 | AH4: 79221456 | AI4: 201018498 | AJ4: 19307446 | AK4: 14447507139 | AL4: 91866784 | AM4: 4825296079 | AN4: 23411499 | AO4: 79258230 | AP4: 202928878 | AQ4: 19307446 | AR4: 14447507139 | AS4: 94354675 | AT4: 4863871419 | AU4: 23411511 | AV4: 80260912 | AW4: 210227129 | AX4: 19380555 | AY4: 14447507139 | AZ4: 95427085 | BA4: 5019865662
A5: 145408006 | B5: Adam23 | C5: 102596686 | D5: 1200131220 | E5: 119545642 | F5: 36779995 | G5: 40342683 | H5: 12596331 | I5: 97148239 | J5: 102323387 | K5: 1208379828 | L5: 119561949 | M5: 37555260 | N5: 42373187 | O5: 12985725 | P5: 97148239 | Q5: 97570636 | R5: 1256766825 | S5: 119561949 | T5: 37563147 | U5: 42413682 | V5: 12985725 | W5: 97148239 | X5: 98707297 | Y5: 1257655595 | Z5: 119561949 | AA5: 37563147 | AB5: 42435914 | AC5: 12985725 | AD5: 97148239 | AE5: 98676637 | AF5: 1258100235 | AG5: 119612268 | AH5: 38310815 | AI5: 46176378 | AJ5: 13789687 | AK5: 97148239 | AL5: 87128577 | AM5: 1340573311 | AN5: 119614259 | AO5: 38328674 | AP5: 46435435 | AQ5: 13808661 | AR5: 97148239 | AS5: 91444187 | AT5: 1345933439 | AU5: 119626732 | AV5: 38685296 | AW5: 49104257 | AX5: 13976374 | AY5: 97148239 | AZ5: 91681627 | BA5: 1402880486
A6: 27578537 | B6: Luki92 | C6: 97578623 | D6: 2798183604 | E6: 34662036 | F6: 102342006 | G6: 89104990 | H6: 24722443 | I6: 33526939303 | J6: 86649209 | K6: 2842225317 | L6: 34697111 | M6: 102774582 | N6: 96267501 | O6: 24906584 | P6: 33526939303 | Q6: 80725359 | R6: 2989852434 | S6: 34697111 | T6: 102857101 | U6: 96267501 | V6: 24906584 | W6: 33526939303 | X6: 86396519 | Y6: 2990677624 | Z6: 34851485 | AA6: 102907147 | AB6: 96833226 | AC6: 24906584 | AD6: 33526939303 | AE6: 86598919 | AF6: 3002523459 | AG6: 34851835 | AH6: 103532739 | AI6: 102451856 | AJ6: 25562290 | AK6: 33526939303 | AL6: 81488744 | AM6: 3121152741 | AN6: 34851965 | AO6: 103697212 | AP6: 103031146 | AQ6: 25565670 | AR6: 33526939303 | AS6: 81903743 | AT6: 3134384449 | AU6: 34859699 | AV6: 104940509 | AW6: 109366473 | AX6: 26017941 | AY6: 33526939303 | AZ6: 78226207 | BA6: 3273577513
A7: 62576249 | B7: ᵁᴺUğur | C7: 95663368 | D7: 3271268940 | E7: 136762451 | F7: 101607892 | G7: 108991713 | H7: 21653131 | I7: 33189364731 | J7: 96605528 | K7: 3277365308 | L7: 136769339 | M7: 102182780 | N7: 116336781 | O7: 21994550 | P7: 33189364731 | Q7: 93677938 | R7: 3430140579 | S7: 136769339 | T7: 102182780 | U7: 116336781 | V7: 21994550 | W7: 33189364731 | X7: 94336238 | Y7: 3430140579 | Z7: 136769339 | AA7: 102182921 | AB7: 116426691 | AC7: 21994550 | AD7: 33189364731 | AE7: 93015678 | AF7: 3431940189 | AG7: 136796129 | AH7: 102985876 | AI7: 123577850 | AJ7: 22414637 | AK7: 33189364731 | AL7: 90854358 | AM7: 3582998909 | AN7: 136796129 | AO7: 103002307 | AP7: 124090835 | AQ7: 22414637 | AR7: 33189364731 | AS7: 92404468 | AT7: 3593422919 | AU7: 136842248 | AV7: 104175898 | AW7: 129228398 | AX7: 22870119 | AY7: 33949364731 | AZ7: 88269654 | BA7: 3707959639
A8: 103336195 | B8: KIM J0NGᵁᴺ | C8: 89284696 | D8: 3886208750 | E8: 54642770 | F8: 127037610 | G8: 128923463 | H8: 18459458 | I8: 33782410358 | J8: 90786056 | K8: 3886208750 | L8: 54643392 | M8: 127565565 | N8: 134012119 | O8: 18794569 | P8: 33782410358 | Q8: 86297136 | R8: 3993261810 | S8: 54643392 | T8: 127584542 | U8: 134053481 | V8: 18794569 | W8: 33782410358 | X8: 89065016 | Y8: 3994278820 | Z8: 54643392 | AA8: 127590883 | AB8: 134439824 | AC8: 18794569 | AD8: 33782410358 | AE8: 86590596 | AF8: 4002069090 | AG8: 54643392 | AH8: 127708201 | AI8: 135381181 | AJ8: 18837938 | AK8: 33782410358 | AL8: 91326082 | AM8: 4022069410 | AN8: 54643392 | AO8: 127708201 | AP8: 135381181 | AQ8: 18837938 | AR8: 33782410358 | AS8: 92212362 | AT8: 4022069410 | AU8: 54652872 | AV8: 127885478 | AW8: 137186866 | AX8: 18939597 | AY8: 33782410358 | AZ8: 91418782 | BA8: 4059957776
A9: 2463403 | B9: ᵁᴺHeliosツ | C9: 89101347 | D9: 7143949247 | E9: 30408668 | F9: 199538778 | G9: 256197391 | H9: 39990822 | I9: 10256888908 | J9: 91042347 | K9: 7158593637 | L9: 30412616 | M9: 200333134 | N9: 265876795 | O9: 40544987 | P9: 10256888908 | Q9: 83289877 | R9: 7360126105 | S9: 30412616 | T9: 202549872 | U9: 265876795 | V9: 40544987 | W9: 10256888908 | X9: 86213410 | Y9: 7382293485 | Z9: 30412616 | AA9: 202560257 | AB9: 266442213 | AC9: 40544987 | AD9: 10256888908 | AE9: 85426105 | AF9: 7393705695 | AG9: 30424005 | AH9: 203313627 | AI9: 277449525 | AJ9: 40718098 | AK9: 10256888908 | AL9: 84673431 | AM9: 7621387913 | AN9: 30424005 | AO9: 204415484 | AP9: 279873358 | AQ9: 40718098 | AR9: 10256888908 | AS9: 84911141 | AT9: 7680883143 | AU9: 30424042 | AV9: 205911206 | AW9: 297735913 | AX9: 41156294 | AY9: 10256888908 | AZ9: 81194190 | BA9: 8053097772
A10: 79650085 | B10: Keshiba ツ | C10: 89074025 | D10: 1844288620 | E10: 34537501 | F10: 58561115 | G10: 61822342 | H10: 12044507 | I10: 15131538986 | J10: 91160825 | K10: 1844288620 | L10: 34537502 | M10: 58707090 | N10: 62755078 | O10: 12110118 | P10: 15131538986 | Q10: 86691979 | R10: 1864405394 | S10: 34537502 | T10: 58707090 | U10: 62755078 | V10: 12110118 | W10: 15131538986 | X10: 90080943 | Y10: 1864405394 | Z10: 34537502 | AA10: 58707090 | AB10: 62762532 | AC10: 12110118 | AD10: 15131538986 | AE10: 91109065 | AF10: 1864554474 | AG10: 34554211 | AH10: 59509023 | AI10: 66176296 | AJ10: 13079116 | AK10: 15131538986 | AL10: 76747915 | AM10: 1940910564 | AN10: 34554211 | AO10: 59509023 | AP10: 66210526 | AQ10: 13079116 | AR10: 15131538986 | AS10: 83098015 | AT10: 1941595164 | AU10: 34594796 | AV10: 60282058 | AW10: 69781813 | AX10: 13444162 | AY10: 15131538986 | AZ10: 81083559 | BA10: 2020759923
A11: 64010776 | B11: ᵀᶜ Tequila | C11: 88294827 | D11: 2358208628 | E11: 35104753 | F11: 80510823 | G11: 75349352 | H11: 18762582 | I11: 29922279846 | J11: 85943147 | K11: 2358208628 | L11: 35104753 | M11: 80568711 | N11: 76770484 | O11: 19035238 | P11: 29922279846 | Q11: 82373857 | R11: 2387210276 | S11: 35104753 | T11: 80568711 | U11: 76770484 | V11: 19035238 | W11: 29922279846 | X11: 82619307 | Y11: 2387210276 | Z11: 35104753 | AA11: 80570388 | AB11: 76936449 | AC11: 19035238 | AD11: 29922279846 | AE11: 79317817 | AF11: 2390546346 | AG11: 35105323 | AH11: 80738775 | AI11: 78540059 | AJ11: 19373920 | AK11: 32032279846 | AL11: 78885911 | AM11: 2424302530 | AN11: 35105323 | AO11: 80753786 | AP11: 78652181 | AQ11: 19373920 | AR11: 32032279846 | AS11: 78057871 | AT11: 2426695080 | AU11: 35105324 | AV11: 81257599 | AW11: 79713168 | AX11: 19483092 | AY11: 32032279846 | AZ11: 79357941 | BA11: 2453038112
A12: 171934536 | B12: FromKiev1122 | C12: 87446620 | D12: 686911268 | E12: 22195584 | F12: 24148641 | G12: 20676569 | H12: 2221644 | I12: 958710757 | J12: 87696020 | K12: 686911268 | L12: 22195584 | M12: 24148641 | N12: 20676569 | O12: 2221644 | P12: 958710757 | Q12: 87744020 | R12: 686911268 | S12: 22195584 | T12: 24148641 | U12: 20676569 | V12: 2221644 | W12: 958710757 | X12: 87792020 | Y12: 686911268 | Z12: 22195584 | AA12: 24148641 | AB12: 20676569 | AC12: 2221644 | AD12: 958710757 | AE12: 87792020 | AF12: 686911268 | AG12: 22195584 | AH12: 24148641 | AI12: 20676569 | AJ12: 2221644 | AK12: 958710757 | AL12: 87868020 | AM12: 686911268 | AN12: 22195584 | AO12: 24148641 | AP12: 20676569 | AQ12: 2221644 | AR12: 958710757 | AS12: 87916020 | AT12: 686911268 | AU12: 22195607 | AV12: 24636205 | AW12: 22489513 | AX12: 2526075 | AY12: 958710757 | AZ12: 84923872 | BA12: 728045793
A13: 11409556 | B13: Enes 33 | C13: 87014821 | D13: 566770165 | E13: 19002385 | F13: 30738537 | G13: 12090779 | H13: 14864436 | I13: 5766935771 | J13: 88356721 | K13: 566770165 | L13: 19002385 | M13: 30738755 | N13: 12428196 | O13: 14892721 | P13: 5766935771 | Q13: 88248871 | R13: 573520685 | S13: 19002385 | T13: 30738755 | U13: 12428196 | V13: 14892721 | W13: 5766935771 | X13: 88388671 | Y13: 573520685 | Z13: 19002385 | AA13: 30738755 | AB13: 12428196 | AC13: 14892721 | AD13: 5766935771 | AE13: 88388671 | AF13: 573520685 | AG13: 19002422 | AH13: 30781500 | AI13: 12851588 | AJ13: 15648218 | AK13: 5766935771 | AL13: 73629101 | AM13: 582419822 | AN13: 19002422 | AO13: 30781500 | AP13: 12851588 | AQ13: 15648218 | AR13: 5766935771 | AS13: 73629101 | AT13: 582419822 | AU13: 19002422 | AV13: 30781500 | AW13: 12851588 | AX13: 15648218 | AY13: 5766935771 | AZ13: 73629101 | BA13: 582419822
A14: 11726598 | B14: ᵁᴺLazy Catツ | C14: 85544161 | D14: 7514837859 | E14: 84592879 | F14: 209508567 | G14: 267744853 | H14: 27941848 | I14: 30857472756 | J14: 87082220 | K14: 7532122629 | L14: 84598414 | M14: 211464435 | N14: 294751875 | O14: 28150649 | P14: 30857472756 | Q14: 84488161 | R14: 8091828324 | S14: 84598414 | T14: 211464435 | U14: 294751875 | V14: 28150649 | W14: 30857472756 | X14: 86367361 | Y14: 8091828324 | Z14: 84598414 | AA14: 211599063 | AB14: 297039940 | AC14: 28150649 | AD14: 30857472756 | AE14: 79542171 | AF14: 8138935904 | AG14: 84598614 | AH14: 214418421 | AI14: 327633233 | AJ14: 28386306 | AK14: 30857472756 | AL14: 78322442 | AM14: 8779009980 | AN14: 84598614 | AO14: 214504763 | AP14: 329333301 | AQ14: 28386306 | AR14: 30857472758 | AS14: 84048560 | AT14: 8813874760 | AU14: 84598811 | AV14: 217114325 | AW14: 360599807 | AX14: 28439075 | AY14: 31467472758 | AZ14: 81190185 | BA14: 9465326822
... A238: 109960210 | B238: LilPisontije | C238: 20175746 | D238: 3143180 | E238: 0 | F238: 62104 | G238: 126107 | H238: 253288 | I238: 858856569 | J238: 20175746 | K238: 3143180 | L238: 0 | M238: 66702 | N238: 135931 | O238: 281916 | P238: 898856569 | Q238: 19492978 | R238: 3385640 | S238: 0 | T238: 66702 | U238: 140634 | V238: 281916 | W238: 898856569 | X238: 18794082 | Y238: 3479700 | Z238: 0 | AA238: 66702 | AB238: 140634 | AC238: 281916 | AD238: 898856569 | AE238: 18801332 | AF238: 3479700 | AG238: 1228 | AH238: 93278 | AI238: 190700 | AJ238: 312394 | AK238: 898856569 | AL238: 20057756 | AM238: 4747025 | AN238: 1228 | AO238: 170917 | AP238: 264426 | AQ238: 407767 | AR238: 898856569 | AS238: 19769720 | AT238: 6997939 | AU238: 1229 | AV238: 313298 | AW238: 359153 | AX238: 537460 | AY238: 1108856569 | AZ238: 19312148 | BA238: 10316509

Sheet Performance Analysis
A1: Performance Analysis Report
A2: Final Data | G2: Player Performance | L2: Player Progress | P2: Score | S2: Player Result
A3: Governor ID | B3: Name | C3: Initial Power | D3: Final Power | E3: Initial KP | F3: Final KP | G3: Total T4 Dead *100 | H3: Total T5 Dead *200 | I3: Total Dead | J3: Total Power Diff | K3: Total KP Gained | L3: % Min KP | M3: % Min Dead | N3: % Power Loss | O3: % Goal | P3: KP Ratio Power | Q3: Dead Ratio | R3: Goal Ratio | S3: Rate
A4: 11726598 | B4: ᵁᴺLazy Catツ | C4: 85544161 | D4: 81190185 | E4: 7514837859 | F4: 9465326822 | G4: =991*100 -> 99100 | H4: =(142364+167408+186462)*200 -> 99246800 | I4: 497227 | J4: -7771235 | K4: 1933204193 | L4: 6.4150225 | M4: 0.64598695 | N4: -0.090844716 | O4: 4.2089679 | P4: 29.930077 | Q4: 5.8521103 | R4: 37.838295 | S4: Excellent
A5: 169446444 | B5: ᵁᴺLiwenツ | C5: 57611728 | D5: 56077624 | E5: 752438912 | F5: 1251807736 | G5: =(317535+154889+739)*100 -> 47316300 | H5: =(240580+247983)*200 -> 97712600 | I5: 1041820 | J5: -5433506 | K5: 497018978 | L5: 3.9175176 | M5: 2.1342639 | N5: -0.094312498 | O5: 2.4210376 | P5: 18.666982 | Q5: 16.677217 | R5: 22.189731 | S5: Excellent
A6: 169326547 | B6: ᵁᴺSexyRickツ | C6: 68321873 | D6: 63184807 | E6: 2906237594 | F6: 3507155636 | G6: =(8381+407048+45660)*100 -> 46108900 | H6: =583246*200 -> 116649200 | I6: 1329070 | J6: -7293654 | K6: 600918042 | L6: 3.3431369 | M6: 1.6803416 | N6: -0.1067543 | O6: 2.1069683 | P6: 16.076675 | Q6: 13.375575 | R6: 19.440891 | S6: Excellent
A7: 153857025 | B7: GAGS | C7: 62415625 | D7: 61416348 | E7: 657681542 | F7: 1062839116 | G7: =(298559+325605+375178)*100 -> 99934200 | H7: =(84845+74689+24307)*200 -> 36768200 | I7: 1183184 | J7: -3925465 | K7: 405157574 | L7: 2.6704062 | M7: 1.6667384 | N7: -0.062892345 | O7: 1.665017 | P7: 13.042835 | Q7: 13.276631 | R7: 15.572786 | S7: Excellent
A8: 2463403 | B8: ᵁᴺHeliosツ | C8: 89101347 | D8: 81194190 | E8: 7143949247 | F8: 8053097772 | G8: 0 | H8: =(454389+515925+195158)*200 -> 233094400 | I8: 1165472 | J8: -12771690 | K8: 872336755 | L8: 2.6165908 | M8: 1.3917972 | N8: -0.14333891 | O8: 1.7313851 | P8: 12.800141 | Q8: 11.276823 | R8: 16.153662 | S8: Excellent
A9: 172021868 | B9: ᵁᴺAnshii | C9: 68451000 | D9: 68361630 | E9: 655938793 | F9: 1119055615 | G9: =4594*100 -> 459400 | H9: =(448073+291469+53482)*200 -> 158604800 | I9: 788386 | J9: -3605490 | K9: 455819059 | L9: 2.3826193 | M9: 1.5482871 | N9: -0.052672569 | O9: 1.5081934 | P9: 11.744991 | Q9: 12.415066 | R9: 14.200213 | S9: Excellent
A10: 67071592 | B10: ᵁᴺ乄Bツ | C10: 84639977 | D10: 81967002 | E10: 9687393882 | F10: 10363196103 | G10: =(50005+807)*100 -> 5081200 | H10: =(304626+118806+353116+9858)*200 -> 157281200 | I10: 837218 | J10: -5727042 | K10: 648565277 | L10: 2.2822762 | M10: 1.1100242 | N10: -0.067663558 | O10: 1.4901351 | P10: 11.29247 | Q10: 9.227324 | R10: 14.042161 | S10: Excellent
A11: 146428825 | B11: Ray i | C11: 67591513 | D11: 61074272 | E11: 1595034768 | F11: 1989393617 | G11: 0 | H11: =(225876+875895)*200 -> 220354200 | I11: 1074942 | J11: -10062251 | K11: 377738433 | L11: 2.1334752 | M11: 2.3080424 | N11: -0.14886856 | O11: 1.3432128 | P11: 10.621417 | Q11: 17.941209 | R11: 12.756248 | S11: Excellent
A12: 74556991 | B12: 乄Narcissus | C12: 81990559 | D12: 70819870 | E12: 2297498275 | F12: 2836706401 | G12: =(12804+47104+23429)*100 -> 8333700 | H12: =(398680+521519+374643)*200 -> 258968400 | I12: 1378210 | J12: -14216299 | K12: 539208126 | L12: 1.9956809 | M12: 1.9086991 | N12: -0.17338946 | O12: 1.2976023 | P12: 10 | Q12: 15.036552 | R12: 12.357049 | S12: Excellent
A13: 171355737 | B13: ᵁᴺUğur Jr | ShүNøX ゎ | C13: 68675561 | D13: 61351576 | E13: 355644809 | F13: 731073190 | G13: =(4964+58058+6513)*100 -> 6953500 | H13: =(559543+528711+424100)*200 -> 302470800 | I13: 1569007 | J13: -13922823 | K13: 375428381 | L13: 1.9434176 | M13: 2.9846013 | N13: -0.2027333 | O13: 1.2310395 | P13: 9.7643062 | Q13: 22.862216 | R13: 11.77447 | S13: Excellent
A14: 64966340 | B14: ᵁᴺPisontije | C14: 103712620 | D14: 95427085 | E14: 4150134940 | F14: 5019865662 | G14: 0 | H14: =(445238+525289+381360)*200 -> 270377400 | I14: 1351888 | J14: -15120651 | K14: 849918535 | L14: 1.8071736 | M14: 1.2162547 | N14: -0.14579374 | O14: 1.2309612 | P14: 9.1498814 | Q14: 10 | R14: 11.773784 | S14: Excellent
A15: 171503078 | B15: メCalメ | C15: 75621607 | D15: 70774961 | E15: 1074240672 | F15: 1481376399 | G15: =(267470+264758)*100 -> 53222800 | H15: =(98957+193316+81039)*200 -> 74662400 | I15: 905541 | J15: -9936221 | K15: 407135727 | L15: 1.8014916 | M15: 1.0686621 | N15: -0.13139394 | O15: 1.1546846 | P15: 9.1242571 | Q15: 8.9264735 | R15: 11.106186 | S15: Excellent
A16: 98107237 | B16: 亗 Intersect | C16: 82512792 | D16: 69457009 | E16: 2374805436 | F16: 2827549678 | G16: 0 | H16: =(649579+281327+391560)*200 -> 264493200 | I16: 1326419 | J16: -15194833 | K16: 439585462 | L16: 1.5774817 | M16: 1.8389597 | N16: -0.18415124 | O16: 1.0282971 | P16: 8.1140306 | Q16: 14.529297 | R16: 10 | S16: Excellent
A17: 27578537 | B17: Luki92 | C17: 97578623 | D17: 78226207 | E17: 2798183604 | F17: 3273577513 | G17: =(4450+17994+4318)*100 -> 2676200 | H17: =(254079+877349+122080+45)*200 -> 250710600 | I17: 1295498 | J17: -14094162 | K17: 430527006 | L17: 1.4449185 | M17: 1.6635904 | N17: -0.14443903 | O17: 0.94713116 | P17: 7.5162054 | Q17: 13.253734 | R17: 9.2896088 | S17: Excellent
A18: 171604682 | B18: ᵁᴺDaddyツ | ᵁᴺPraMaツ | C18: 72394989 | D18: 64841606 | E18: 1058823381 | F18: 1356696374 | G18: =233*100 -> 23300 | H18: =(368776+356347+176352)*200 -> 180295000 | I18: 901708 | J18: -8514476 | K18: 276047386 | L18: 1.3838431 | M18: 1.6881941 | N18: -0.1176114 | O18: 0.87863215 | P18: 7.2407712 | Q18: 13.432691 | R18: 8.6900825 | S18: Excellent
A19: 141154852 | B19: 亗Zolotashkoツ | C19: 75835286 | D19: 67250544 | E19: 2406316835 | F19: 2725799737 | G19: =(145076+374041+128203)*100 -> 64732000 | H19: =(197777+646727+375612)*200 -> 244023200 | I19: 1582869 | J19: -10968599 | K19: 294000670 | L19: 1.2854181 | M19: 2.5525791 | N19: -0.14463714 | O19: 0.82467247 | P19: 6.7969003 | Q19: 19.719867 | R19: 8.2178094 | S19: Excellent
A20: 55242490 | B20: R7R7 | C20: 67356763 | D20: 68536876 | E20: 792695620 | F20: 1020831674 | G20: =(293674+11780+183290)*100 -> 48874400 | H20: =(5467+251835+1494)*200 -> 51759200 | I20: 747540 | J20: -3723150 | K20: 228136054 | L20: 1.2798858 | M20: 1.0473016 | N20: -0.055275073 | O20: 0.8061699 | P20: 6.7719509 | Q20: 8.7711055 | R20: 8.0558687 | S20: Excellent
A21: 62576249 | B21: ᵁᴺUğur | C21: 95663368 | D21: 88269654 | E21: 3271268940 | F21: 3707959639 | G21: 0 | H21: =(670578+451182+95228)*200 -> 243397600 | I21: 1216988 | J21: -8994174 | K21: 430594331 | L21: 1.129179 | M21: 1.2996545 | N21: -0.094018998 | O21: 0.75569534 | P21: 6.0923024 | Q21: 10.606616 | R21: 7.6140984 | S21: Excellent
A22: 143612450 | B22: NT ĐVL1 | C22: 42845006 | D22: 41172361 | E22: 485592936 | F22: 553982957 | G22: =(165324+236062+11503)*100 -> 41288900 | H22: 0 | I22: 421756 | J22: -3739808 | K22: 68390021 | L22: 1.0552851 | M22: 1.5867848 | N22: -0.087286906 | O22: 0.66156318 | P22: 5.7590603 | Q22: 12.695082 | R22: 6.7902224 | S22: Good
A23: 171697263 | B23: ᵁᴺFiLLer97 | C23: 41671559 | D23: 55468774 | E23: 354685334 | F23: 419441559 | G23: =(388009+830514+253235)*100 -> 147175800 | H23: =(369+422367)*200 -> 84547200 | I23: 1894494 | J23: 9135678 | K23: 64756225 | L23: 0.9141997 | M23: 7.5214489 | N23: 0.21923053 | O23: 0.56804182 | P23: 5.122802 | Q23: 55.861354 | R23: 5.9716921 | S23: Good
A24: 169672885 | B24: H ム I D E R | C24: 53730941 | D24: 48998691 | E24: 335424198 | F24: 428904904 | G24: =(411015+162877+373018+920)*100 -> 94783000 | H24: =(2257+201008)*200 -> 40653000 | I24: 1211453 | J24: -6217242 | K24: 93103726 | L24: 0.91081634 | M24: 2.5640569 | N24: -0.11571065 | O24: 0.55966091 | P24: 5.107544 | Q24: 19.803351 | R24: 5.8983396 | S24: Good
A25: 48741756 | B25: ᵁᴺ・ Maka | C25: 81883299 | D25: 73738028 | E25: 2851420244 | F25: 3122497864 | G25: =4389*100 -> 438900 | H25: =(359671+844563+89514)*200 -> 258749600 | I25: 1298138 | J25: -11547705 | K25: 248582558 | L25: 0.90569401 | M25: 1.8258011 | N25: -0.14102638 | O25: 0.58964783 | P25: 5.0844436 | Q25: 14.433586 | R25: 6.1607951 | S25: Good
A26: 168455139 | B26: ᵁᴺOdin | C26: 110335941 | D26: 95168121 | E26: 2600812023 | F26: 3144833587 | G26: =5132*100 -> 513200 | H26: =(522814+1418209+389300)*200 -> 466064600 | I26: 2335455 | J26: -25945050 | K26: 544021564 | L26: 0.90089755 | M26: 1.716404 | N26: -0.23514595 | O26: 0.62640172 | P26: 5.0628128 | Q26: 13.637878 | R26: 6.4824774 | S26: Good
A27: 181734011 | B27: CABJLorena | C27: 30917143 | D27: 29343046 | E27: 52815309 | F27: 84623892 | G27: =(287371+622904+24776)*100 -> 93505100 | H27: 0 | I27: 935052 | J27: -2409586 | K27: 31808583 | L27: 0.8900115 | M27: 3 | N27: -0.077936891 | O27: 0.68957423 | P27: 5.0137196 | Q27: 22.97422 | R27: 7.0353844 | S27: Good
A28: 172029365 | B28: ᵁᴺCTAMツ | C28: 40744969 | D28: 37413149 | E28: 122016779 | F28: 171300154 | G28: =(211682+463137+99704)*100 -> 77452300 | H28: 0 | I28: 1409264 | J28: -4158699 | K28: 49283375 | L28: 0.8437067 | M28: 3.75 | N28: -0.10206656 | O28: 0.53685727 | P28: 4.804897 | Q28: 1.6501252 | R28: 5.6987544 | S28: Good
A29: 120029911 | B29: Ħeřr Şimôñ | C29: 70843152 | D29: 64051644 | E29: 838856406 | F29: 1005139677 | G29: =2618*100 -> 261800 | H29: =(326056+492691+88034+21701)*200 -> 185696400 | I29: 931073 | J29: -12047486 | K29: 164912232 | L29: 0.81658179 | M29: 1.7212767 | N29: -0.17005858 | O29: 0.51893729 | P29: 4.6825708 | Q29: 13.67332 | R29: 5.5419128 | S29: Good
A30: 171491377 | B30: ᵀᵒᴿQuyet | C30: 70777139 | D30: 70418750 | E30: 362277925 | F30: 522106936 | G30: =(80390+380585+124632)*100 -> 58560700 | H30: =(39531+53795+84280)*200 -> 35521200 | I30: 763236 | J30: -2468189 | K30: 159829011 | L30: 0.80456238 | M30: 0.8842105 | N30: -0.034872687 | O30: 0.51067875 | P30: 4.6283664 | Q30: 7.5848491 | R30: 5.4696313 | S30: Good
A31: 176044158 | B31: メSuper Manメ | C31: 45412641 | D31: 42667600 | E31: 71273563 | F31: 131159590 | G31: =(682721+796767+393239)*100 -> 187272700 | H31: 0 | I31: 1872727 | J31: -4898298 | K31: 59886027 | L31: 0.77862774 | M31: 5.2885565 | N31: -0.10786199 | O31: 0.48107611 | P31: 4.5114079 | Q31: 39.620226 | R31: 5.2105391 | S31: Good
A32: 171609840 | B32: KaizerX | C32: 64520826 | D32: 61633448 | E32: 466804153 | F32: 587705450 | G32: =(105160+18569)*100 -> 12372900 | H32: =(141153+185740+59395)*200 -> 77257600 | I32: 510018 | J32: -6493909 | K32: 120901297 | L32: 0.76020913 | M32: 1.0424108 | N32: -0.10064826 | O32: 0.47531995 | P32: 4.4283448 | Q32: 8.7355323 | R32: 5.1601593 | S32: Good
A33: 172033754 | B33: Dreckschlumpf | C33: 69859129 | D33: 65852776 | E33: 310231381 | F33: 484872769 | G33: =(42145+170778+222458)*100 -> 43538100 | H33: =(139012+695322+5805)*200 -> 168027800 | I33: 1280063 | J33: -7214514 | K33: 136229282 | L33: 0.70965517 | M33: 2.0527463 | N33: -0.10327232 | O33: 0.44932053 | P33: 4.2003596 | Q33: 16.084291 | R33: 4.9326036 | S33: Good
A34: 170728362 | B34: 乂 マoddi 乂 | C34: 64505395 | D34: 55156572 | E34: 399939799 | F34: 523973532 | G34: =(68191+110356+185158)*100 -> 36370500 | H34: =(197300+529032+238187)*200 -> 192903800 | I34: 1328224 | J34: -11836533 | K34: 111755091 | L34: 0.69890013 | M34: 2.6521666 | N34: -0.18349679 | O34: 0.43713145 | P34: 4.1518572 | Q34: 20.444225 | R34: 4.8259207 | S34: Good
A35: 170866748 | B35: Tzilacatzin | C35: 74655691 | D35: 68876564 | E35: 494086077 | F35: 640450638 | G35: =(262228+256152+221290+43461)*100 -> 78313100 | H35: =15241*200 -> 3048200 | I35: 798373 | J35: -9394127 | K35: 143944841 | L35: 0.64599699 | M35: 0.68858179 | N35: -0.1258327 | O35: 0.41360357 | P35: 3.9132778 | Q35: 6.1619274 | R35: 4.6199968 | S35: Good
A36: 155534128 | B36: ŻŸŁÜĶ㋡ | C36: 66945449 | D36: 61615659 | E36: 1000110292 | F36: 1106830933 | G36: =(88517+119295+123607+10929)*100 -> 34234800 | H36: =(213875+163319+187053+27382)*200 -> 118325800 | I36: 933977 | J36: -6683348 | K36: 106720641 | L36: 0.62299689 | M36: 1.6495963 | N36: -0.099832746 | O36: 0.39136838 | P36: 3.8095534 | Q36: 13.151947 | R36: 4.425387 | S36: Good
A37: 172041454 | B37: ᵁᴺSeckin34 | C37: 72409940 | D37: 64561350 | E37: 379804337 | F37: 518612647 | G37: 0 | H37: =(651855+718042+210848)*200 -> 316149000 | I37: 1580745 | J37: -16223814 | K37: 132905021 | L37: 0.62188495 | M37: 2.7786176 | N37: -0.22405507 | O37: 0.39689041 | P37: 3.8045388 | Q37: 21.363977 | R37: 4.4737177 | S37: Good
A38: 169427770 | B38: ᵁᴺ Saxon | C38: 77346694 | D38: 70123784 | E38: 653935051 | F38: 811052722 | G38: =(37232+23478+5077)*100 -> 6578700 | H38: =(428201+760947+311770)*200 -> 300183600 | I38: 1567045 | J38: -11623156 | K38: 154190307 | L38: 0.60814902 | M38: 2.3151383 | N38: -0.15027347 | O38: 0.39337835 | P38: 3.7425933 | Q38: 17.992821 | R38: 4.4429789 | S38: Good
A39: 156479771 | B39: ᵁᴺSnowWoLF | C39: 74985735 | D39: 74146500 | E39: 1549222299 | F39: 1686171829 | G39: =(229719+6234)*100 -> 23595300 | H39: =(76814+56300+7987)*200 -> 28220200 | I39: 377054 | J39: -5295874 | K39: 136257441 | L39: 0.60536187 | M39: 0.4345711 | N39: -0.070625086 | O39: 0.38789034 | P39: 3.730024 | Q39: 4.3143595 | R39: 4.3949461 | S39: Good
A40: 145033056 | B40: Тiамат 义 | C40: 51702333 | D40: 49233153 | E40: 430246223 | F40: 490830169 | G40: =(602274+532740+217530)*100 -> 135254400 | H40: =51077*200 -> 10215400 | I40: 1403621 | J40: -5206994 | K40: 59220259 | L40: 0.58276644 | M40: 2.77 | N40: -0.10071101 | O40: 0.35806618 | P40: 3.6281246 | Q40: 21 | R40: 4.133915 | S40: Good
A41: 171701107 | B41: Vill Báalam | C41: 73877361 | D41: 79703450 | E41: 474477666 | F41: 622799072 | G41: TBA | H41: TBA | I41: 171782 | J41: 455432 | K41: 135925863 | L41: 0.57610871 | M41: 0.0013813787 | N41: 0.0061647031 | O41: 0.37051334 | P41: 3.5980999 | Q41: 1.1635181 | R41: 4.2428568 | S41: Good
A42: 139292614 | B42: ᵁᴺGreb | C42: 61757612 | D42: 58594144 | E42: 589041222 | F42: 691788151 | G42: =(4172+195755+141799)*100 -> 34172600 | H42: =(107680+575+518447)*200 -> 125340400 | I42: 1034952 | J42: -5705607 | K42: 78993690 | L42: 0.54169704 | M42: 2.0250791 | N42: -0.092387105 | O42: 0.33700469 | P42: 3.4429123 | Q42: 15.883052 | R42: 3.9495779 | S42: Good
A43: 171830779 | B43: Chocoツ | C43: 38483476 | D43: 40347579 | E43: 189741265 | F43: 218955360 | G43: =(389429+357940+126650)*100 -> 87401900 | H43: 0 | I43: 874019 | J43: -792463 | K43: 29214095 | L43: 0.53531223 | M43: 5.0745356 | N43: -0.020592293 | O43: 0.34506542 | P43: 3.4141184 | Q43: 38.063527 | R43: 4.020128 | S43: Good
A44: 144109282 | B44: RiP2016 | C44: 78200807 | D44: 71620257 | E44: 843991097 | F44: 982048901 | G44: =(961+58619+28244+17273)*100 -> 10509700 | H44: =(160347+131759+91378+6289)*200 -> 77954600 | I44: 535193 | J44: -12077896 | K44: 133989197 | L44: 0.53413453 | M44: 0.67390628 | N44: -0.1544472 | O44: 0.34520529 | P44: 3.4088073 | Q44: 6.0551839 | R44: 4.0213522 | S44: Good
A45: 79650085 | B45: Keshiba ツ | C45: 89074025 | D45: 81083559 | E45: 1844288620 | F45: 2020759923 | G45: =(207490+61771+12478)*100 -> 28173900 | H45: =(516840+423366+177710)*200 -> 223583200 | I45: 1399655 | J45: -13466230 | K45: 176471303 | L45: 0.52776942 | M45: 1.5 | N45: -0.15118021 | O45: 0.34930921 | P45: 3.3801023 | Q45: 12 | R45: 4.0572711 | S45: Good
A46: 166110884 | B46: ᵁⁿ NąHƴ ジ | C46: 68179771 | D46: 69798039 | E46: 788597711 | F46: 888588070 | G46: =(57970+49653)*100 -> 10762300 | H46: =284*200 -> 56800 | I46: 107907 | J46: 664829 | K46: 93029117 | L46: 0.52475404 | M46: 0.11 | N46: 0.0097511181 | O46: 0.33040826 | P46: 3.3665038 | Q46: 1.1616813 | R46: 3.8918436 | S46: Need Improvement
A47: 156339380 | B47: ᵁᴺᴋᴀʏシ | C47: 70491038 | D47: 63221994 | E47: 527985962 | F47: 665398768 | G47: 0 | H47: =(361723+484329+308845+20886)*200 -> 235156600 | I47: 1142314 | J47: -8185260 | K47: 98886071 | L47: 0.52312487 | M47: 2.3148298 | N47: -0.11611774 | O47: 0.33085379 | P47: 3.3591566 | Q47: 17.990578 | R47: 3.8957431 | S47: Good
A48: 103336195 | B48: KIM J0NGᵁᴺ | C48: 89284696 | D48: 91418782 | E48: 3886208750 | F48: 4059957776 | G48: 0 | H48: =(200857+68173+211109)*200 -> 96027800 | I48: 480139 | J48: -2135154 | K48: 172732016 | L48: 0.52143792 | M48: 0.57646254 | N48: -0.023913998 | O48: 0.34484708 | P48: 3.3515489 | Q48: 5.3464187 | R48: 4.018217 | S48: Good
A49: 169953509 | B49: Vega13 | C49: 44829642 | D49: 47084625 | E49: 219002745 | F49: 264139451 | G49: TBA | H49: TBA | I49: 1273793 | J49: -2317804 | K49: 41040087 | L49: 0.51270644 | M49: 0.033780684 | N49: -0.051702487 | O49: 0.3161514 | P49: 3.3121722 | Q49: 1.3991771 | R49: 3.7670628 | S49: Need Improvement
A50: 77394861 | B50: Ngacai | C50: 83320219 | D50: 74833707 | E50: 2605801785 | F50: 2738681138 | G50: =(418+4323+24)*100 -> 476500 | H50: =(292692+264166+190746)*200 -> 149520800 | I50: 752662 | J50: -10503124 | K50: 132879353 | L50: 0.50021571 | M50: 1.0869313 | N50: -0.12605733 | O50: 0.32479149 | P50: 3.2558423 | Q50: 9.0593554 | R50: 3.8426838 | S50: Good
A51: 169247313 | B51: ᵁᴺ Nizam | C51: 75191551 | D51: 63827343 | E51: 379627022 | F51: 496883885 | G51: 0 | H51: =(521806+570211+913838+13695)*200 -> 403910000 | I51: 2340123 | J51: -13479918 | K51: 112060989 | L51: 0.49646099 | M51: 3.3789912 | N51: -0.17927437 | O51: 0.31818108 | P51: 3.2389095 | Q51: 25.730844 | R51: 3.7848272 | S51: Good
A52: 166497805 | B52: e s o r | C52: 73774287 | D52: 72730516 | E52: 509530917 | F52: 622436986 | G52: 0 | H52: =(257492+121526+126734)*200 -> 101150400 | I52: 505752 | J52: -8712333 | K52: 110720630 | L52: 0.47856329 | M52: 0.82771075 | N52: -0.11809444 | O52: 0.30730355 | P52: 3.1581955 | Q52: 7.1738934 | R52: 3.6896235 | S52: Good
A53: 144618360 | B53: 亗 DONJAN 亗 | C53: 50884670 | D53: 65788946 | E53: 257544033 | F53: 300036548 | G53: =(240523+484332+192253)*100 -> 91710800 | H53: =(1763+62415)*200 -> 12835600 | I53: 981286 | J53: 14550624 | K53: 42492515 | L53: 0.46855137 | M53: 2.313762 | N53: 0.285953 | O53: 0.28793102 | P53: 3.1130444 | Q53: 17.982811 | R53: 3.5200686 | S53: Need Improvement
A54: 169420296 | B54: madelene | C54: 48455270 | D54: 49346694 | E54: 156175380 | F54: 193082585 | G54: =(69995+150703+46439)*100 -> 26713700 | H54: 0 | I54: 267137 | J54: -1335620 | K54: 36907205 | L54: 0.44800209 | M54: 0.67819327 | N54: -0.027563978 | O54: 0.27593709 | P54: 3.0203725 | Q54: 6.0863656 | R54: 3.4150937 | S54: Good
A55: 145408006 | B55: Adam23 | C55: 102596686 | D55: 91681627 | E55: 1200131220 | F55: 1402880486 | G55: TBA | H55: TBA | I55: 1380043 | J55: -11778421 | K55: 193611888 | L55: 0.44589852 | M55: 0.0066243821 | N55: -0.11480313 | O55: 0.30169926 | P55: 3.010886 | Q55: 1.2016535 | R55: 3.6405729 | S55: Need Improvement
A56: 71613822 | B56: 㐅 Barto | C56: 78899732 | D56: 72192572 | E56: 2059122718 | F56: 2174919522 | G56: 0 | H56: =(295774+468787+455074)*200 -> 243927000 | I56: 1219635 | J56: -10955870 | K56: 115606864 | L56: 0.44484728 | M56: 1.8016287 | N56: -0.13885814 | O56: 0.28832431 | P56: 3.0061452 | Q56: 14.257767 | R56: 3.5235109 | S56: Good
A57: 170708608 | B57: OkBanSeChet | C57: 64595943 | D57: 68178255 | E57: 249446472 | F57: 321574218 | G57: TBA | H57: TBA | I57: 333224 | J57: -1048593 | K57: 72127746 | L57: 0.43749806 | M57: 0.003740132 | N57: -0.016233109 | O57: 0.27415811 | P57: 2.9730021 | Q57: 1.1806747 | R57: 3.3995235 | S57: Need Improvement
A58: 168923934 | B58: ᵛᶰシSunシ | C58: 69945702 | D58: 60504191 | E58: 556350605 | F58: 642698403 | G58: =(33782+147532+30691)*100 -> 21200500 | H58: =(250964+111269)*200 -> 72446600 | I58: 574239 | J58: -11073541 | K58: 79192996 | L58: 0.42738934 | M58: 0.93933311 | N58: -0.15831625 | O58: 0.26992473 | P58: 2.9274144 | Q58: 7.985788 | R58: 3.3624715 | S58: Good
A59: 171972257 | B59: Steelite | C59: 71091874 | D59: 68044866 | E59: 565349717 | F59: 643791116 | G59: =(93205+236638+13681)*100 -> 34352400 | H59: =(100310+81481+20904)*200 -> 40539000 | I59: 546219 | J59: -7323102 | K59: 76873089 | L59: 0.38930449 | M59: 0.70778561 | N59: -0.10300899 | O59: 0.246994 | P59: 2.7556616 | Q59: 6.301608 | R59: 3.1617742 | S59: Need Improvement
A60: 161646318 | B60: ᵁᴺCesar82 | C60: 56396844 | D60: 54122445 | E60: 211386066 | F60: 258781694 | G60: =(350178+819123+68542)*100 -> 123784300 | H60: =(137724+464)*200 -> 27637600 | I60: 1376054 | J60: -3946047 | K60: 45649084 | L60: 0.38912124 | M60: 2.4324794 | N60: -0.069969288 | O60: 0.23980063 | P60: 2.7548352 | Q60: 18.846312 | R60: 3.0988154 | S60: Need Improvement
A61: 171679053 | B61: dilli | C61: 59568004 | D61: 59848399 | E61: 170482117 | F61: 218255292 | G61: =(303847+283431+254465)*100 -> 84174300 | H61: =(111268+18560+637)*200 -> 26093000 | I61: 1003721 | J61: -2521452 | K61: 47773175 | L61: 0.3469771 | M61: 1.4861678 | N61: -0.042328966 | O61: 0.21522341 | P61: 2.5647762 | Q61: 11.963236 | R61: 2.8837073 | S61: Need Improvement
A62: 71152824 | B62: FIREWoLF | C62: 82221946 | D62: 79054956 | E62: 1787723480 | F62: 1870976143 | G62: 0 | H62: =(84545+72429+16312)*200 -> 34657200 | I62: 173286 | J62: -3375930 | K62: 82948600 | L62: 0.32643393 | M62: 0.26 | N62: -0.041058746 | O62: 0.21119028 | P62: 2.4721318 | Q62: 1.1629643 | R62: 2.848408 | S62: Dead Weight
A63: 64010776 | B63: ᵀᶜ Tequila | C63: 88294827 | D63: 79357941 | E63: 2358208628 | F63: 2453038112 | G63: =(1754+6610+1758)*100 -> 1012200 | H63: =(39030+520414+140028)*200 -> 139894400 | I63: 720510 | J63: -6830656 | K63: 94829484 | L63: 0.32424107 | M63: 0.93991015 | N63: -0.077361905 | O63: 0.21220807 | P63: 2.4622426 | Q63: 7.9899852 | R63: 2.857316 | S63: Good
A64: 63222201 | B64: AmiralMaximus | C64: 83747446 | D64: 79638186 | E64: 1891779700 | F64: 1983198202 | G64: =35290*100 -> 3529000 | H64: =(120152+370167+97307)*200 -> 117525200 | I64: 622916 | J64: -7653575 | K64: 91418502 | L64: 0.31990878 | M64: 0.82366239 | N64: -0.091388757 | O64: 0.20897015 | P64: 2.4427051 | Q64: 7.1444474 | R64: 2.8289767 | S64: Need Improvement
A65: 145008495 | B65: SILVERHAND 乂 | C65: 55101646 | D65: 53951737 | E65: 407463049 | F65: 446860821 | G65: TBA | H65: TBA | I65: 1216719 | J65: -4308756 | K65: 37021082 | L65: 0.31792989 | M65: 0.019712907 | N65: -0.078196503 | O65: 0.19588345 | P65: 2.4337808 | Q65: 1.296854 | R65: 2.7144375 | S65: Need Improvement
A66: 171910225 | B66: ᵀᵒSirix8472 | C66: 62420659 | D66: 64876210 | E66: 174431846 | F66: 224651888 | G66: =(15674+296396)*100 -> 31207000 | H66: =222310*200 -> 44462000 | I66: 534466 | J66: -1846322 | K66: 47593228 | L66: 0.30993237 | M66: 0.9114396 | N66: -0.029578701 | O66: 0.19337992 | P66: 2.3977141 | Q66: 7.7829022 | R66: 2.6925257 | S66: Need Improvement
A67: 171927851 | B67: ᵁᴺDompfX | C67: 68553684 | D67: 71400952 | E67: 281217383 | F67: 337185583 | G67: =(128056+28662)*100 -> 15671800 | H67: =62*200 -> 12400 | I67: 156780 | J67: 153189 | K67: 55968200 | L67: 0.30943471 | M67: 0.16096619 | N67: 0.0022345845 | O67: 0.19510082 | P67: 2.3954698 | Q67: 2.3242715 | R67: 2.7075877 | S67: Need Improvement
A68: 171879011 | B68: Urkel94 | C68: 81480933 | D68: 78300342 | E68: 312884879 | F68: 405524065 | G68: 0 | H68: =(415255+37624)*200 -> 90575800 | I68: 452879 | J68: -4719070 | K68: 79953608 | L68: 0.29694523 | M68: 0.64870751 | N68: -0.057916249 | O68: 0.19302054 | P68: 2.3391455 | Q68: 5.8718985 | R68: 2.6893804 | S68: Need Improvement
A69: 166871338 | B69: ᴴᵘⁿBéo | C69: 71693434 | D69: 68622587 | E69: 904915019 | F69: 974526717 | G69: =(195444+296607+142688+70839)*100 -> 70557800 | H69: =(139464+248379)*200 -> 77568600 | I69: 1196107 | J69: -7247771 | K69: 55509412 | L69: 0.28173414 | M69: 1.4027848 | N69: -0.10109393 | O69: 0.17871729 | P69: 2.2705474 | Q69: 11.356742 | R69: 2.5641935 | S69: Need Improvement
A70: 166807426 | B70: ᵂʷSaber | C70: 61275513 | D70: 65479680 | E70: 333665172 | F70: 375707852 | G70: 0 | H70: =(68159+46471)*200 -> 22926000 | I70: 114630 | J70: -2708429 | K70: 42042680 | L70: 0.27291075 | M70: 0.28 | N70: -0.044200838 | O70: 0.17031249 | P70: 2.2307563 | Q70: 3 | R70: 2.4906319 | S70: Dead Weight
A71: 138715530 | B71: ᵀᴺ Yakoo | C71: 84663242 | D71: 83917922 | E71: 827729628 | F71: 906547968 | G71: 0 | H71: =(74863+303812+76488)*200 -> 91032600 | I71: 455163 | J71: -6323070 | K71: 78328427 | L71: 0.26728449 | M71: 0.60618999 | N71: -0.07468495 | O71: 0.1749605 | P71: 2.2053833 | Q71: 5.5626438 | R71: 2.5313128 | S71: Dead Weight
A72: 190550149 | B72: Lach Zielas | C72: 18215958 | D72: 22930329 | E72: 29420114 | F72: 37364211 | G72: TBA | H72: TBA | I72: 108346 | J72: 1132386 | K72: 6101114 | L72: 0.249481 | M72: -0.0043060296 | N72: 0.062164504 | O72: 0.47466449 | P72: 2.1250942 | Q72: 1.1221502 | R72: 5.1544224 | S72: Dead Weight
A73: 170972148 | B73: Mazalteutl | C73: 63927272 | D73: 62626921 | E73: 207129941 | F73: 251407613 | G73: =(6482+211799+45750)*100 -> 26403100 | H73: =(28772+427849)*200 -> 91324200 | I73: 675215 | J73: -10671533 | K73: 42089889 | L73: 0.24510777 | M73: 1.2699546 | N73: -0.1669324 | O73: 0.1540021 | P73: 2.1053721 | Q73: 10.390591 | R73: 2.3478779 | S73: Dead Weight
A74: 1915332 | B74: Lord Valkorion | C74: 64516518 | D74: 60116409 | E74: 369362864 | F74: 414277666 | G74: =(73559+186811+191525)*100 -> 45189500 | H74: =(220806+543716+92050)*200 -> 171314400 | I74: 1814773 | J74: -9025917 | K74: 42118162 | L74: 0.24449659 | M74: 2.33 | N74: -0.13990087 | O74: 0.15365023 | P74: 2.1026158 | Q74: 21 | R74: 2.3447982 | S74: Dead Weight
A75: 177187021 | B75: LordGusto | C75: 46005680 | D75: 44788617 | E75: 95562426 | F75: 112836446 | G75: =(185420+164655+166901+1518)*100 -> 51849400 | H75: 0 | I75: 1434771 | J75: -3136332 | K75: 17274020 | L75: 0.23099365 | M75: 1.5330676 | N75: -0.068172713 | O75: 0.14295944 | P75: 2.0417211 | Q75: 12.304365 | R75: 2.2512289 | S75: Dead Weight
A76: 144010731 | B76: SIJUGUL GORAT | C76: 58880981 | D76: 61304514 | E76: 108379551 | F76: 138689525 | G76: =(50243+34094+56943)*100 -> 14128000 | H76: =(15060+520561)*200 -> 107124200 | I76: 676901 | J76: 112748 | K76: 30260534 | L76: 0.23014873 | M76: 1.7164681 | N76: 0.0019148458 | O76: 0.14244911 | P76: 2.0379107 | Q76: 13.638344 | R76: 2.2467623 | S76: Dead Weight
A77: 171983336 | B77: AzeM | C77: 68352820 | D77: 61688750 | E77: 289650571 | F77: 330547120 | G77: 0 | H77: =(292482+953771+146390)*200 -> 278528600 | I77: 1392643 | J77: -9681190 | K77: 40736049 | L77: 0.22634722 | M77: 2.8721522 | N77: -0.14163556 | O77: 0.1426646 | P77: 2.0207669 | Q77: 22.044308 | R77: 2.2486483 | S77: Dead Weight
A78: 144684719 | B78: ᵁᴺRking79 | C78: 60979307 | D78: 56969261 | E78: 236862877 | F78: 270297276 | G78: =(312628+310222+254125+14385)*100 -> 89136000 | H78: =(45162+468993+117362)*200 -> 126303400 | I78: 1818681 | J78: -6910595 | K78: 32024762 | L78: 0.22526459 | M78: 2.81 | N78: -0.11332689 | O78: 0.13995401 | P78: 2.0158845 | Q78: 21.592239 | R78: 2.2249243 | S78: Dead Weight
A79: 29890160 | B79: FadhelF | C79: 81134494 | D79: 76403694 | E79: 799068661 | F79: 860336713 | G79: =(52894+40031)*100 -> 9292500 | H79: =(247526+549416+42484)*200 -> 167885200 | I79: 932351 | J79: -12180600 | K79: 61268052 | L79: 0.20737292 | M79: 1.17 | N79: -0.1501285 | O79: 0.13583529 | P79: 1.9351978 | Q79: 1.1983163 | R79: 2.1888759 | S79: Dead Weight
A80: 158817223 | B80: Lazy Smurfette | C80: 49806356 | D80: 53903561 | E80: 220098928 | F80: 241431504 | G80: =(95031+164605+84393)*100 -> 34402900 | H80: =124806*200 -> 24961200 | I80: 468835 | J80: -1606492 | K80: 21332576 | L80: 0.20718347 | M80: 1.11 | N80: -0.032254759 | O80: 0.12731632 | P80: 1.9343434 | Q80: 15 | R80: 2.114315 | S80: Dead Weight
A81: 169446634 | B81: Pickle Gnyxey | C81: 68507004 | D81: 65829828 | E81: 252154598 | F81: 289858559 | G81: 0 | H81: =(173455+626448+80156)*200 -> 176011800 | I81: 880059 | J81: -5065828 | K81: 37353381 | L81: 0.20670822 | M81: 1.8079854 | N81: -0.073946133 | O81: 0.13032276 | P81: 1.9322001 | Q81: 14.304003 | R81: 2.1406284 | S81: Dead Weight
A82: 144049878 | B82: Losant | C82: 67702966 | D82: 62994393 | E82: 286142216 | F82: 319955522 | G82: 0 | H82: =(429148+198125+16924)*200 -> 128839400 | I82: 646757 | J82: -10275744 | K82: 33813306 | L82: 0.18770538 | M82: 1.3273893 | N82: -0.15177687 | O82: 0.11831661 | P82: 1.8465023 | Q82: 10.808347 | R82: 2.0355465 | S82: Dead Weight
A83: 171345916 | B83: Only Mayıstos | C83: 54642672 | D83: 57314670 | E83: 208421344 | F83: 230764382 | G83: =127058*100 -> 12705800 | H83: =(105155+25025+29379)*200 -> 31911800 | I83: 268211 | J83: 478874 | K83: 19416679 | L83: 0.17675756 | M83: 0.77 | N83: 0.0087637369 | O83: 0.1087383 | P83: 1.7971304 | Q83: 5 | R83: 1.951714 | S83: Dead Weight
A84: 167614515 | B84: Lazy Jools | C84: 60208167 | D84: 63529757 | E84: 213967858 | F84: 239401476 | G84: =(113167+26357)*100 -> 13952400 | H84: =(43554+4348)*200 -> 9580400 | I84: 187426 | J84: -554864 | K84: 23767988 | L84: 0.17647349 | M84: 0.32466405 | N84: -0.0092157597 | O84: 0.10934739 | P84: 1.7958494 | Q84: 3.5149415 | R84: 1.9570449 | S84: Need Improvement
A85: 156007436 | B85: General Mapo | C85: 49302425 | D85: 48848699 | E85: 148580212 | F85: 164639347 | G85: =(572018+552287+584735)*100 -> 170904000 | H85: =95699*200 -> 19139800 | I85: 2308036 | J85: -5360361 | K85: 15296106 | L85: 0.15379334 | M85: 3.72 | N85: -0.10872408 | O85: 0.094479191 | P85: 1.6935678 | Q85: 32 | R85: 1.8269135 | S85: Dead Weight
A86: 168206434 | B86: Fabregas97 | C86: 41028088 | D86: 39567014 | E86: 106376405 | F86: 115439342 | G86: TBA | H86: TBA | I86: 739242 | J86: -2842638 | K86: 9062937 | L86: 0.15111261 | M86: 0.033623151 | N86: -0.069285169 | O86: 0.095741384 | P86: 1.6814784 | Q86: 1.3980313 | R86: 1.8379606 | S86: Dead Weight
A87: 144060837 | B87: 义CHRYS义 | C87: 78594856 | D87: 73585564 | E87: 375605866 | F87: 413324675 | G87: =(219592+342446+40789)*100 -> 60282700 | H87: =(318679+237931+96947)*200 -> 130711400 | I87: 1256384 | J87: -7921110 | K87: 37718809 | L87: 0.14946519 | M87: 1.45 | N87: -0.10078408 | O87: 0.096644366 | P87: 1.674049 | Q87: 12 | R87: 1.8458638 | S87: Dead Weight
A88: 166234202 | B88: ᵛᶰsad duckシ | C88: 48505899 | D88: 47817288 | E88: 281505217 | F88: 293244994 | G88: TBA | H88: TBA | I88: 255945 | J88: -3021064 | K88: 11739777 | L88: 0.14192522 | M88: 0.0064584285 | N88: -0.062282404 | O88: 0.087403162 | P88: 1.6400457 | Q88: 1.2004464 | R88: 1.7649817 | S88: Dead Weight
A89: 172008118 | B89: Northernman | C89: 45014509 | D89: 44636427 | E89: 37403711 | F89: 47591113 | G89: =(289904+347711+121374)*100 -> 75898900 | H89: 0 | I89: 760824 | J89: -1933392 | K89: 10187402 | L89: 0.13911652 | M89: 2.3248381 | N89: -0.042950418 | O89: 0.086219897 | P89: 1.6273792 | Q89: 18.063374 | R89: 1.7546254 | S89: Dead Weight
A90: 145044140 | B90: PR puesto chico | C90: 60986534 | D90: 53431476 | E90: 89281895 | F90: 108164672 | G90: =1327*100 -> 132700 | H90: =(450579+283881+46735)*200 -> 156239000 | I90: 784685 | J90: -8873786 | K90: 18743188 | L90: 0.13501539 | M90: 2.0893712 | N90: -0.14550402 | O90: 0.083781666 | P90: 1.6088842 | Q90: 16.350686 | R90: 1.7332852 | S90: Dead Weight
A91: 171934536 | B91: FromKiev1122 | C91: 87446620 | D91: 84923872 | E91: 686911268 | F91: 728045793 | G91: TBA | H91: TBA | I91: 304431 | J91: -2820148 | K91: 41134525 | L91: 0.13433609 | M91: 0.0019528741 | N91: -0.032249937 | O91: 0.088257079 | P91: 1.6058207 | Q91: 1.1676749 | R91: 1.7724555 | S91: Dead Weight
A92: 168839111 | B92: yamen Di | C92: 68111242 | D92: 68037975 | E92: 331437409 | F92: 379881606 | G92: =(35110+14289+63751)*100 -> 11315000 | H92: =(7124+34725)*200 -> 8369800 | I92: 154999 | J92: 1362869 | K92: 20103632 | L92: 0.1251521 | M92: 0.22667826 | N92: 0.020009457 | O92: 0.07829916 | P92: 1.5644033 | Q92: 2.8022337 | R92: 1.6853004 | S92: Dead Weight
A93: 171982346 | B93: Melottus | C93: 64238134 | D93: 60460232 | E93: 94657889 | F93: 114241869 | G93: TBA | H93: TBA | I93: 833413 | J93: -7263450 | K93: 19583980 | L93: 0.12450824 | M93: 0.0097998398 | N93: -0.11307069 | O93: 0.077796604 | P93: 1.5614997 | Q93: 1.2247505 | R93: 1.6809019 | S93: Dead Weight
A94: 62691192 | B94: Siyempi | C94: 85309400 | D94: 84110000 | E94: 461652502 | F94: 493890655 | G94: 0 | H94: =(44430+190795+28346)*200 -> 52714200 | I94: 263571 | J94: -2093310 | K94: 32238153 | L94: 0.11018249 | M94: 0.35150136 | N94: -0.024537859 | O94: 0.072114334 | P94: 1.4968943 | Q94: 3.7101448 | R94: 1.6311688 | S94: Dead Weight
A95: 145023737 | B95: ᵁᴺLiu D | C95: 45675846 | D95: 36105379 | E95: 151987441 | F95: 159332503 | G95: TBA | H95: TBA | I95: 2266069 | J95: -11080728 | K95: 7345062 | L95: 0.09927505 | M95: 0.068210639 | N95: -0.24259492 | O95: 0.061483514 | P95: 1.4477046 | Q95: 1.6496063 | R95: 1.5381243 | S95: Dead Weight
A96: 171806191 | B96: Kurvernööri | C96: 65703697 | D96: 66780889 | E96: 201096519 | F96: 215988969 | G96: TBA | H96: TBA | I96: 45864 | J96: -1651376 | K96: 14892450 | L96: 0.090620745 | M96: 0.0005163984 | N96: -0.025133685 | O96: 0.056775996 | P96: 1.4086759 | Q96: 1.1572266 | R96: 1.4969225 | S96: Dead Weight
A97: 144065460 | B97: TitanMARU | C97: 63571057 | D97: 51213911 | E97: 102470409 | F97: 116386789 | G97: =(559086+484208)*100 -> 104329400 | H97: =(104554+423325)*200 -> 105575800 | I97: 1833097 | J97: -14091379 | K97: 13916380 | L97: 0.089449648 | M97: 2.4953841 | N97: -0.22166344 | O97: 0.055854341 | P97: 1.4033946 | Q97: 19.303854 | R97: 1.4888559 | S97: Dead Weight
A98: 171922856 | B98: ᵁᴺroimee | C98: 40860442 | D98: 41906506 | E98: 68587648 | F98: 73341659 | G98: TBA | H98: TBA | I98: 326111 | J98: -37565 | K98: 4754011 | L98: 0.081429172 | M98: 0.015821324 | N98: -0.00091934884 | O98: 0.051818682 | P98: 1.3672243 | Q98: 1.2685482 | R98: 1.4535344 | S98: Dead Weight
A99: 7887352 | B99: Bавилoн | C99: 72139866 | D99: 74056146 | E99: 2179492200 | F99: 2194116467 | G99: TBA | H99: TBA | I99: 32272 | J99: 1432960 | K99: 14624267 | L99: 0.073775537 | M99: 0.00030390715 | N99: 0.019863635 | O99: 0.046820064 | P99: 1.3327084 | Q99: 1.155681 | R99: 1.4097849 | S99: Dead Weight
A100: 163138873 | B100: Mictlan Tecutli | C100: 53038395 | D100: 58442316 | E100: 112624767 | F100: 120508187 | G100: TBA | H100: TBA | I100: 26737 | J100: 2993629 | K100: 7779420 | L100: 0.072703608 | M100: 0.00047855024 | N100: 0.056442677 | O100: 0.044702603 | P100: 1.3278743 | Q100: 1.1569513 | R100: 1.3912521 | S100: Dead Weight
...

Sheet Kings Land Report
A1: Kings Land Report (2 - 10 January 2026)
A2: Basic Data | I2: Requirements | K2: Player Goal | L2: Results | U2: Player Progress | X2: Rank
A3: Governor ID | B3: Name | C3: Power | D3: KP | E3: KL KP Gained | F3: KL T4 Kills | G3: KL T5 Kills | H3: KL Dead | I3: Minimum KP | J3: Minimum Dead | K3: KP Goal | L3: T1 Trade? | M3: Total T4 Kills | N3: Total T5 Kills | O3: Total Kills | P3: Total T4 Dead *100 | Q3: Total T5 Dead *200 | R3: Total Dead | S3: Total Power Diff | T3: Total KP Gained | U3: % Min KP | V3: % Min Dead | W3: % Goal | X3: Goal | Y3: KP Gained
A4: 11726598 | B4: ᵁᴺLazy Catツ | C4: 81190185 | D4: 9465326822 | E4: 651452062 | F4: 2609562 | G4: 31266506 | H4: 52769 | I4: 3.013558e+08 | J4: 1.5378933e+08 | K4: 4.59306e+08 | L4: 11467 | M4: 7605758 | N4: 92854954 | O4: 100460712 | P4: =991*100 -> 99100 | Q4: =(142364+167408+186462)*200 -> 99246800 | R4: 497227 | S4: -7771235 | T4: 1933204193 | U4: 6.4150225 | V4: 0.65 | W4: 4.2089679 | X4: =RANK(W4,($W$4:$W$181),0)+COUNTIF($W$4:W4,W4)-1 -> 1 | Y4: =RANK(T4,($T$4:$T$181),0)+COUNTIF($T$4:T4,T4)-1 -> 1
A5: 169446444 | B5: ᵁᴺLiwenツ | C5: 56077624 | D5: 1251807736 | E5: 114506121 | F5: 475504 | G5: 5487549 | H5: 112183 | I5: 1.268709e+08 | J5: 67952655 | K5: 2.0529172e+08 | L5: 12811 | M5: 1857586 | N5: 23920409 | O5: 25777995 | P5: =(317535+154889+739)*100 -> 47316300 | Q5: =(240580+247983)*200 -> 97712600 | R5: 1041820 | S5: -5433506 | T5: 497018978 | U5: 3.9175176 | V5: 2.13 | W5: 2.4210376 | X5: =RANK(W5,($W$4:$W$181),0)+COUNTIF($W$4:W5,W5)-1 -> 2 | Y5: =RANK(T5,($T$4:$T$181),0)+COUNTIF($T$4:T5,T5)-1 -> 8
A6: 169326547 | B6: ᵁᴺSexyRickツ | C6: 63184807 | D6: 3507155636 | E6: 156027813 | F6: 655064 | G6: 7473724 | H6: 322665 | I6: 1.7974677e+08 | J6: 96860127 | K6: 2.8520507e+08 | L6: 242130 | M6: 2878224 | N6: 28598850 | O6: 31477074 | P6: =(8381+407048+45660)*100 -> 46108900 | Q6: =583246*200 -> 116649200 | R6: 1329070 | S6: -7293654 | T6: 600918042 | U6: 3.3431369 | V6: 1.68 | W6: 2.1069683 | X6: =RANK(W6,($W$4:$W$181),0)+COUNTIF($W$4:W6,W6)-1 -> 3 | Y6: =RANK(T6,($T$4:$T$181),0)+COUNTIF($T$4:T6,T6)-1 -> 5
A7: 2463403 | B7: ᵁᴺHeliosツ | C7: 81194190 | D7: 8053097772 | E7: 372214629 | F7: 1495722 | G7: 17862555 | H7: 438196 | I7: 3.3338677e+08 | J7: 1.6747728e+08 | K7: 5.038375e+08 | L7: 15374 | M7: 4155690 | N7: 41538522 | O7: 45694212 | P7: 0 | Q7: =(454389+515925+195158)*200 -> 233094400 | R7: 1165472 | S7: -12771690 | T7: 872336755 | U7: 2.6165908 | V7: 1.39 | W7: 1.7313851 | X7: =RANK(W7,($W$4:$W$181),0)+COUNTIF($W$4:W7,W7)-1 -> 4 | Y7: =RANK(T7,($T$4:$T$181),0)+COUNTIF($T$4:T7,T7)-1 -> 2
A8: 153857025 | B8: GAGS | C8: 61416348 | D8: 1062839116 | E8: 184182576 | F8: 1683679 | G8: 8366403 | H8: 524987 | I8: 1.5172133e+08 | J8: 82017909 | K8: 2.433354e+08 | L8: 62893 | M8: 2778876 | N8: 18866668 | O8: 21645544 | P8: =(298559+325605+375178)*100 -> 99934200 | Q8: =(84845+74689+24307)*200 -> 36768200 | R8: 1183184 | S8: -3925465 | T8: 405157574 | U8: 2.6704062 | V8: 1.67 | W8: 1.665017 | X8: =RANK(W8,($W$4:$W$181),0)+COUNTIF($W$4:W8,W8)-1 -> 5 | Y8: =RANK(T8,($T$4:$T$181),0)+COUNTIF($T$4:T8,T8)-1 -> 14
A9: 172021868 | B9: ᵁᴺAnshii | C9: 68361630 | D9: 1119055615 | E9: 136533340 | F9: 610991 | G9: 6521170 | H9: 261125 | I9: 1.9131007e+08 | J9: 1.027356e+08 | K9: 3.0222852e+08 | L9: 6276 | M9: 1597117 | N9: 21992177 | O9: 23589294 | P9: =4594*100 -> 459400 | Q9: =(448073+291469+53482)*200 -> 158604800 | R9: 788386 | S9: -3605490 | T9: 455819059 | U9: 2.3826193 | V9: 1.55 | W9: 1.5081934 | X9: =RANK(W9,($W$4:$W$181),0)+COUNTIF($W$4:W9,W9)-1 -> 6 | Y9: =RANK(T9,($T$4:$T$181),0)+COUNTIF($T$4:T9,T9)-1 -> 9
A10: 67071592 | B10: ᵁᴺ乄Bツ | C10: 81967002 | D10: 10363196103 | E10: 221753397 | F10: 1509116 | G10: 10317842 | H10: 237106 | I10: 2.8417475e+08 | J10: 1.4626924e+08 | K10: 4.3523924e+08 | L10: 225404 | M10: 3568069 | N10: 30628513 | O10: 34196582 | P10: =(50005+807)*100 -> 5081200 | Q10: =(304626+118806+353116+9858)*200 -> 157281200 | R10: 837218 | S10: -5727042 | T10: 648565277 | U10: 2.2822762 | V10: 1.11 | W10: 1.4901351 | X10: =RANK(W10,($W$4:$W$181),0)+COUNTIF($W$4:W10,W10)-1 -> 7 | Y10: =RANK(T10,($T$4:$T$181),0)+COUNTIF($T$4:T10,T10)-1 -> 4
A11: 146428825 | B11: Ray i | C11: 61074272 | D11: 1989393617 | E11: 106168932 | F11: 5684284 | G11: 2442829 | H11: 403983 | I11: 1.7705311e+08 | J11: 95472338 | K11: 2.8122011e+08 | L11: 2692153 | M11: 12110224 | N11: 12717522 | O11: 24827746 | P11: 0 | Q11: =(225876+875895)*200 -> 220354200 | R11: 1074942 | S11: -10062251 | T11: 377738433 | U11: 2.1334752 | V11: 2.31 | W11: 1.3432128 | X11: =RANK(W11,($W$4:$W$181),0)+COUNTIF($W$4:W11,W11)-1 -> 8 | Y11: =RANK(T11,($T$4:$T$181),0)+COUNTIF($T$4:T11,T11)-1 -> 15
A12: 74556991 | B12: 乄Narcissus | C12: 70819870 | D12: 2836706401 | E12: 152631917 | F12: 685620 | G12: 7288603 | H12: 72875 | I12: 2.7018755e+08 | J12: 1.4004413e+08 | K12: 4.1554191e+08 | L12: 52658 | M12: 2715095 | N12: 25600717 | O12: 28315812 | P12: =(12804+47104+23429)*100 -> 8333700 | Q12: =(398680+521519+374643)*200 -> 258968400 | R12: 1378210 | S12: -14216299 | T12: 539208126 | U12: 1.9956809 | V12: 1.91 | W12: 1.2976023 | X12: =RANK(W12,($W$4:$W$181),0)+COUNTIF($W$4:W12,W12)-1 -> 9 | Y12: =RANK(T12,($T$4:$T$181),0)+COUNTIF($T$4:T12,T12)-1 -> 7
A13: 171355737 | B13: ᵁᴺUğur Jr | ShүNøX ゎ | C13: 61351576 | D13: 731073190 | E13: 74863470 | F13: 405353 | G13: 3540497 | H13: 13106 | I13: 1.9317947e+08 | J13: 1.0367358e+08 | K13: 3.0496859e+08 | L13: 1102536 | M13: 11343937 | N13: 12935530 | O13: 24279467 | P13: =(4964+58058+6513)*100 -> 6953500 | Q13: =(559543+528711+424100)*200 -> 302470800 | R13: 1569007 | S13: -13922823 | T13: 375428381 | U13: 1.9434176 | V13: 2.98 | W13: 1.2310395 | X13: =RANK(W13,($W$4:$W$181),0)+COUNTIF($W$4:W13,W13)-1 -> 10 | Y13: =RANK(T13,($T$4:$T$181),0)+COUNTIF($T$4:T13,T13)-1 -> 16
A14: 64966340 | B14: ᵁᴺPisontije | C14: 95427085 | D14: 5019865662 | E14: 155994243 | F14: 1002682 | G14: 7298251 | H14: 73109 | I14: 4.7030265e+08 | J14: 2.2230328e+08 | K14: 6.9045112e+08 | L14: 114352 | M14: 4703824 | N14: 40140086 | O14: 44843910 | P14: 0 | Q14: =(445238+525289+381360)*200 -> 270377400 | R14: 1351888 | S14: -15120651 | T14: 849918535 | U14: 1.8071736 | V14: 1.22 | W14: 1.2309612 | X14: =RANK(W14,($W$4:$W$181),0)+COUNTIF($W$4:W14,W14)-1 -> 11 | Y14: =RANK(T14,($T$4:$T$181),0)+COUNTIF($T$4:T14,T14)-1 -> 3
A15: 171503078 | B15: メCalメ | C15: 70774961 | D15: 1481376399 | E15: 122896415 | F15: 1443697 | G15: 5422712 | H15: 227441 | I15: 2.2599923e+08 | J15: 1.196685e+08 | K15: 3.5259476e+08 | L15: 30552 | M15: 2280219 | N15: 19216018 | O15: 21496237 | P15: =(267470+264758)*100 -> 53222800 | Q15: =(98957+193316+81039)*200 -> 74662400 | R15: 905541 | S15: -9936221 | T15: 407135727 | U15: 1.8014916 | V15: 1.07 | W15: 1.1546846 | X15: =RANK(W15,($W$4:$W$181),0)+COUNTIF($W$4:W15,W15)-1 -> 12 | Y15: =RANK(T15,($T$4:$T$181),0)+COUNTIF($T$4:T15,T15)-1 -> 13
A16: 98107237 | B16: 亗 Intersect | C16: 69457009 | D16: 2827549678 | E16: 234182386 | F16: 1322265 | G16: 11047986 | H16: 688146 | I16: 2.786628e+08 | J16: 1.4382762e+08 | K16: 4.2748878e+08 | L16: 28240 | M16: 2253679 | N16: 20852140 | O16: 23105819 | P16: 0 | Q16: =(649579+281327+391560)*200 -> 264493200 | R16: 1326419 | S16: -15194833 | T16: 439585462 | U16: 1.5774817 | V16: 1.84 | W16: 1.0282971 | X16: =RANK(W16,($W$4:$W$181),0)+COUNTIF($W$4:W16,W16)-1 -> 13 | Y16: =RANK(T16,($T$4:$T$181),0)+COUNTIF($T$4:T16,T16)-1 -> 10
A17: 27578537 | B17: Luki92 | C17: 78226207 | D17: 3273577513 | E17: 139193064 | F17: 1243297 | G17: 6335327 | H17: 452271 | I17: 2.9795937e+08 | J17: 1.5231321e+08 | K17: 4.5455901e+08 | L17: 197533 | M17: 2515984 | N17: 20261483 | O17: 22777467 | P17: =(4450+17994+4318)*100 -> 2676200 | Q17: =(254079+877349+122080+45)*200 -> 250710600 | R17: 1295498 | S17: -14094162 | T17: 430527006 | U17: 1.4449185 | V17: 1.66 | W17: 0.94713116 | X17: =RANK(W17,($W$4:$W$181),0)+COUNTIF($W$4:W17,W17)-1 -> 14 | Y17: =RANK(T17,($T$4:$T$181),0)+COUNTIF($T$4:T17,T17)-1 -> 12
A18: 171604682 | B18: ᵁᴺDaddyツ | ᵁᴺPraMaツ | C18: 64841606 | D18: 1356696374 | E18: 65611255 | F18: 787468 | G18: 2885915 | H18: 171865 | I18: 1.9947882e+08 | J18: 1.0681135e+08 | K18: 3.1417856e+08 | L18: 268731 | M18: 4272984 | N18: 11661122 | O18: 15934106 | P18: =233*100 -> 23300 | Q18: =(368776+356347+176352)*200 -> 180295000 | R18: 901708 | S18: -8514476 | T18: 276047386 | U18: 1.3838431 | V18: 1.69 | W18: 0.87863215 | X18: =RANK(W18,($W$4:$W$181),0)+COUNTIF($W$4:W18,W18)-1 -> 15 | Y18: =RANK(T18,($T$4:$T$181),0)+COUNTIF($T$4:T18,T18)-1 -> 18
A19: 141154852 | B19: 亗Zolotashkoツ | C19: 67250544 | D19: 2725799737 | E19: 47185956 | F19: 1271840 | G19: 1715696 | H19: 79304 | I19: 2.2871987e+08 | J19: 1.2095813e+08 | K19: 3.5650598e+08 | L19: 1269151 | M19: 9290256 | N19: 9842819 | O19: 19133075 | P19: =(145076+374041+128203)*100 -> 64732000 | Q19: =(197777+646727+375612)*200 -> 244023200 | R19: 1582869 | S19: -10968599 | T19: 294000670 | U19: 1.2854181 | V19: 2.55 | W19: 0.82467247 | X19: =RANK(W19,($W$4:$W$181),0)+COUNTIF($W$4:W19,W19)-1 -> 16 | Y19: =RANK(T19,($T$4:$T$181),0)+COUNTIF($T$4:T19,T19)-1 -> 17
A20: 55242490 | B20: R7R7 | C20: 68536876 | D20: 1020831674 | E20: 54310711 | F20: 659803 | G20: 2385395 | H20: 131029 | I20: 1.782472e+08 | J20: 96088466 | K20: 2.8298756e+08 | L20: 924169 | M20: 3562401 | N20: 9615766 | O20: 13178167 | P20: =(293674+11780+183290)*100 -> 48874400 | Q20: =(5467+251835+1494)*200 -> 51759200 | R20: 747540 | S20: -3723150 | T20: 228136054 | U20: 1.2798858 | V20: 1.05 | W20: 0.8061699 | X20: =RANK(W20,($W$4:$W$181),0)+COUNTIF($W$4:W20,W20)-1 -> 17 | Y20: =RANK(T20,($T$4:$T$181),0)+COUNTIF($T$4:T20,T20)-1 -> 20
A21: 62576249 | B21: ᵁᴺUğur | C21: 88269654 | D21: 3707959639 | E21: 114536720 | F21: 1173591 | G21: 5137563 | H21: 455482 | I21: 3.81334e+08 | J21: 1.8727869e+08 | K21: 5.6979885e+08 | L21: 79797 | M21: 2568006 | N21: 20236685 | O21: 22804691 | P21: 0 | Q21: =(670578+451182+95228)*200 -> 243397600 | R21: 1216988 | S21: -8994174 | T21: 430594331 | U21: 1.129179 | V21: 1.3 | W21: 0.75569534 | X21: =RANK(W21,($W$4:$W$181),0)+COUNTIF($W$4:W21,W21)-1 -> 18 | Y21: =RANK(T21,($T$4:$T$181),0)+COUNTIF($T$4:T21,T21)-1 -> 11
A22: 181734011 | B22: CABJLorena | C22: 29343046 | D22: 84623892 | E22: 21361639 | F22: 751904 | G22: 690098 | H22: 652278 | I22: 35739519 | J22: -3000831.1 | K22: 46127859 | L22: 15746 | M22: 1052604 | N22: 1061579 | O22: 2114183 | P22: =(287371+622904+24776)*100 -> 93505100 | Q22: 0 | R22: 935052 | S22: -2409586 | T22: 31808583 | U22: 0.8900115 | V22: 3 | W22: 0.68957423 | X22: =RANK(W22,($W$4:$W$181),0)+COUNTIF($W$4:W22,W22)-1 -> 19 | Y22: =RANK(T22,($T$4:$T$181),0)+COUNTIF($T$4:T22,T22)-1 -> 77
A23: 143612450 | B23: NT ĐVL1 | C23: 41172361 | D23: 553982957 | E23: 46796141 | F23: 381642 | G23: 2148977 | H23: 263919 | I23: 64807152 | J23: 26020479 | K23: 1.033764e+08 | L23: 21 | M23: 458922 | N23: 3190031 | O23: 3648953 | P23: =(165324+236062+11503)*100 -> 41288900 | Q23: 0 | R23: 421756 | S23: -3739808 | T23: 68390021 | U23: 1.0552851 | V23: 1.59 | W23: 0.66156318 | X23: =RANK(W23,($W$4:$W$181),0)+COUNTIF($W$4:W23,W23)-1 -> 20 | Y23: =RANK(T23,($T$4:$T$181),0)+COUNTIF($T$4:T23,T23)-1 -> 52
A24: 168455139 | B24: ᵁᴺOdin | C24: 95168121 | D24: 3144833587 | E24: 193618657 | F24: 1665902 | G24: 8847976 | H24: 793645 | I24: 6.0386618e+08 | J24: 2.7183449e+08 | K24: 8.684867e+08 | L24: 34 | M24: 3268831 | N24: 25566427 | O24: 28835258 | P24: =5132*100 -> 513200 | Q24: =(522814+1418209+389300)*200 -> 466064600 | R24: 2335455 | S24: -25945050 | T24: 544021564 | U24: 0.90089755 | V24: 1.72 | W24: 0.62640172 | X24: =RANK(W24,($W$4:$W$181),0)+COUNTIF($W$4:W24,W24)-1 -> 21 | Y24: =RANK(T24,($T$4:$T$181),0)+COUNTIF($T$4:T24,T24)-1 -> 6
A25: 48741756 | B25: ᵁᴺ・ Maka | C25: 73738028 | D25: 3122497864 | E25: 100849746 | F25: 1046816 | G25: 4519031 | H25: 543917 | I25: 2.7446638e+08 | J25: 1.4195878e+08 | K25: 4.2157801e+08 | L25: 110799 | M25: 2226232 | N25: 11314663 | O25: 13540895 | P25: =4389*100 -> 438900 | Q25: =(359671+844563+89514)*200 -> 258749600 | R25: 1298138 | S25: -11547705 | T25: 248582558 | U25: 0.90569401 | V25: 1.83 | W25: 0.58964783 | X25: =RANK(W25,($W$4:$W$181),0)+COUNTIF($W$4:W25,W25)-1 -> 22 | Y25: =RANK(T25,($T$4:$T$181),0)+COUNTIF($T$4:T25,T25)-1 -> 19
A26: 171697263 | B26: ᵁᴺFiLLer97 | C26: 55468774 | D26: 419441559 | E26: 19192589 | F26: 480219 | G26: 719414 | H26: 582376 | I26: 70833785 | J26: 30808293 | K26: 1.1399904e+08 | L26: 16947 | M26: 1070585 | N26: 2701106 | O26: 3771691 | P26: =(388009+830514+253235)*100 -> 147175800 | Q26: =(369+422367)*200 -> 84547200 | R26: 1894494 | S26: 9135678 | T26: 64756225 | U26: 0.9141997 | V26: 7.52 | W26: 0.56804182 | X26: =RANK(W26,($W$4:$W$181),0)+COUNTIF($W$4:W26,W26)-1 -> 23 | Y26: =RANK(T26,($T$4:$T$181),0)+COUNTIF($T$4:T26,T26)-1 -> 53
A27: 169672885 | B27: H ム I D E R | C27: 48998691 | D27: 428904904 | E27: 27726597 | F27: 289420 | G27: 1241585 | H27: 471761 | I27: 1.0222009e+08 | J27: 52820982 | K27: 1.6635739e+08 | L27: 46961 | M27: 891218 | N27: 4209003 | O27: 5100221 | P27: =(411015+162877+373018+920)*100 -> 94783000 | Q27: =(2257+201008)*200 -> 40653000 | R27: 1211453 | S27: -6217242 | T27: 93103726 | U27: 0.91081634 | V27: 2.56 | W27: 0.55966091 | X27: =RANK(W27,($W$4:$W$181),0)+COUNTIF($W$4:W27,W27)-1 -> 24 | Y27: =RANK(T27,($T$4:$T$181),0)+COUNTIF($T$4:T27,T27)-1 -> 42
A28: 172029365 | B28: ᵁᴺCTAMツ | C28: 37413149 | D28: 171300154 | E28: 16228012 | F28: 467386 | G28: 576055 | H28: 745078 | I28: 58412924 | J28: 20638886 | K28: 91799772 | L28: 22014 | M28: 1009684 | N28: 1954585 | O28: 2964269 | P28: =(211682+463137+99704)*100 -> 77452300 | Q28: 0 | R28: 1409264 | S28: -4158699 | T28: 49283375 | U28: 0.8437067 | V28: 3.75 | W28: 0.53685727 | X28: =RANK(W28,($W$4:$W$181),0)+COUNTIF($W$4:W28,W28)-1 -> 25 | Y28: =RANK(T28,($T$4:$T$181),0)+COUNTIF($T$4:T28,T28)-1 -> 59
A29: 120029911 | B29: Ħeřr Şimôñ | C29: 64051644 | D29: 1005139677 | E29: 36448559 | F29: 1048455 | G29: 1289829 | H29: 258031 | I29: 2.0195433e+08 | J29: 1.0803504e+08 | K29: 3.1778836e+08 | L29: 861398 | M29: 2540709 | N29: 6965504 | O29: 9506213 | P29: =2618*100 -> 261800 | Q29: =(326056+492691+88034+21701)*200 -> 185696400 | R29: 931073 | S29: -12047486 | T29: 164912232 | U29: 0.81658179 | V29: 1.72 | W29: 0.51893729 | X29: =RANK(W29,($W$4:$W$181),0)+COUNTIF($W$4:W29,W29)-1 -> 26 | Y29: =RANK(T29,($T$4:$T$181),0)+COUNTIF($T$4:T29,T29)-1 -> 24
A30: 171491377 | B30: ᵀᵒᴿQuyet | C30: 70418750 | D30: 522106936 | E30: 59962087 | F30: 685612 | G30: 2654441 | H30: 215112 | I30: 1.9865335e+08 | J30: 1.0640215e+08 | K30: 3.1297369e+08 | L30: 81001 | M30: 1669124 | N30: 7152182 | O30: 8821306 | P30: =(80390+380585+124632)*100 -> 58560700 | Q30: =(39531+53795+84280)*200 -> 35521200 | R30: 763236 | S30: -2468189 | T30: 159829011 | U30: 0.80456238 | V30: 0.88 | W30: 0.51067875 | X30: =RANK(W30,($W$4:$W$181),0)+COUNTIF($W$4:W30,W30)-1 -> 27 | Y30: =RANK(T30,($T$4:$T$181),0)+COUNTIF($T$4:T30,T30)-1 -> 25
A31: 176044158 | B31: メSuper Manメ | C31: 42667600 | D31: 131159590 | E31: 18119267 | F31: 479611 | G31: 666033 | H31: 841610 | I31: 76912270 | J31: 35410929 | K31: 1.2448348e+08 | L31: 25477 | M31: 746514 | N31: 2620090 | O31: 3366604 | P31: =(682721+796767+393239)*100 -> 187272700 | Q31: 0 | R31: 1872727 | S31: -4898298 | T31: 59886027 | U31: 0.77862774 | V31: 5.29 | W31: 0.48107611 | X31: =RANK(W31,($W$4:$W$181),0)+COUNTIF($W$4:W31,W31)-1 -> 28 | Y31: =RANK(T31,($T$4:$T$181),0)+COUNTIF($T$4:T31,T31)-1 -> 55
A32: 171609840 | B32: KaizerX | C32: 61633448 | D32: 587705450 | E32: 59013377 | F32: 514910 | G32: 2693175 | H32: 214022 | I32: 1.5903689e+08 | J32: 85983854 | K32: 2.5435771e+08 | L32: 3884 | M32: 807120 | N32: 5641466 | O32: 6448586 | P32: =(105160+18569)*100 -> 12372900 | Q32: =(141153+185740+59395)*200 -> 77257600 | R32: 510018 | S32: -6493909 | T32: 120901297 | U32: 0.76020913 | V32: 1.04 | W32: 0.47531995 | X32: =RANK(W32,($W$4:$W$181),0)+COUNTIF($W$4:W32,W32)-1 -> 29 | Y32: =RANK(T32,($T$4:$T$181),0)+COUNTIF($T$4:T32,T32)-1 -> 34
A33: 190550149 | B33: Lach Zielas | C33: 22930329 | D33: 37364211 | E33: 330520 | F33: 0 | G33: 16526 | H33: 0 | I33: 24455225 | J33: -25161462 | K33: 12853530 | L33: 449491 | M33: 334700 | N33: 117403 | O33: 452103 | P33: TBA | Q33: TBA | R33: 108346 | S33: 1132386 | T33: 6101114 | U33: 0.249481 | V33: -0.0043060296 | W33: 0.47466449 | X33: =RANK(W33,($W$4:$W$181),0)+COUNTIF($W$4:W33,W33)-1 -> 30 | Y33: =RANK(T33,($T$4:$T$181),0)+COUNTIF($T$4:T33,T33)-1 -> 100
A34: 172033754 | B34: Dreckschlumpf | C34: 65852776 | D34: 484872769 | E34: 50594905 | F34: 3799923 | G34: 426013 | H34: 406987 | I34: 1.9196546e+08 | J34: 1.0306481e+08 | K34: 3.0318953e+08 | L34: 1268596 | M34: 6885095 | N34: 3136709 | O34: 10021804 | P34: =(42145+170778+222458)*100 -> 43538100 | Q34: =(139012+695322+5805)*200 -> 168027800 | R34: 1280063 | S34: -7214514 | T34: 136229282 | U34: 0.70965517 | V34: 2.05 | W34: 0.44932053 | X34: =RANK(W34,($W$4:$W$181),0)+COUNTIF($W$4:W34,W34)-1 -> 31 | Y34: =RANK(T34,($T$4:$T$181),0)+COUNTIF($T$4:T34,T34)-1 -> 29
A35: 170728362 | B35: 乂 マoddi 乂 | C35: 55156572 | D35: 523973532 | E35: 27541001 | F35: 499307 | G35: 1127310 | H35: 366956 | I35: 1.5990137e+08 | J35: 86447926 | K35: 2.5565557e+08 | L35: 3072 | M35: 1189580 | N35: 4992621 | O35: 6182201 | P35: =(68191+110356+185158)*100 -> 36370500 | Q35: =(197300+529032+238187)*200 -> 192903800 | R35: 1328224 | S35: -11836533 | T35: 111755091 | U35: 0.69890013 | V35: 2.65 | W35: 0.43713145 | X35: =RANK(W35,($W$4:$W$181),0)+COUNTIF($W$4:W35,W35)-1 -> 32 | Y35: =RANK(T35,($T$4:$T$181),0)+COUNTIF($T$4:T35,T35)-1 -> 37
A36: 170866748 | B36: Tzilacatzin | C36: 68876564 | D36: 640450638 | E36: 49163028 | F36: 303979 | G36: 2306135 | H36: 508039 | I36: 2.2282587e+08 | J36: 1.1815779e+08 | K36: 3.4802611e+08 | L36: 772 | M36: 1118293 | N36: 6638068 | O36: 7756361 | P36: =(262228+256152+221290+43461)*100 -> 78313100 | Q36: =15241*200 -> 3048200 | R36: 798373 | S36: -9394127 | T36: 143944841 | U36: 0.64599699 | V36: 0.69 | W36: 0.41360357 | X36: =RANK(W36,($W$4:$W$181),0)+COUNTIF($W$4:W36,W36)-1 -> 33 | Y36: =RANK(T36,($T$4:$T$181),0)+COUNTIF($T$4:T36,T36)-1 -> 27
A37: 172041454 | B37: ᵁᴺSeckin34 | C37: 64561350 | D37: 518612647 | E37: 38875565 | F37: 680956 | G37: 1601602 | H37: 619288 | I37: 2.137132e+08 | J37: 1.1377924e+08 | K37: 3.3486579e+08 | L37: 8205 | M37: 1565179 | N37: 5857375 | O37: 7422554 | P37: 0 | Q37: =(651855+718042+210848)*200 -> 316149000 | R37: 1580745 | S37: -16223814 | T37: 132905021 | U37: 0.62188495 | V37: 2.78 | W37: 0.39689041 | X37: =RANK(W37,($W$4:$W$181),0)+COUNTIF($W$4:W37,W37)-1 -> 34 | Y37: =RANK(T37,($T$4:$T$181),0)+COUNTIF($T$4:T37,T37)-1 -> 32
A38: 169427770 | B38: ᵁᴺ Saxon | C38: 70123784 | D38: 811052722 | E38: 45025925 | F38: 745302 | G38: 1877719 | H38: 297530 | I38: 2.5354034e+08 | J38: 1.325028e+08 | K38: 3.919644e+08 | L38: 51660 | M38: 1960983 | N38: 6726324 | O38: 8687307 | P38: =(37232+23478+5077)*100 -> 6578700 | Q38: =(428201+760947+311770)*200 -> 300183600 | R38: 1567045 | S38: -11623156 | T38: 154190307 | U38: 0.60814902 | V38: 2.32 | W38: 0.39337835 | X38: =RANK(W38,($W$4:$W$181),0)+COUNTIF($W$4:W38,W38)-1 -> 35 | Y38: =RANK(T38,($T$4:$T$181),0)+COUNTIF($T$4:T38,T38)-1 -> 26
A39: 155534128 | B39: ŻŸŁÜĶ㋡ | C39: 61615659 | D39: 1106830933 | E39: 25913600 | F39: 605048 | G39: 993156 | H39: 346024 | I39: 1.7130204e+08 | J39: 92483595 | K39: 2.726859e+08 | L39: 43355 | M39: 1191311 | N39: 4739943 | O39: 5931254 | P39: =(88517+119295+123607+10929)*100 -> 34234800 | Q39: =(213875+163319+187053+27382)*200 -> 118325800 | R39: 933977 | S39: -6683348 | T39: 106720641 | U39: 0.62299689 | V39: 1.65 | W39: 0.39136838 | X39: =RANK(W39,($W$4:$W$181),0)+COUNTIF($W$4:W39,W39)-1 -> 36 | Y39: =RANK(T39,($T$4:$T$181),0)+COUNTIF($T$4:T39,T39)-1 -> 39
A40: 156479771 | B40: ᵁᴺSnowWoLF | C40: 74146500 | D40: 1686171829 | E40: 51308720 | F40: 466673 | G40: 2332096 | H40: 197094 | I40: 2.2508428e+08 | J40: 1.1923365e+08 | K40: 3.5127825e+08 | L40: 43 | M40: 824322 | N40: 6400707 | O40: 7225029 | P40: =(229719+6234)*100 -> 23595300 | Q40: =(76814+56300+7987)*200 -> 28220200 | R40: 377054 | S40: -5295874 | T40: 136257441 | U40: 0.60536187 | V40: 0.43 | W40: 0.38789034 | X40: =RANK(W40,($W$4:$W$181),0)+COUNTIF($W$4:W40,W40)-1 -> 37 | Y40: =RANK(T40,($T$4:$T$181),0)+COUNTIF($T$4:T40,T40)-1 -> 28
A41: 171701107 | B41: Vill Báalam | C41: 79703450 | D41: 622799072 | E41: 36117733 | F41: 217440 | G41: 1697160 | H41: 42270 | I41: 2.3593787e+08 | J41: 1.2435547e+08 | K41: 3.6685821e+08 | L41: 24 | M41: 521739 | N41: 6535417 | O41: 7057156 | P41: TBA | Q41: TBA | R41: 171782 | S41: 455432 | T41: 135925863 | U41: 0.57610871 | V41: 0.0013813787 | W41: 0.37051334 | X41: =RANK(W41,($W$4:$W$181),0)+COUNTIF($W$4:W41,W41)-1 -> 38 | Y41: =RANK(T41,($T$4:$T$181),0)+COUNTIF($T$4:T41,T41)-1 -> 30
A42: 145033056 | B42: Тiамат 义 | C42: 49233153 | D42: 490830169 | E42: 12901760 | F42: 58278 | G42: 615949 | H42: 57488 | I42: 1.016192e+08 | J42: 52433225 | K42: 1.6538914e+08 | L42: 8654 | M42: 902494 | N42: 2507085 | O42: 3409579 | P42: =(602274+532740+217530)*100 -> 135254400 | Q42: =51077*200 -> 10215400 | R42: 1403621 | S42: -5206994 | T42: 59220259 | U42: 0.58276644 | V42: 2.77 | W42: 0.35806618 | X42: =RANK(W42,($W$4:$W$181),0)+COUNTIF($W$4:W42,W42)-1 -> 39 | Y42: =RANK(T42,($T$4:$T$181),0)+COUNTIF($T$4:T42,T42)-1 -> 56
A43: 79650085 | B43: Keshiba ツ | C43: 81083559 | D43: 2020759923 | E43: 79164759 | F43: 773035 | G43: 3571287 | H43: 365046 | I43: 3.3437198e+08 | J43: 1.6789201e+08 | K43: 5.0520083e+08 | L43: 57295 | M43: 1720943 | N43: 7959471 | O43: 9680414 | P43: =(207490+61771+12478)*100 -> 28173900 | Q43: =(516840+423366+177710)*200 -> 223583200 | R43: 1399655 | S43: -13466230 | T43: 176471303 | U43: 0.52776942 | V43: 1.5 | W43: 0.34930921 | X43: =RANK(W43,($W$4:$W$181),0)+COUNTIF($W$4:W43,W43)-1 -> 40 | Y43: =RANK(T43,($T$4:$T$181),0)+COUNTIF($T$4:T43,T43)-1 -> 22
A44: 144109282 | B44: RiP2016 | C44: 71620257 | D44: 982048901 | E44: 57332269 | F44: 1564551 | G44: 2082848 | H44: 453736 | I44: 2.508529e+08 | J44: 1.3127092e+08 | K44: 3.8814352e+08 | L44: 324626 | M44: 2116819 | N44: 5635675 | O44: 7752494 | P44: =(961+58619+28244+17273)*100 -> 10509700 | Q44: =(160347+131759+91378+6289)*200 -> 77954600 | R44: 535193 | S44: -12077896 | T44: 133989197 | U44: 0.53413453 | V44: 0.67 | W44: 0.34520529 | X44: =RANK(W44,($W$4:$W$181),0)+COUNTIF($W$4:W44,W44)-1 -> 41 | Y44: =RANK(T44,($T$4:$T$181),0)+COUNTIF($T$4:T44,T44)-1 -> 31
A45: 171830779 | B45: Chocoツ | C45: 40347579 | D45: 218955360 | E45: 8048502 | F45: 249401 | G45: 277701 | H45: 165099 | I45: 54573936 | J45: 17223625 | K45: 84662483 | L45: 604 | M45: 542945 | N45: 1189081 | O45: 1732026 | P45: =(389429+357940+126650)*100 -> 87401900 | Q45: 0 | R45: 874019 | S45: -792463 | T45: 29214095 | U45: 0.53531223 | V45: 5.07 | W45: 0.34506542 | X45: =RANK(W45,($W$4:$W$181),0)+COUNTIF($W$4:W45,W45)-1 -> 42 | Y45: =RANK(T45,($T$4:$T$181),0)+COUNTIF($T$4:T45,T45)-1 -> 79
A46: 103336195 | B46: KIM J0NGᵁᴺ | C46: 91418782 | D46: 4059957776 | E46: 37888366 | F46: 177277 | G46: 1805685 | H46: 101659 | I46: 3.3126094e+08 | J46: 1.6658116e+08 | K46: 5.0089453e+08 | L46: 10102 | M46: 828891 | N46: 8222041 | O46: 9050932 | P46: 0 | Q46: =(200857+68173+211109)*200 -> 96027800 | R46: 480139 | S46: -2135154 | T46: 172732016 | U46: 0.52143792 | V46: 0.58 | W46: 0.34484708 | X46: =RANK(W46,($W$4:$W$181),0)+COUNTIF($W$4:W46,W46)-1 -> 43 | Y46: =RANK(T46,($T$4:$T$181),0)+COUNTIF($T$4:T46,T46)-1 -> 23
A47: 139292614 | B47: ᵁᴺGreb | C47: 58594144 | D47: 691788151 | E47: 6053420 | F47: 35014 | G47: 285164 | H47: 0 | I47: 1.4582633e+08 | J47: 78768776 | K47: 2.3439938e+08 | L47: 0 | M47: 527360 | N47: 3685909 | O47: 4213269 | P47: =(4172+195755+141799)*100 -> 34172600 | Q47: =(107680+575+518447)*200 -> 125340400 | R47: 1034952 | S47: -5705607 | T47: 78993690 | U47: 0.54169704 | V47: 2.03 | W47: 0.33700469 | X47: =RANK(W47,($W$4:$W$181),0)+COUNTIF($W$4:W47,W47)-1 -> 44 | Y47: =RANK(T47,($T$4:$T$181),0)+COUNTIF($T$4:T47,T47)-1 -> 48
A48: 156339380 | B48: ᵁᴺᴋᴀʏシ | C48: 63221994 | D48: 665398768 | E48: 50931531 | F48: 963858 | G48: 2064618 | H48: 583134 | I48: 1.8902957e+08 | J48: 1.0158699e+08 | K48: 2.9888148e+08 | L48: 2445 | M48: 1623808 | N48: 4132195 | O48: 5756003 | P48: 0 | Q48: =(361723+484329+308845+20886)*200 -> 235156600 | R48: 1142314 | S48: -8185260 | T48: 98886071 | U48: 0.52312487 | V48: 2.31 | W48: 0.33085379 | X48: =RANK(W48,($W$4:$W$181),0)+COUNTIF($W$4:W48,W48)-1 -> 45 | Y48: =RANK(T48,($T$4:$T$181),0)+COUNTIF($T$4:T48,T48)-1 -> 40
A49: 166110884 | B49: ᵁⁿ NąHƴ ジ | C49: 69798039 | D49: 888588070 | E49: 43252750 | F49: 197561 | G49: 2063857 | H49: 49653 | I49: 1.7728137e+08 | J49: 95590232 | K49: 2.8155809e+08 | L49: 38 | M49: 245661 | N49: 4528625 | O49: 4774286 | P49: =(57970+49653)*100 -> 10762300 | Q49: =284*200 -> 56800 | R49: 107907 | S49: 664829 | T49: 93029117 | U49: 0.52475404 | V49: 0.11 | W49: 0.33040826 | X49: =RANK(W49,($W$4:$W$181),0)+COUNTIF($W$4:W49,W49)-1 -> 46 | Y49: =RANK(T49,($T$4:$T$181),0)+COUNTIF($T$4:T49,T49)-1 -> 43
A50: 77394861 | B50: Ngacai | C50: 74833707 | D50: 2738681138 | E50: 52787601 | F50: 408010 | G50: 2435338 | H50: 472187 | I50: 2.656441e+08 | J50: 1.3800072e+08 | K50: 4.0912203e+08 | L50: 1038 | M50: 558845 | N50: 6364508 | O50: 6923353 | P50: =(418+4323+24)*100 -> 476500 | Q50: =(292692+264166+190746)*200 -> 149520800 | R50: 752662 | S50: -10503124 | T50: 132879353 | U50: 0.50021571 | V50: 1.09 | W50: 0.32479149 | X50: =RANK(W50,($W$4:$W$181),0)+COUNTIF($W$4:W50,W50)-1 -> 47 | Y50: =RANK(T50,($T$4:$T$181),0)+COUNTIF($T$4:T50,T50)-1 -> 33
A51: 169247313 | B51: ᵁᴺ Nizam | C51: 63827343 | D51: 496883885 | E51: 31971457 | F51: 181184 | G51: 1507889 | H51: 1518932 | I51: 2.2571963e+08 | J51: 1.1953568e+08 | K51: 3.521925e+08 | L51: 9721 | M51: 1253259 | N51: 4970257 | O51: 6223516 | P51: 0 | Q51: =(521806+570211+913838+13695)*200 -> 403910000 | R51: 2340123 | S51: -13479918 | T51: 112060989 | U51: 0.49646099 | V51: 3.38 | W51: 0.31818108 | X51: =RANK(W51,($W$4:$W$181),0)+COUNTIF($W$4:W51,W51)-1 -> 48 | Y51: =RANK(T51,($T$4:$T$181),0)+COUNTIF($T$4:T51,T51)-1 -> 36
A52: 169953509 | B52: Vega13 | C52: 47084625 | D52: 264139451 | E52: 16497196 | F52: 511832 | G52: 561413 | H52: 533428 | I52: 80045975 | J52: 37707733 | K52: 1.298115e+08 | L52: 89612 | M52: 969867 | N52: 1558290 | O52: 2528157 | P52: TBA | Q52: TBA | R52: 1273793 | S52: -2317804 | T52: 41040087 | U52: 0.51270644 | V52: 0.033780684 | W52: 0.3161514 | X52: =RANK(W52,($W$4:$W$181),0)+COUNTIF($W$4:W52,W52)-1 -> 49 | Y52: =RANK(T52,($T$4:$T$181),0)+COUNTIF($T$4:T52,T52)-1 -> 68
A53: 166497805 | B53: e s o r | C53: 72730516 | D53: 622436986 | E53: 31275030 | F53: 125149 | G53: 1501177 | H53: 12181 | I53: 2.3136048e+08 | J53: 1.2220501e+08 | K53: 3.6029727e+08 | L53: 0 | M53: 285485 | N53: 5393289 | O53: 5678774 | P53: 0 | Q53: =(257492+121526+126734)*200 -> 101150400 | R53: 505752 | S53: -8712333 | T53: 110720630 | U53: 0.47856329 | V53: 0.83 | W53: 0.30730355 | X53: =RANK(W53,($W$4:$W$181),0)+COUNTIF($W$4:W53,W53)-1 -> 50 | Y53: =RANK(T53,($T$4:$T$181),0)+COUNTIF($T$4:T53,T53)-1 -> 38
A54: 145408006 | B54: Adam23 | C54: 91681627 | D54: 1402880486 | E54: 56947047 | F54: 356622 | G54: 2668822 | H54: 167713 | I54: 4.3420617e+08 | J54: 2.0832781e+08 | K54: 6.4173803e+08 | L54: 79099 | M54: 1897414 | N54: 8721079 | O54: 10618493 | P54: TBA | Q54: TBA | R54: 1380043 | S54: -11778421 | T54: 193611888 | U54: 0.44589852 | V54: 0.0066243821 | W54: 0.30169926 | X54: =RANK(W54,($W$4:$W$181),0)+COUNTIF($W$4:W54,W54)-1 -> 51 | Y54: =RANK(T54,($T$4:$T$181),0)+COUNTIF($T$4:T54,T54)-1 -> 21
A55: 71613822 | B55: 㐅 Barto | C55: 72192572 | D55: 2174919522 | E55: 25360120 | F55: 356214 | G55: 1088754 | H55: 139413 | I55: 2.5987989e+08 | J55: 1.3539249e+08 | K55: 4.0096121e+08 | L55: 328210 | M55: 2090191 | N55: 4729248 | O55: 6819439 | P55: 0 | Q55: =(295774+468787+455074)*200 -> 243927000 | R55: 1219635 | S55: -10955870 | T55: 115606864 | U55: 0.44484728 | V55: 1.8 | W55: 0.28832431 | X55: =RANK(W55,($W$4:$W$181),0)+COUNTIF($W$4:W55,W55)-1 -> 52 | Y55: =RANK(T55,($T$4:$T$181),0)+COUNTIF($T$4:T55,T55)-1 -> 35
A56: 144618360 | B56: 亗 DONJAN 亗 | C56: 65788946 | D56: 300036548 | E56: 10831501 | F56: 194473 | G56: 444271 | H56: 265292 | I56: 90689127 | J56: 45184596 | K56: 1.475788e+08 | L56: 1754 | M56: 522798 | N56: 1862665 | O56: 2385463 | P56: =(240523+484332+192253)*100 -> 91710800 | Q56: =(1763+62415)*200 -> 12835600 | R56: 981286 | S56: 14550624 | T56: 42492515 | U56: 0.46855137 | V56: 2.31 | W56: 0.28793102 | X56: =RANK(W56,($W$4:$W$181),0)+COUNTIF($W$4:W56,W56)-1 -> 53 | Y56: =RANK(T56,($T$4:$T$181),0)+COUNTIF($T$4:T56,T56)-1 -> 63
A57: 169420296 | B57: madelene | C57: 49346694 | D57: 193082585 | E57: 8213794 | F57: 186446 | G57: 317465 | H57: 144737 | I57: 82381769 | J57: 39389509 | K57: 1.3375225e+08 | L57: 454 | M57: 436336 | N57: 1627186 | O57: 2063522 | P57: =(69995+150703+46439)*100 -> 26713700 | Q57: 0 | R57: 267137 | S57: -1335620 | T57: 36907205 | U57: 0.44800209 | V57: 0.68 | W57: 0.27593709 | X57: =RANK(W57,($W$4:$W$181),0)+COUNTIF($W$4:W57,W57)-1 -> 54 | Y57: =RANK(T57,($T$4:$T$181),0)+COUNTIF($T$4:T57,T57)-1 -> 73
A58: 170708608 | B58: OkBanSeChet | C58: 68178255 | D58: 321574218 | E58: 32948808 | F58: 310423 | G58: 1492071 | H58: 307846 | I58: 1.6486415e+08 | J58: 89094181 | K58: 2.6308814e+08 | L58: 7792 | M58: 622440 | N58: 3294728 | O58: 3917168 | P58: TBA | Q58: TBA | R58: 333224 | S58: -1048593 | T58: 72127746 | U58: 0.43749806 | V58: 0.003740132 | W58: 0.27415811 | X58: =RANK(W58,($W$4:$W$181),0)+COUNTIF($W$4:W58,W58)-1 -> 55 | Y58: =RANK(T58,($T$4:$T$181),0)+COUNTIF($T$4:T58,T58)-1 -> 51
A59: 168923934 | B59: ᵛᶰシSunシ | C59: 60504191 | D59: 642698403 | E59: 16222220 | F59: 57318 | G59: 782452 | H59: 84447 | I59: 1.8529474e+08 | J59: 99695305 | K59: 2.9338919e+08 | L59: 122108 | M59: 1318873 | N59: 3292131 | O59: 4611004 | P59: =(33782+147532+30691)*100 -> 21200500 | Q59: =(250964+111269)*200 -> 72446600 | R59: 574239 | S59: -11073541 | T59: 79192996 | U59: 0.42738934 | V59: 0.94 | W59: 0.26992473 | X59: =RANK(W59,($W$4:$W$181),0)+COUNTIF($W$4:W59,W59)-1 -> 56 | Y59: =RANK(T59,($T$4:$T$181),0)+COUNTIF($T$4:T59,T59)-1 -> 47
A60: 171972257 | B60: Steelite | C60: 68044866 | D60: 643791116 | E60: 30960688 | F60: 777706 | G60: 1159143 | H60: 409990 | I60: 1.9746263e+08 | J60: 1.0581085e+08 | K60: 3.1123464e+08 | L60: 201683 | M60: 1159878 | N60: 3248533 | O60: 4408411 | P60: =(93205+236638+13681)*100 -> 34352400 | Q60: =(100310+81481+20904)*200 -> 40539000 | R60: 546219 | S60: -7323102 | T60: 76873089 | U60: 0.38930449 | V60: 0.71 | W60: 0.246994 | X60: =RANK(W60,($W$4:$W$181),0)+COUNTIF($W$4:W60,W60)-1 -> 57 | Y60: =RANK(T60,($T$4:$T$181),0)+COUNTIF($T$4:T60,T60)-1 -> 50
A61: 161646318 | B61: ᵁᴺCesar82 | C61: 54122445 | D61: 258781694 | E61: 9809509 | F61: 409024 | G61: 285075 | H61: 293768 | I61: 1.1731327e+08 | J61: 62250023 | K61: 1.9036265e+08 | L61: 15933 | M61: 1341354 | N61: 1608601 | O61: 2949955 | P61: =(350178+819123+68542)*100 -> 123784300 | Q61: =(137724+464)*200 -> 27637600 | R61: 1376054 | S61: -3946047 | T61: 45649084 | U61: 0.38912124 | V61: 2.43 | W61: 0.23980063 | X61: =RANK(W61,($W$4:$W$181),0)+COUNTIF($W$4:W61,W61)-1 -> 58 | Y61: =RANK(T61,($T$4:$T$181),0)+COUNTIF($T$4:T61,T61)-1 -> 62
A62: 171679053 | B62: dilli | C62: 59848399 | D62: 218255292 | E62: 17261150 | F62: 174439 | G62: 775838 | H62: 120135 | I62: 1.3768394e+08 | J62: 74195727 | K62: 2.2197016e+08 | L62: 29 | M62: 554716 | N62: 2110599 | O62: 2665315 | P62: =(303847+283431+254465)*100 -> 84174300 | Q62: =(111268+18560+637)*200 -> 26093000 | R62: 1003721 | S62: -2521452 | T62: 47773175 | U62: 0.3469771 | V62: 1.49 | W62: 0.21522341 | X62: =RANK(W62,($W$4:$W$181),0)+COUNTIF($W$4:W62,W62)-1 -> 59 | Y62: =RANK(T62,($T$4:$T$181),0)+COUNTIF($T$4:T62,T62)-1 -> 60
A63: 64010776 | B63: ᵀᶜ Tequila | C63: 79357941 | D63: 2453038112 | E63: 26343032 | F63: 503813 | G63: 1060987 | H63: 109172 | I63: 2.9246598e+08 | J63: 1.4991497e+08 | K63: 4.4687031e+08 | L63: 571 | M63: 746776 | N63: 4363816 | O63: 5110592 | P63: =(1754+6610+1758)*100 -> 1012200 | Q63: =(39030+520414+140028)*200 -> 139894400 | R63: 720510 | S63: -6830656 | T63: 94829484 | U63: 0.32424107 | V63: 0.94 | W63: 0.21220807 | X63: =RANK(W63,($W$4:$W$181),0)+COUNTIF($W$4:W63,W63)-1 -> 60 | Y63: =RANK(T63,($T$4:$T$181),0)+COUNTIF($T$4:T63,T63)-1 -> 41
A64: 71152824 | B64: FIREWoLF | C64: 79054956 | D64: 1870976143 | E64: 22885440 | F64: 87650 | G64: 1100447 | H64: 0 | I64: 2.5410532e+08 | J64: 1.3276125e+08 | K64: 3.9276713e+08 | L64: 1 | M64: 301900 | N64: 3996480 | O64: 4298380 | P64: 0 | Q64: =(84545+72429+16312)*200 -> 34657200 | R64: 173286 | S64: -3375930 | T64: 82948600 | U64: 0.32643393 | V64: 0.26 | W64: 0.21119028 | X64: =RANK(W64,($W$4:$W$181),0)+COUNTIF($W$4:W64,W64)-1 -> 61 | Y64: =RANK(T64,($T$4:$T$181),0)+COUNTIF($T$4:T64,T64)-1 -> 45
A65: 63222201 | B65: AmiralMaximus | C65: 79638186 | D65: 1983198202 | E65: 9624766 | F65: 94897 | G65: 433741 | H65: 69919 | I65: 2.8576428e+08 | J65: 1.4697065e+08 | K65: 4.3747158e+08 | L65: 124485 | M65: 1107518 | N65: 4001204 | O65: 5108722 | P65: =35290*100 -> 3529000 | Q65: =(120152+370167+97307)*200 -> 117525200 | R65: 622916 | S65: -7653575 | T65: 91418502 | U65: 0.31990878 | V65: 0.82 | W65: 0.20897015 | X65: =RANK(W65,($W$4:$W$181),0)+COUNTIF($W$4:W65,W65)-1 -> 62 | Y65: =RANK(T65,($T$4:$T$181),0)+COUNTIF($T$4:T65,T65)-1 -> 44
A66: 145008495 | B66: SILVERHAND 乂 | C66: 53951737 | D66: 446860821 | E66: 7857007 | F66: 243508 | G66: 270270 | H66: 441823 | I66: 1.1644417e+08 | J66: 61721947 | K66: 1.8899546e+08 | L66: 442 | M66: 740461 | N66: 1479832 | O66: 2220293 | P66: TBA | Q66: TBA | R66: 1216719 | S66: -4308756 | T66: 37021082 | U66: 0.31792989 | V66: 0.019712907 | W66: 0.19588345 | X66: =RANK(W66,($W$4:$W$181),0)+COUNTIF($W$4:W66,W66)-1 -> 63 | Y66: =RANK(T66,($T$4:$T$181),0)+COUNTIF($T$4:T66,T66)-1 -> 72
A67: 171927851 | B67: ᵁᴺDompfX | C67: 71400952 | D67: 337185583 | E67: 17212120 | F67: 48972 | G67: 836120 | H67: 62 | I67: 1.8087241e+08 | J67: 97437854 | K67: 2.8686809e+08 | L67: 0 | M67: 193672 | N67: 2701574 | O67: 2895246 | P67: =(128056+28662)*100 -> 15671800 | Q67: =62*200 -> 12400 | R67: 156780 | S67: 153189 | T67: 55968200 | U67: 0.30943471 | V67: 0.16 | W67: 0.19510082 | X67: =RANK(W67,($W$4:$W$181),0)+COUNTIF($W$4:W67,W67)-1 -> 64 | Y67: =RANK(T67,($T$4:$T$181),0)+COUNTIF($T$4:T67,T67)-1 -> 57
A68: 171910225 | B68: ᵀᵒSirix8472 | C68: 64876210 | D68: 224651888 | E68: 0 | F68: 0 | G68: 0 | H68: 0 | I68: 1.5356004e+08 | J68: 83021409 | K68: 2.4611257e+08 | L68: 14080 | M68: 518891 | N68: 2120057 | O68: 2638948 | P68: =(15674+296396)*100 -> 31207000 | Q68: =222310*200 -> 44462000 | R68: 534466 | S68: -1846322 | T68: 47593228 | U68: 0.30993237 | V68: 0.91 | W68: 0.19337992 | X68: =RANK(W68,($W$4:$W$181),0)+COUNTIF($W$4:W68,W68)-1 -> 65 | Y68: =RANK(T68,($T$4:$T$181),0)+COUNTIF($T$4:T68,T68)-1 -> 61
A69: 171879011 | B69: Urkel94 | C69: 78300342 | D69: 405524065 | E69: 13098760 | F69: 94076 | G69: 607900 | H69: 249059 | I69: 2.6925372e+08 | J69: 1.3962502e+08 | K69: 4.1422331e+08 | L69: 140 | M69: 277684 | N69: 3858837 | O69: 4136521 | P69: 0 | Q69: =(415255+37624)*200 -> 90575800 | R69: 452879 | S69: -4719070 | T69: 79953608 | U69: 0.29694523 | V69: 0.65 | W69: 0.19302054 | X69: =RANK(W69,($W$4:$W$181),0)+COUNTIF($W$4:W69,W69)-1 -> 66 | Y69: =RANK(T69,($T$4:$T$181),0)+COUNTIF($T$4:T69,T69)-1 -> 46
A70: 166871338 | B70: ᴴᵘⁿBéo | C70: 68622587 | D70: 974526717 | E70: 7279981 | F70: 135852 | G70: 295999 | H70: 45482 | I70: 1.9702764e+08 | J70: 1.0559453e+08 | K70: 3.1059901e+08 | L70: 3662 | M70: 334697 | N70: 2608017 | O70: 2942714 | P70: =(195444+296607+142688+70839)*100 -> 70557800 | Q70: =(139464+248379)*200 -> 77568600 | R70: 1196107 | S70: -7247771 | T70: 55509412 | U70: 0.28173414 | V70: 1.4 | W70: 0.17871729 | X70: =RANK(W70,($W$4:$W$181),0)+COUNTIF($W$4:W70,W70)-1 -> 67 | Y70: =RANK(T70,($T$4:$T$181),0)+COUNTIF($T$4:T70,T70)-1 -> 58
A71: 138715530 | B71: ᵀᴺ Yakoo | C71: 83917922 | D71: 906547968 | E71: 10787507 | F71: 313577 | G71: 381855 | H71: 188148 | I71: 2.9305265e+08 | J71: 1.5017173e+08 | K71: 4.4769207e+08 | L71: 175 | M71: 559618 | N71: 3635867 | O71: 4195485 | P71: 0 | Q71: =(74863+303812+76488)*200 -> 91032600 | R71: 455163 | S71: -6323070 | T71: 78328427 | U71: 0.26728449 | V71: 0.61 | W71: 0.1749605 | X71: =RANK(W71,($W$4:$W$181),0)+COUNTIF($W$4:W71,W71)-1 -> 68 | Y71: =RANK(T71,($T$4:$T$181),0)+COUNTIF($T$4:T71,T71)-1 -> 49
A72: 166807426 | B72: ᵂʷSaber | C72: 65479680 | D72: 375707852 | E72: 12484301 | F72: 227420 | G72: 510505 | H72: 62862 | I72: 1.5405285e+08 | J72: 83289588 | K72: 2.4685611e+08 | L72: 42 | M72: 383676 | N72: 1910292 | O72: 2293968 | P72: 0 | Q72: =(68159+46471)*200 -> 22926000 | R72: 114630 | S72: -2708429 | T72: 42042680 | U72: 0.27291075 | V72: 0.28 | W72: 0.17031249 | X72: =RANK(W72,($W$4:$W$181),0)+COUNTIF($W$4:W72,W72)-1 -> 69 | Y72: =RANK(T72,($T$4:$T$181),0)+COUNTIF($T$4:T72,T72)-1 -> 66
A73: 170972148 | B73: Mazalteutl | C73: 62626921 | D73: 251407613 | E73: 14109519 | F73: 99318 | G73: 655492 | H73: 293069 | I73: 1.7171993e+08 | J73: 92701975 | K73: 2.7330724e+08 | L73: 75733 | M73: 317659 | N73: 1944611 | O73: 2262270 | P73: =(6482+211799+45750)*100 -> 26403100 | Q73: =(28772+427849)*200 -> 91324200 | R73: 675215 | S73: -10671533 | T73: 42089889 | U73: 0.24510777 | V73: 1.27 | W73: 0.1540021 | X73: =RANK(W73,($W$4:$W$181),0)+COUNTIF($W$4:W73,W73)-1 -> 70 | Y73: =RANK(T73,($T$4:$T$181),0)+COUNTIF($T$4:T73,T73)-1 -> 65
A74: 1915332 | B74: Lord Valkorion | C74: 60116409 | D74: 414277666 | E74: 0 | F74: 0 | G74: 0 | H74: 0 | I74: 1.7226483e+08 | J74: 92986443 | K74: 2.7411715e+08 | L74: 9979 | M74: 181024 | N74: 2015280 | O74: 2196304 | P74: =(73559+186811+191525)*100 -> 45189500 | Q74: =(220806+543716+92050)*200 -> 171314400 | R74: 1814773 | S74: -9025917 | T74: 42118162 | U74: 0.24449659 | V74: 2.33 | W74: 0.15365023 | X74: =RANK(W74,($W$4:$W$181),0)+COUNTIF($W$4:W74,W74)-1 -> 71 | Y74: =RANK(T74,($T$4:$T$181),0)+COUNTIF($T$4:T74,T74)-1 -> 64
A75: 177187021 | B75: LordGusto | C75: 44788617 | D75: 112836446 | E75: 5356360 | F75: 3998 | G75: 265819 | H75: 1335051 | I75: 74781361 | J75: 33820688 | K75: 1.2083161e+08 | L75: 1 | M75: 73394 | N75: 827004 | O75: 900398 | P75: =(185420+164655+166901+1518)*100 -> 51849400 | Q75: 0 | R75: 1434771 | S75: -3136332 | T75: 17274020 | U75: 0.23099365 | V75: 1.53 | W75: 0.14295944 | X75: =RANK(W75,($W$4:$W$181),0)+COUNTIF($W$4:W75,W75)-1 -> 72 | Y75: =RANK(T75,($T$4:$T$181),0)+COUNTIF($T$4:T75,T75)-1 -> 86
A76: 171983336 | B76: AzeM | C76: 61688750 | D76: 330547120 | E76: 8626262 | F76: 144382 | G76: 355334 | H76: 242021 | I76: 1.799715e+08 | J76: 96975572 | K76: 2.855372e+08 | L76: 50685 | M76: 606256 | N76: 1729526 | O76: 2335782 | P76: 0 | Q76: =(292482+953771+146390)*200 -> 278528600 | R76: 1392643 | S76: -9681190 | T76: 40736049 | U76: 0.22634722 | V76: 2.87 | W76: 0.1426646 | X76: =RANK(W76,($W$4:$W$181),0)+COUNTIF($W$4:W76,W76)-1 -> 73 | Y76: =RANK(T76,($T$4:$T$181),0)+COUNTIF($T$4:T76,T76)-1 -> 69
A77: 144010731 | B77: SIJUGUL GORAT | C77: 61304514 | D77: 138689525 | E77: 17332694 | F77: 728350 | G77: 502288 | H77: 500202 | I77: 1.3148251e+08 | J77: 70640520 | K77: 2.1243049e+08 | L77: 348 | M77: 834531 | N77: 1095588 | O77: 1930119 | P77: =(50243+34094+56943)*100 -> 14128000 | Q77: =(15060+520561)*200 -> 107124200 | R77: 676901 | S77: 112748 | T77: 30260534 | U77: 0.23014873 | V77: 1.72 | W77: 0.14244911 | X77: =RANK(W77,($W$4:$W$181),0)+COUNTIF($W$4:W77,W77)-1 -> 74 | Y77: =RANK(T77,($T$4:$T$181),0)+COUNTIF($T$4:T77,T77)-1 -> 78
A78: 144684719 | B78: ᵁᴺRking79 | C78: 56969261 | D78: 270297276 | E78: 7345402 | F78: 137040 | G78: 298750 | H78: 117007 | I78: 1.421651e+08 | J78: 76725222 | K78: 2.2882347e+08 | L78: 31134 | M78: 515231 | N78: 1343025 | O78: 1858256 | P78: =(312628+310222+254125+14385)*100 -> 89136000 | Q78: =(45162+468993+117362)*200 -> 126303400 | R78: 1818681 | S78: -6910595 | T78: 32024762 | U78: 0.22526459 | V78: 2.8079345 | W78: 0.13995401 | X78: =RANK(W78,($W$4:$W$181),0)+COUNTIF($W$4:W78,W78)-1 -> 75 | Y78: =RANK(T78,($T$4:$T$181),0)+COUNTIF($T$4:T78,T78)-1 -> 76
A79: 29890160 | B79: FadhelF | C79: 76403694 | D79: 860336713 | E79: 13010144 | F79: 175954 | G79: 562488 | H79: 255632 | I79: 2.9544866e+08 | J79: 1.5121878e+08 | K79: 4.5104664e+08 | L79: 76018 | M79: 699593 | N79: 2691648 | O79: 3391241 | P79: =(52894+40031)*100 -> 9292500 | Q79: =(247526+549416+42484)*200 -> 167885200 | R79: 932351 | S79: -12180600 | T79: 61268052 | U79: 0.20737292 | V79: 1.17 | W79: 0.13583529 | X79: =RANK(W79,($W$4:$W$181),0)+COUNTIF($W$4:W79,W79)-1 -> 76 | Y79: =RANK(T79,($T$4:$T$181),0)+COUNTIF($T$4:T79,T79)-1 -> 54
A80: 169446634 | B80: Pickle Gnyxey | C80: 65829828 | D80: 289858559 | E80: 14410521 | F80: 303708 | G80: 568672 | H80: 277089 | I80: 1.8070584e+08 | J80: 97352445 | K80: 2.8662208e+08 | L80: 15 | M80: 548823 | N80: 1592638 | O80: 2141461 | P80: 0 | Q80: =(173455+626448+80156)*200 -> 176011800 | R80: 880059 | S80: -5065828 | T80: 37353381 | U80: 0.20670822 | V80: 1.81 | W80: 0.13032276 | X80: =RANK(W80,($W$4:$W$181),0)+COUNTIF($W$4:W80,W80)-1 -> 77 | Y80: =RANK(T80,($T$4:$T$181),0)+COUNTIF($T$4:T80,T80)-1 -> 71
A81: 158817223 | B81: Lazy Smurfette | C81: 53903561 | D81: 241431504 | E81: 6180720 | F81: 107150 | G81: 255461 | H81: 106449 | I81: 1.0296466e+08 | J81: 53300030 | K81: 1.6755571e+08 | L81: 20 | M81: 351858 | N81: 890664 | O81: 1242522 | P81: =(95031+164605+84393)*100 -> 34402900 | Q81: =124806*200 -> 24961200 | R81: 468835 | S81: -1606492 | T81: 21332576 | U81: 0.20718347 | V81: 1.11 | W81: 0.12731632 | X81: =RANK(W81,($W$4:$W$181),0)+COUNTIF($W$4:W81,W81)-1 -> 78 | Y81: =RANK(T81,($T$4:$T$181),0)+COUNTIF($T$4:T81,T81)-1 -> 81
A82: 144049878 | B82: Losant | C82: 62994393 | D82: 319955522 | E82: 14355040 | F82: 140970 | G82: 647267 | H82: 198405 | I82: 1.8014031e+08 | J82: 97062259 | K82: 2.8578665e+08 | L82: 10132 | M82: 368659 | N82: 1506223 | O82: 1874882 | P82: 0 | Q82: =(429148+198125+16924)*200 -> 128839400 | R82: 646757 | S82: -10275744 | T82: 33813306 | U82: 0.18770538 | V82: 1.33 | W82: 0.11831661 | X82: =RANK(W82,($W$4:$W$181),0)+COUNTIF($W$4:W82,W82)-1 -> 79 | Y82: =RANK(T82,($T$4:$T$181),0)+COUNTIF($T$4:T82,T82)-1 -> 74
A83: 167614515 | B83: Lazy Jools | C83: 63529757 | D83: 239401476 | E83: 9167656 | F83: 148233 | G83: 384228 | H83: 35766 | I83: 1.3468305e+08 | J83: 72483541 | K83: 2.1736219e+08 | L83: 1260 | M83: 231432 | N83: 1072488 | O83: 1303920 | P83: =(113167+26357)*100 -> 13952400 | Q83: =(43554+4348)*200 -> 9580400 | R83: 187426 | S83: -554864 | T83: 23767988 | U83: 0.17647349 | V83: 0.32 | W83: 0.10934739 | X83: =RANK(W83,($W$4:$W$181),0)+COUNTIF($W$4:W83,W83)-1 -> 80 | Y83: =RANK(T83,($T$4:$T$181),0)+COUNTIF($T$4:T83,T83)-1 -> 80
A84: 171345916 | B84: Only Mayıstos | C84: 57314670 | D84: 230764382 | E84: 4579749 | F84: 160214 | G84: 132039 | H84: 68627 | I84: 1.0984922e+08 | J84: 57658145 | K84: 1.7856339e+08 | L84: 265 | M84: 406529 | N84: 722488 | O84: 1129017 | P84: =127058*100 -> 12705800 | Q84: =(105155+25025+29379)*200 -> 31911800 | R84: 268211 | S84: 478874 | T84: 19416679 | U84: 0.17675756 | V84: 0.77 | W84: 0.1087383 | X84: =RANK(W84,($W$4:$W$181),0)+COUNTIF($W$4:W84,W84)-1 -> 81 | Y84: =RANK(T84,($T$4:$T$181),0)+COUNTIF($T$4:T84,T84)-1 -> 84
A85: 144060837 | B85: 义CHRYS义 | C85: 73585564 | D85: 413324675 | E85: 7388881 | F85: 64682 | G85: 337075 | H85: 165449 | I85: 2.5235849e+08 | J85: 1.3196157e+08 | K85: 3.9028461e+08 | L85: 6764 | M85: 500343 | N85: 1635276 | O85: 2135619 | P85: =(219592+342446+40789)*100 -> 60282700 | Q85: =(318679+237931+96947)*200 -> 130711400 | R85: 1256384 | S85: -7921110 | T85: 37718809 | U85: 0.14946519 | V85: 1.45 | W85: 0.096644366 | X85: =RANK(W85,($W$4:$W$181),0)+COUNTIF($W$4:W85,W85)-1 -> 82 | Y85: =RANK(T85,($T$4:$T$181),0)+COUNTIF($T$4:T85,T85)-1 -> 70
A86: 168206434 | B86: Fabregas97 | C86: 39567014 | D86: 115439342 | E86: 3253144 | F86: 153572 | G86: 85871 | H86: 182309 | I86: 59974723 | J86: 21986101 | K86: 94660602 | L86: 20 | M86: 188666 | N86: 358792 | O86: 547458 | P86: TBA | Q86: TBA | R86: 739242 | S86: -2842638 | T86: 9062937 | U86: 0.15111261 | V86: 0.033623151 | W86: 0.095741384 | X86: =RANK(W86,($W$4:$W$181),0)+COUNTIF($W$4:W86,W86)-1 -> 83 | Y86: =RANK(T86,($T$4:$T$181),0)+COUNTIF($T$4:T86,T86)-1 -> 96
A87: 156007436 | B87: General Mapo | C87: 48848699 | D87: 164639347 | E87: 1540912 | F87: 13830 | G87: 70105 | H87: 5151 | I87: 99458832 | J87: 51030418 | K87: 1.6189921e+08 | L87: 20 | M87: 138589 | N87: 695485 | O87: 834074 | P87: =(572018+552287+584735)*100 -> 170904000 | Q87: =95699*200 -> 19139800 | R87: 2308036 | S87: -5360361 | T87: 15296106 | U87: 0.15379334 | V87: 3.72 | W87: 0.094479191 | X87: =RANK(W87,($W$4:$W$181),0)+COUNTIF($W$4:W87,W87)-1 -> 84 | Y87: =RANK(T87,($T$4:$T$181),0)+COUNTIF($T$4:T87,T87)-1 -> 88
A88: 171934536 | B88: FromKiev1122 | C88: 84923872 | D88: 728045793 | E88: 41134525 | F88: 487564 | G88: 1812944 | H88: 304431 | I88: 3.0620606e+08 | J88: 1.5588869e+08 | K88: 4.6607621e+08 | L88: 23 | M88: 487564 | N88: 1812944 | O88: 2300508 | P88: TBA | Q88: TBA | R88: 304431 | S88: -2820148 | T88: 41134525 | U88: 0.13433609 | V88: 0.0019528741 | W88: 0.088257079 | X88: =RANK(W88,($W$4:$W$181),0)+COUNTIF($W$4:W88,W88)-1 -> 85 | Y88: =RANK(T88,($T$4:$T$181),0)+COUNTIF($T$4:T88,T88)-1 -> 67
A89: 166234202 | B89: ᵛᶰsad duckシ | C89: 47817288 | D89: 293244994 | E89: 1480050 | F89: 10373 | G89: 68816 | H89: 28819 | I89: 82718044 | J89: 39629610 | K89: 1.3431753e+08 | L89: 23568 | M89: 96144 | N89: 538611 | O89: 634755 | P89: TBA | Q89: TBA | R89: 255945 | S89: -3021064 | T89: 11739777 | U89: 0.14192522 | V89: 0.0064584285 | W89: 0.087403162 | X89: =RANK(W89,($W$4:$W$181),0)+COUNTIF($W$4:W89,W89)-1 -> 86 | Y89: =RANK(T89,($T$4:$T$181),0)+COUNTIF($T$4:T89,T89)-1 -> 93
A90: 172008118 | B90: Northernman | C90: 44636427 | D90: 47591113 | E90: 3499090 | F90: 101039 | G90: 124430 | H90: 434986 | I90: 73229276 | J90: 32646961 | K90: 1.1815604e+08 | L90: 3262 | M90: 138099 | N90: 440283 | O90: 578382 | P90: =(289904+347711+121374)*100 -> 75898900 | Q90: 0 | R90: 760824 | S90: -1933392 | T90: 10187402 | U90: 0.13911652 | V90: 2.32 | W90: 0.086219897 | X90: =RANK(W90,($W$4:$W$181),0)+COUNTIF($W$4:W90,W90)-1 -> 87 | Y90: =RANK(T90,($T$4:$T$181),0)+COUNTIF($T$4:T90,T90)-1 -> 94
A91: 145044140 | B91: PR puesto chico | C91: 53431476 | D91: 108164672 | E91: 3504768 | F91: 140053 | G91: 105191 | H91: 153028 | I91: 1.388226e+08 | J91: 74841511 | K91: 2.2371467e+08 | L91: 81 | M91: 332513 | N91: 770879 | O91: 1103392 | P91: =1327*100 -> 132700 | Q91: =(450579+283881+46735)*200 -> 156239000 | R91: 784685 | S91: -8873786 | T91: 18743188 | U91: 0.13501539 | V91: 2.09 | W91: 0.083781666 | X91: =RANK(W91,($W$4:$W$181),0)+COUNTIF($W$4:W91,W91)-1 -> 88 | Y91: =RANK(T91,($T$4:$T$181),0)+COUNTIF($T$4:T91,T91)-1 -> 85
A92: 168839111 | B92: yamen Di | C92: 68037975 | D92: 379881606 | E92: 2172880 | F92: 0 | G92: 108644 | H92: 0 | I92: 1.6063359e+08 | J92: 86840263 | K92: 2.5675412e+08 | L92: 0 | M92: 193588 | N92: 908385 | O92: 1101973 | P92: =(35110+14289+63751)*100 -> 11315000 | Q92: =(7124+34725)*200 -> 8369800 | R92: 154999 | S92: 1362869 | T92: 20103632 | U92: 0.1251521 | V92: 0.23 | W92: 0.07829916 | X92: =RANK(W92,($W$4:$W$181),0)+COUNTIF($W$4:W92,W92)-1 -> 89 | Y92: =RANK(T92,($T$4:$T$181),0)+COUNTIF($T$4:T92,T92)-1 -> 82
A93: 171982346 | B93: Melottus | C93: 60460232 | D93: 114241869 | E93: 3469030 | F93: 5973 | G93: 170465 | H93: 566300 | I93: 1.5729063e+08 | J93: 85043533 | K93: 2.517331e+08 | L93: 0 | M93: 94178 | N93: 932110 | O93: 1026288 | P93: TBA | Q93: TBA | R93: 833413 | S93: -7263450 | T93: 19583980 | U93: 0.12450824 | V93: 0.0097998398 | W93: 0.077796604 | X93: =RANK(W93,($W$4:$W$181),0)+COUNTIF($W$4:W93,W93)-1 -> 90 | Y93: =RANK(T93,($T$4:$T$181),0)+COUNTIF($T$4:T93,T93)-1 -> 83
A94: 62691192 | B94: Siyempi | C94: 84110000 | D94: 493890655 | E94: 13546549 | F94: 317151 | G94: 518509 | H94: 133486 | I94: 2.9258872e+08 | J94: 1.499687e+08 | K94: 4.4704223e+08 | L94: 16145 | M94: 474802 | N94: 1373829 | O94: 1848631 | P94: 0 | Q94: =(44430+190795+28346)*200 -> 52714200 | R94: 263571 | S94: -2093310 | T94: 32238153 | U94: 0.11018249 | V94: 0.35 | W94: 0.072114334 | X94: =RANK(W94,($W$4:$W$181),0)+COUNTIF($W$4:W94,W94)-1 -> 91 | Y94: =RANK(T94,($T$4:$T$181),0)+COUNTIF($T$4:T94,T94)-1 -> 75
A95: 145023737 | B95: ᵁᴺLiu D | C95: 36105379 | D95: 159332503 | E95: 4383410 | F95: 133411 | G95: 152465 | H95: 2118048 | I95: 73986988 | J95: 33221636 | K95: 1.1946393e+08 | L95: 1 | M95: 199947 | N95: 267278 | O95: 467225 | P95: TBA | Q95: TBA | R95: 2266069 | S95: -11080728 | T95: 7345062 | U95: 0.09927505 | V95: 0.068210639 | W95: 0.061483514 | X95: =RANK(W95,($W$4:$W$181),0)+COUNTIF($W$4:W95,W95)-1 -> 92 | Y95: =RANK(T95,($T$4:$T$181),0)+COUNTIF($T$4:T95,T95)-1 -> 99
A96: 171806191 | B96: Kurvernööri | C96: 66780889 | D96: 215988969 | E96: 3938660 | F96: 18584 | G96: 187641 | H96: 44752 | I96: 1.643382e+08 | J96: 88815147 | K96: 2.6230187e+08 | L96: 0 | M96: 30273 | N96: 729486 | O96: 759759 | P96: TBA | Q96: TBA | R96: 45864 | S96: -1651376 | T96: 14892450 | U96: 0.090620745 | V96: 0.0005163984 | W96: 0.056775996 | X96: =RANK(W96,($W$4:$W$181),0)+COUNTIF($W$4:W96,W96)-1 -> 93 | Y96: =RANK(T96,($T$4:$T$181),0)+COUNTIF($T$4:T96,T96)-1 -> 89
A97: 144065460 | B97: TitanMARU | C97: 51213911 | D97: 116386789 | E97: 1412730 | F97: 8411 | G97: 66431 | H97: 187282 | I97: 1.5557781e+08 | J97: 84117392 | K97: 2.4915485e+08 | L97: 0 | M97: 17940 | N97: 686849 | O97: 704789 | P97: =(559086+484208)*100 -> 104329400 | Q97: =(104554+423325)*200 -> 105575800 | R97: 1833097 | S97: -14091379 | T97: 13916380 | U97: 0.089449648 | V97: 2.5 | W97: 0.055854341 | X97: =RANK(W97,($W$4:$W$181),0)+COUNTIF($W$4:W97,W97)-1 -> 94 | Y97: =RANK(T97,($T$4:$T$181),0)+COUNTIF($T$4:T97,T97)-1 -> 91
A98: 171922856 | B98: ᵁᴺroimee | C98: 41906506 | D98: 73341659 | E98: 1825831 | F98: 30777 | G98: 75903 | H98: 135418 | I98: 58382161 | J98: 20612118 | K98: 91743187 | L98: 5 | M98: 45595 | N98: 214903 | O98: 260498 | P98: TBA | Q98: TBA | R98: 326111 | S98: -37565 | T98: 4754011 | U98: 0.081429172 | V98: 0.015821324 | W98: 0.051818682 | X98: =RANK(W98,($W$4:$W$181),0)+COUNTIF($W$4:W98,W98)-1 -> 95 | Y98: =RANK(T98,($T$4:$T$181),0)+COUNTIF($T$4:T98,T98)-1 -> 103
A99: 7887352 | B99: Bавилoн | C99: 74056146 | D99: 2194116467 | E99: 7899967 | F99: 65755 | G99: 362114 | H99: 32272 | I99: 1.9822651e+08 | J99: 1.0619033e+08 | K99: 3.1235042e+08 | L99: 54 | M99: 75821 | N99: 693296 | O99: 769117 | P99: TBA | Q99: TBA | R99: 32272 | S99: 1432960 | T99: 14624267 | U99: 0.073775537 | V99: 0.00030390715 | W99: 0.046820064 | X99: =RANK(W99,($W$4:$W$181),0)+COUNTIF($W$4:W99,W99)-1 -> 96 | Y99: =RANK(T99,($T$4:$T$181),0)+COUNTIF($T$4:T99,T99)-1 -> 90
A100: 163138873 | B100: Mictlan Tecutli | C100: 58442316 | D100: 120508187 | E100: 1972660 | F100: 141712 | G100: 27777 | H100: 0 | I100: 1.0700184e+08 | J100: 55870832 | K100: 1.7402611e+08 | L100: 0 | M100: 144650 | N100: 316646 | O100: 461296 | P100: TBA | Q100: TBA | R100: 26737 | S100: 2993629 | T100: 7779420 | U100: 0.072703608 | V100: 0.00047855024 | W100: 0.044702603 | X100: =RANK(W100,($W$4:$W$181),0)+COUNTIF($W$4:W100,W100)-1 -> 97 | Y100: =RANK(T100,($T$4:$T$181),0)+COUNTIF($T$4:T100,T100)-1 -> 98
...

Sheet Filler Accounts
E1: Total Power | H1: Troops | L1: Requirement | M1: Dead | S1: Result
A2: ID | B2: Name | C2: Initial Power | D2: KP | E2: Pass 4 Power | F2: Pass 7 Power | G2: Final Power | H2: T3 | I2: T4 | J2: T5 | K2: Total Troops | L2: Min Req Troops Dead | M2: T4 Dead | N2: T5 Dead | O2: Pass 4 Dead | P2: Pass 7 Dead | Q2: KL Dead | R2: Total Dead | S2: %min Dead | T2: %Goal
A3: 100476820 | B3: Intersect 2 | C3: 50298006 | D3: 98443340 | E3: 50201970 | F3: 48490394 | G3: 45387954 | H3: 0 | I3: =728477+530100+530667 -> 1789244 | J3: 0 | K3: =SUM(H3:J3) -> 1789244 | L3: =K3*0.5 -> 894622 | M3: 1552710 | N3: 0 | O3: 0 | P3: 627890 | Q3: 924820 | R3: 1552710 | S3: 1.7356045 | T3: 0.78308809
A4: 169363448 | B4: ˣˢHelios | C4: 55026773 | D4: 320823351 | E4: 54738351 | F4: 46689269 | G4: 46795210 | H4: 0 | I4: =580191+425199+538327+425601 -> 1969318 | J4: 455543 | K4: =SUM(H4:J4) -> 2424861 | L4: =K4*0.5 -> 1212430.5 | M4: TBA | N4: TBA | O4: 2634 | P4: 1886228 | Q4: 39418 | R4: 1928280 | S4: 1.5904252 | T4: 0.67625518
A5: 112792310 | B5: KIM BANK | C5: 29167025 | D5: 51841755 | E5: 29258625 | F5: 29311689 | G5: 22911888 | H5: 0 | I5: =764881+608297+485605+166386 -> 2025169 | J5: 0 | K5: =SUM(H5:J5) -> 2025169 | L5: =K5*0.5 -> 1012584.5 | M5: TBA | N5: TBA | O5: 0 | P5: 33737 | Q5: 1482333 | R5: 1516070 | S5: 1.4972281 | T5: 0.58806689
A6: 172508036 | B6: Nizamfarm | C6: 20549165 | D6: 2171908 | E6: 20665014 | F6: 19815772 | G6: 20676692 | H6: 0 | I6: =314396+334148+298307 -> 946851 | J6: 0 | K6: =SUM(H6:J6) -> 946851 | L6: =K6*0.5 -> 473425.5 | M6: TBA | N6: TBA | O6: 0 | P6: 518717 | Q6: 0 | R6: 518717 | S6: 1.0956676 | T6: 0.55123365
A7: 66847214 | B7: Sweet Kit Cat | C7: 37717590 | D7: 127502569 | E7: 34736961 | F7: 36140693 | G7: 34434061 | H7: 0 | I7: =489404+408632+559806+143444 -> 1601286 | J7: 0 | K7: =SUM(H7:J7) -> 1601286 | L7: =K7*0.5 -> 800643 | M7: 804286 | N7: 0 | O7: 307829 | P7: 102679 | Q7: 393778 | R7: 804286 | S7: 1.0045501 | T7: 0.45854917
A8: 175650426 | B8: ツ ʂìʍøñ | C8: 40881326 | D8: 196112640 | E8: 41020056 | F8: 40897536 | G8: 38591423 | H8: 0 | I8: =543649+570326+502913+322102 -> 1938990 | J8: 0 | K8: =SUM(H8:J8) -> 1938990 | L8: =K8*0.5 -> 969495 | M8: 938997 | N8: 0 | O8: 180630 | P8: 295924 | Q8: 462443 | R8: 938997 | S8: 0.96854239 | T8: 0.45714551
A9: 169018140 | B9: ᶜᴸCesar82 | C9: 47494406 | D9: 137265257 | E9: 47113100 | F9: 46292116 | G9: 44908601 | H9: =8313+19994 -> 28307 | I9: =876263+993680+949437 -> 2819380 | J9: 0 | K9: =SUM(H9:J9) -> 2847687 | L9: =K9*0.5 -> 1423843.5 | M9: 1108945 | N9: 0 | O9: 85695 | P9: 365398 | Q9: 657852 | R9: 1108945 | S9: 0.77883911 | T9: 0.36821783
A10: 158392134 | B10: Daddy Prama | C10: 22796274 | D10: 44568442 | E10: 20886090 | F10: 20484906 | G10: 21023810 | H10: 0 | I10: =239884+342414+174836+48364 -> 805498 | J10: 0 | K10: =SUM(H10:J10) -> 805498 | L10: =K10*0.5 -> 402749 | M10: TBA | N10: TBA | O10: 27067 | P10: 241900 | Q10: 47716 | R10: 316683 | S10: 0.78630363 | T10: 0.36258333
A11: 109960210 | B11: LilPisontije | C11: 20175746 | D11: 3385640 | E11: 19492978 | F11: 20057756 | G11: 19312148 | H11: =1700*4 -> 6800 | I11: =298747+247256+275442 -> 821445 | J11: 0 | K11: =SUM(H11:J11) -> 828245 | L11: =K11*0.5 -> 414122.5 | M11: TBA | N11: TBA | O11: 28628 | P11: 30478 | Q11: 129693 | R11: 188799 | S11: 0.45590133 | T11: 0.21819352
A12: 79647211 | B12: BabyPisontije | C12: 28474572 | D12: 31906045 | E12: 27417805 | F12: 27268741 | G12: 27014215 | H12: =1700+1700+1700 -> 5100 | I12: =444486+408755+429916 -> 1283157 | J12: 0 | K12: =SUM(H12:J12) -> 1288257 | L12: =K12*0.5 -> 644128.5 | M12: TBA | N12: TBA | O12: 97470 | P12: 37987 | Q12: 159167 | R12: 294624 | S12: 0.45739942 | T12: 0.21697053
A13: 167637163 | B13: ・Lazy Maka・ | C13: 63421427 | D13: 452376008 | E13: 63798727 | F13: 63608527 | G13: 61414373 | H13: 0 | I13: =393198+163820+228643 -> 785661 | J13: =103358+562451+253870 -> 919679 | K13: =SUM(H13:J13) -> 1705340 | L13: =K13*0.5 -> 852670 | M13: TBA | N13: TBA | O13: 0 | P13: 67130 | Q13: 253728 | R13: 320858 | S13: 0.37629798 | T13: 0.18219477
A14: 177526978 | B14: Son of Odin2997 | C14: 72227352 | D14: 98136386 | E14: 70855324 | F14: 71722068 | G14: 73996724 | H14: 0 | I14: =338170+419624+375213 -> 1133007 | J14: =730731+286824+172000 -> 1189555 | K14: =SUM(H14:J14) -> 2322562 | L14: =K14*0.5 -> 1161281 | M14: TBA | N14: TBA | O14: 73324 | P14: 34267 | Q14: 73837 | R14: 181428 | S14: 0.15623092 | T14: 0.080029075
A15: 171945722 | B15: Jools Jnr | C15: 44011092 | D15: 60955703 | E15: 44075592 | F15: 44385865 | G15: 45064006 | H15: 0 | I15: =441093+447500+881887+336192 -> 2106672 | J15: 0 | K15: =SUM(H15:J15) -> 2106672 | L15: =K15*0.5 -> 1053336 | M15: 108697 | N15: 0 | O15: 0 | P15: 57383 | Q15: 51314 | R15: 108697 | S15: 0.10319309 | T15: 0.052830934
A16: 151360763 | B16: Laze Bobr | C16: 57175105 | D16: 105334287 | E16: 57271753 | F16: 57878627 | G16: 57662791 | H16: 0 | I16: =1140510+1693199+1222961+35264 -> 4091934 | J16: 0 | K16: =SUM(H16:J16) -> 4091934 | L16: =K16*0.5 -> 2045967 | M16: TBA | N16: TBA | O16: 0 | P16: 45904 | Q16: 102147 | R16: 148051 | S16: 0.07236236 | T16: 0.036489794
A17: 61106312 | B17: 乄Bツ1 | C17: 25171495 | D17: 134119074 | E17: 25178854 | F17: 25086310 | G17: 25245254 | H17: 0 | I17: =160617+362234+185941+12812 -> 721604 | J17: 0 | K17: =SUM(H17:J17) -> 721604 | L17: =K17*0.5 -> 360802 | M17: TBA | N17: TBA | O17: 0 | P17: 0 | Q17: 0 | R17: 0 | S17: 0 | T17: 0
A18: 145948216 | B18: LOSANT BORED | C18: 40400817 | D18: 61245328 | E18: 39258409 | F18: 39655458 | G18: 36539360 | H18: 0 | I18: 0 | J18: 0 | K18: =SUM(H18:J18) -> 0 | L18: =K18*0.5 -> 0 | M18: TBA | N18: TBA | O18: 24874 | P18: 154597 | Q18: 756268 | R18: 935739 | S18: 0 | T18: 0 | U18: no reply
A19: 157398284 | B19: Фарм 2016 | C19: 25342469 | D19: 4812381 | E19: 25666219 | F19: 25823693 | G19: 25942593 | H19: =3200+1700+3280+5509 -> 13689 | I19: =743864+711707+775325+62400 -> 2293296 | J19: 0 | K19: =SUM(H19:J19) -> 2306985 | L19: =K19*0.5 -> 1153492.5 | M19: TBA | N19: TBA | O19: 0 | P19: 0 | Q19: 0 | R19: 0 | S19: 0 | T19: 0
R21: =SUM(R3:R19) -> 10862884

Sheet Mid Review Report
A1: Mid Review Report (31/12 - 6/1 2025/2026)
A2: Basic Data | I2: Requirements | K2: Player Goal | L2: Results | U2: Player Progress
A3: Governor ID | B3: Name | C3: Power | D3: KP | E3: Mid Rev KP Gained | F3: Mid Rev T4 Kills | G3: Mid Rev T5 Kills | H3: Mid Rev Dead | I3: Minimum KP | J3: Minimum Dead | K3: KP Goal | L3: T1 Trade? | M3: Total T4 Kills | N3: Total T5 Kills | O3: Total Kills | P3: Total T4 Dead | Q3: Total T5 Dead | R3: Total Dead | S3: Total Power Diff | T3: Total KP Gained | U3: % Min KP | V3: % Min Dead | W3: % Goal
A4: 11726598 | B4: ᵁᴺLazy Catツ | C4: 84048560 | D4: 8813874760 | E4: 34864780 | F4: 86342 | G4: 1700068 | H4: 0 | I4: 3.013558e+08 | J4: 1.5378933e+08 | K4: 4.59306e+08 | L4: 11270 | M4: 4996196 | N4: 61588448 | O4: 66584644 | P4: TBA | Q4: TBA | R4: 444458 | S4: -4912860 | T4: 1281752131 | U4: 4.2532852 | V4: 0.0028900445 | W4: 2.7906279
A5: 169446444 | B5: ᵁᴺLiwenツ | C5: 56911090 | D5: 1137301615 | E5: 14954790 | F5: 22171 | G5: 736654 | H5: 0 | I5: 1.268709e+08 | J5: 67952655 | K5: 2.0529172e+08 | L5: 12305 | M5: 1382082 | N5: 18432860 | O5: 19814942 | P5: TBA | Q5: TBA | R5: 929637 | S5: -4600040 | T5: 382512857 | U5: 3.0149771 | V5: 0.013680657 | W5: 1.8632649
A6: 169326547 | B6: ᵁᴺSexyRickツ | C6: 65412665 | D6: 3351127823 | E6: 9906090 | F6: 19469 | G6: 485570 | H6: 12498 | I6: 1.7974677e+08 | J6: 96860127 | K6: 2.8520507e+08 | L6: 241985 | M6: 2223160 | N6: 21125126 | O6: 23348286 | P6: TBA | Q6: TBA | R6: 1006405 | S6: -5065796 | T6: 444890229 | U6: 2.4750945 | V6: 0.010390292 | W6: 1.5598959
A7: 172021868 | B7: ᵁᴺAnshii | C7: 70453000 | D7: 982522275 | E7: 9369340 | F7: 13784 | G7: 461575 | H7: 0 | I7: 1.9131007e+08 | J7: 1.027356e+08 | K7: 3.0222852e+08 | L7: 6276 | M7: 986126 | N7: 15471007 | O7: 16457133 | P7: TBA | Q7: TBA | R7: 527261 | S7: -1514120 | T7: 319285719 | U7: 1.6689437 | V7: 0.0051322134 | W7: 1.0564381
A8: 64966340 | B8: ᵁᴺPisontije | C8: 94354675 | D8: 4863871419 | E8: 38575340 | F8: 36774 | G8: 1910380 | H8: 0 | I8: 4.7030265e+08 | J8: 2.2230328e+08 | K8: 6.9045112e+08 | L8: 114340 | M8: 3701142 | N8: 32841835 | O8: 36542977 | P8: TBA | Q8: TBA | R8: 1278779 | S8: -16193061 | T8: 693924292 | U8: 1.4754846 | V8: 0.0057524073 | W8: 1.0050303
A9: 2463403 | B9: ᵁᴺHeliosツ | C9: 84911141 | D9: 7680883143 | E9: 59495230 | F9: 1101857 | G9: 2423833 | H9: 0 | I9: 3.3338677e+08 | J9: 1.6747728e+08 | K9: 5.038375e+08 | L9: 15337 | M9: 2659968 | N9: 23675967 | O9: 26335935 | P9: TBA | Q9: TBA | R9: 727276 | S9: -9054739 | T9: 500122126 | U9: 1.5001259 | V9: 0.0043425354 | W9: 0.99262585
A10: 171355737 | B10: ᵁᴺUğur Jr | ShүNøX ゎ | C10: 61867398 | D10: 656209720 | E10: 2153686 | F10: 47046 | G10: 78243 | H10: 0 | I10: 1.9317947e+08 | J10: 1.0367358e+08 | K10: 3.0496859e+08 | L10: 1102536 | M10: 10938584 | N10: 9395033 | O10: 20333617 | P10: TBA | Q10: TBA | R10: 1555901 | S10: -13407001 | T10: 300564911 | U10: 1.5558843 | V10: 0.015007691 | W10: 0.98556021
A11: 67071592 | B11: ᵁᴺ乄Bツ | C11: 82862316 | D11: 10141442706 | E11: 56459390 | F11: 149063 | G11: 2748438 | H11: 8814 | I11: 2.8417475e+08 | J11: 1.4626924e+08 | K11: 4.3523924e+08 | L11: 34600 | M11: 2058953 | N11: 20310671 | O11: 22369624 | P11: TBA | Q11: TBA | R11: 600112 | S11: -4831728 | T11: 426811880 | U11: 1.5019346 | V11: 0.0041027901 | W11: 0.9806374
A12: 146428825 | B12: Ray i | C12: 64278632 | D12: 1883224685 | E12: 1578836 | F12: 30638 | G12: 63119 | H12: 3652 | I12: 1.7705311e+08 | J12: 95472338 | K12: 2.8122011e+08 | L12: 2046594 | M12: 6425940 | N12: 10274693 | O12: 16700633 | P12: TBA | Q12: TBA | R12: 670959 | S12: -6857891 | T12: 271569501 | U12: 1.5338307 | V12: 0.0070277843 | W12: 0.96568309
A13: 74556991 | B13: 乄Narcissus | C13: 72895962 | D13: 2684074484 | E13: 17989320 | F13: 35856 | G13: 881538 | H13: 15582 | I13: 2.7018755e+08 | J13: 1.4004413e+08 | K13: 4.1554191e+08 | L13: 34373 | M13: 2029475 | N13: 18312114 | O13: 20341589 | P13: TBA | Q13: TBA | R13: 1305335 | S13: -12140207 | T13: 386576209 | U13: 1.4307699 | V13: 0.0093208835 | W13: 0.93029416
A14: 153857025 | B14: GAGS | C14: 64270360 | D14: 878656540 | E14: 4953570 | F14: 18203 | G14: 238577 | H14: 0 | I14: 1.5172133e+08 | J14: 82017909 | K14: 2.433354e+08 | L14: 59899 | M14: 1095197 | N14: 10500265 | O14: 11595462 | P14: TBA | Q14: TBA | R14: 658197 | S14: -1071453 | T14: 220974998 | U14: 1.4564531 | V14: 0.00802504 | W14: 0.9081087
A15: 171503078 | B15: メCalメ | C15: 75768335 | D15: 1358479984 | E15: 13292549 | F15: 20178 | G15: 654538 | H15: 32905 | I15: 2.2599923e+08 | J15: 1.196685e+08 | K15: 3.5259476e+08 | L15: 4527 | M15: 836522 | N15: 13793306 | O15: 14629828 | P15: TBA | Q15: TBA | R15: 678100 | S15: -4942847 | T15: 284239312 | U15: 1.2577003 | V15: 0.0056664868 | W15: 0.80613595
... A181: 144209360 | B181: Gigad sigma | C181: 0 | D181: 0 | E181: 0 | F181: 0 | G181: 0 | H181: 0 | I181: 24118238 | J181: -39903955 | K181: -2422036.5 | L181: 0 | M181: 0 | N181: 0 | O181: 0 | P181: TBA | Q181: TBA | R181: 0 | S181: 0 | T181: 0 | U181: 0 | V181: 0 | W181: 0
L182: =SUM(L4:L181) -> 10963639 | M182: =SUM(M4:M181) -> 95070432 | N182: =SUM(N4:N181) -> 504950142 | O182: =SUM(O4:O181) -> 600020574 | P182: =SUM(P4:P181) -> 0 | Q182: =SUM(Q4:Q181) -> 0 | R182: =SUM(R4:R181) -> 63685562 | S182: =SUM(S4:S181) -> -375286009 | T182: =SUM(T4:T181) -> 11063690452

Sheet Pass 7 Report
A1: Pass 7 Report (22-30 December 2025)
A2: Basic Data | I2: Requirements | K2: Player Goal | L2: Results | U2: Player Progress
A3: Governor ID | B3: Name | C3: Power | D3: KP | E3: Pass 7 KP Gained | F3: Pass 7 T4 Kills | G3: Pass 7 T5 Kills | H3: Pass 7 Dead | I3: Minimum KP | J3: Minimum Dead | K3: KP Goal | L3: T1 Trade? | M3: Total T4 Kills | N3: Total T5 Kills | O3: Total Kills | P3: Total T4 Dead | Q3: Total T5 Dead | R3: Total Dead | S3: Total Power Diff | T3: Total KP Gained | U3: % Min KP | V3: % Min Dead | W3: % Goal
A4: 11726598 | B4: ᵁᴺLazy Catツ | C4: 78322442 | D4: 8779009980 | E4: 640074076 | F4: 2819358 | G4: 30593293 | H4: 235657 | I4: 3.013558e+08 | J4: 1.5378933e+08 | K4: 4.59306e+08 | L4: 11270 | M4: 4909854 | N4: 59888380 | O4: 64798234 | P4: TBA | Q4: TBA | R4: 444458 | S4: -10638978 | T4: 1246887351 | U4: 4.1375921 | V4: 0.0028900445 | W4: 2.7147204
A5: 169446444 | B5: ᵁᴺLiwenツ | C5: 56177404 | D5: 1122346825 | E5: 221125764 | F5: 921844 | G5: 10593903 | H5: 734972 | I5: 1.268709e+08 | J5: 67952655 | K5: 2.0529172e+08 | L5: 12305 | M5: 1359911 | N5: 17696206 | O5: 19056117 | P5: TBA | Q5: TBA | R5: 929637 | S5: -5333726 | T5: 367558067 | U5: 2.897103 | V5: 0.013680657 | W5: 1.7904183
A6: 169326547 | B6: ᵁᴺSexyRickツ | C6: 65124475 | D6: 3341221733 | E6: 252726079 | F6: 1227954 | G6: 12017453 | H6: 549878 | I6: 1.7974677e+08 | J6: 96860127 | K6: 2.8520507e+08 | L6: 241985 | M6: 2203691 | N6: 20639556 | O6: 22843247 | P6: TBA | Q6: TBA | R6: 993907 | S6: -5353986 | T6: 434984139 | U6: 2.4199831 | V6: 0.010261261 | W6: 1.5251627
A7: 141154852 | B7: 亗Zolotashkoツ | C7: 65391798 | D7: 2675529601 | E7: 89647029 | F7: 1978205 | G7: 3468084 | H7: 1225340 | I7: 2.2871987e+08 | J7: 1.2095813e+08 | K7: 3.5650598e+08 | L7: 1083671 | M7: 8013962 | N7: 7975141 | O7: 15989103 | P7: TBA | Q7: TBA | R7: 1503565 | S7: -12827345 | T7: 243730534 | U7: 1.065629 | V7: 0.012430458 | W7: 0.68366464
A8: 2463403 | B8: ᵁᴺHeliosツ | C8: 84673431 | D8: 7621387913 | E8: 227682218 | F8: 753370 | G8: 11007312 | H8: 173111 | I8: 3.3338677e+08 | J8: 1.6747728e+08 | K8: 5.038375e+08 | L8: 15337 | M8: 1558111 | N8: 21252134 | O8: 22810245 | P8: TBA | Q8: TBA | R8: 727276 | S8: -9292449 | T8: 440626896 | U8: 1.3216688 | V8: 0.0043425354 | W8: 0.87454168
A9: 27578537 | B9: Luki92 | C9: 81488744 | D9: 3121152741 | E9: 118629282 | F9: 625592 | G9: 5618630 | H9: 655706 | I9: 2.9795937e+08 | J9: 1.5231321e+08 | K9: 4.5455901e+08 | L9: 189799 | M9: 1108214 | N9: 13346866 | O9: 14455080 | P9: TBA | Q9: TBA | R9: 839847 | S9: -10831625 | T9: 278102234 | U9: 0.93335623 | V9: 0.0055139471 | W9: 0.61180667
A10: 172021868 | B10: ᵁᴺAnshii | C10: 69420000 | D10: 973152935 | E10: 204752321 | F10: 695138 | G10: 9889866 | H10: 377159 | I10: 1.9131007e+08 | J10: 1.027356e+08 | K10: 3.0222852e+08 | L10: 6276 | M10: 972342 | N10: 15009432 | O10: 15981774 | P10: TBA | Q10: TBA | R10: 527261 | S10: -2547120 | T10: 309916379 | U10: 1.619969 | V10: 0.0051322134 | W10: 1.0254372
A11: 64966340 | B11: ᵁᴺPisontije | C11: 91866784 | D11: 4825296079 | E11: 416818726 | F11: 1885023 | G11: 19898366 | H11: 659603 | I11: 4.7030265e+08 | J11: 2.2230328e+08 | K11: 6.9045112e+08 | L11: 114340 | M11: 3664368 | N11: 30931455 | O11: 34595823 | P11: TBA | Q11: TBA | R11: 1278779 | S11: -18680952 | T11: 655348952 | U11: 1.3934622 | V11: 0.0057524073 | W11: 0.94916053
A12: 190550149 | B12: Lach Zielas | C12: 21594615 | D12: 37033691 | E12: 1460376 | F12: 15006 | G12: 65513 | H12: 59073 | I12: 24455225 | J12: -25161462 | K12: 12853530 | L12: 449491 | M12: 334700 | N12: 100877 | O12: 435577 | P12: TBA | Q12: TBA | R12: 108346 | S12: -203328 | T12: 5770594 | U12: 0.23596569 | V12: -0.0043060296 | W12: 0.44895015
A13: 171503078 | B13: メCalメ | C13: 73335869 | D13: 1345187435 | E13: 153556773 | F13: 444131 | G13: 7455455 | H13: 478488 | I13: 2.2599923e+08 | J13: 1.196685e+08 | K13: 3.5259476e+08 | L13: 4527 | M13: 816344 | N13: 13138768 | O13: 13955112 | P13: TBA | Q13: TBA | R13: 645195 | S13: -7375313 | T13: 270946763 | U13: 1.1988836 | V13: 0.0053915189 | W13: 0.76843672
A14: 67071592 | B14: ᵁᴺ乄Bツ | C14: 83105284 | D14: 10084983316 | E14: 231003365 | F14: 1262654 | G14: 10918610 | H14: 146813 | I14: 2.8417475e+08 | J14: 1.4626924e+08 | K14: 4.3523924e+08 | L14: 34600 | M14: 1909890 | N14: 17562233 | O14: 19472123 | P14: TBA | Q14: TBA | R14: 591298 | S14: -4588760 | T14: 370352490 | U14: 1.3032562 | V14: 0.0040425314 | W14: 0.85091704
A15: 74556991 | B15: 乄Narcissus | C15: 67919262 | D15: 2666085164 | E15: 243211593 | F15: 1183656 | G15: 11567251 | H15: 808939 | I15: 2.7018755e+08 | J15: 1.4004413e+08 | K15: 4.1554191e+08 | L15: 34373 | M15: 1993619 | N15: 17430576 | O15: 19424195 | P15: TBA | Q15: TBA | R15: 1289753 | S15: -17116907 | T15: 368586889 | U15: 1.364189 | V15: 0.0092096186 | W15: 0.88700293
... A181: 144209360 | B181: Gigad sigma | C181: 0 | D181: 0 | E181: 0 | F181: 0 | G181: 0 | H181: 0 | I181: 24118238 | J181: -39903955 | K181: -2422036.5 | L181: 0 | M181: 0 | N181: 0 | O181: 0 | P181: TBA | Q181: TBA | R181: 0 | S181: 0 | T181: 0 | U181: 0 | V181: 0 | W181: 0
L182: =SUM(L4:L181) -> 9161974 | M182: =SUM(M4:M181) -> 88143205 | N182: =SUM(N4:N181) -> 477581077 | O182: =SUM(O4:O181) -> 565724282 | P182: =SUM(P4:P181) -> 0 | Q182: =SUM(Q4:Q181) -> 0 | R182: =SUM(R4:R181) -> 59735540 | S182: =SUM(S4:S181) -> -691432664 | T182: =SUM(T4:T181) -> 10446070487

Sheet Altar 1 Report
A1: Altar 1 Report (21-22 December 2025)
A2: Basic Data | I2: Requirements | K2: Player Goal | L2: Results | U2: Player Progress
A3: Governor ID | B3: Name | C3: Power | D3: KP | E3: Altar 1 KP Gained | F3: Altar 1 T4 Kills | G3: Altar 1 T5 Kills | H3: Altar 1 Dead | I3: Minimum KP | J3: Minimum Dead | K3: KP Goal | L3: T1 Trade? | M3: Total T4 Kills | N3: Total T5 Kills | O3: Total Kills | P3: Total T4 Dead | Q3: Total T5 Dead | R3: Total Dead | S3: Total Power Diff | T3: Total KP Gained | U3: % Min KP | V3: % Min Dead | W3: % Goal
A4: 11726598 | B4: ᵁᴺLazy Catツ | C4: 79542171 | D4: 8138935904 | E4: 47107580 | F4: 134628 | G4: 2288065 | H4: =VLOOKUP(A4,SoC_Data!A:AF,29,FALSE)-VLOOKUP(A4,SoC_Data!A:AF,22,FALSE) -> 0 | I4: 3.013558e+08 | J4: 1.5378933e+08 | K4: 4.59306e+08 | L4: 5535 | M4: 2090496 | N4: 29295087 | O4: 31385583 | P4: TBA | Q4: TBA | R4: 208801 | S4: -9419249 | T4: 606813275 | U4: 2.0136108 | V4: 0.001357708 | W4: 1.3211525
A5: 169446444 | B5: ᵁᴺLiwenツ | C5: 59582795 | D5: 901221061 | E5: 580990 | F5: 111 | G5: 28994 | H5: =VLOOKUP(A5,SoC_Data!A:AF,29,FALSE)-VLOOKUP(A5,SoC_Data!A:AF,22,FALSE) -> 1 | I5: 1.268709e+08 | J5: 67952655 | K5: 2.0529172e+08 | L5: 514 | M5: 438067 | N5: 7102303 | O5: 7540370 | P5: TBA | Q5: TBA | R5: 194665 | S5: -1928335 | T5: 146432303 | U5: 1.1541835 | V5: 0.0028647151 | W5: 0.71328888
A6: 169326547 | B6: ᵁᴺSexyRickツ | C6: 66486279 | D6: 3088495654 | E6: 25929680 | F6: 60376 | G6: 1266296 | H6: =VLOOKUP(A6,SoC_Data!A:AF,29,FALSE)-VLOOKUP(A6,SoC_Data!A:AF,22,FALSE) -> 0 | I6: 1.7974677e+08 | J6: 96860127 | K6: 2.8520507e+08 | L6: 128 | M6: 975737 | N6: 8622103 | O6: 9597840 | P6: TBA | Q6: TBA | R6: 444029 | S6: -3992182 | T6: 182258060 | U6: 1.0139713 | V6: 0.004584229 | W6: 0.63904214
A7: 141154852 | B7: 亗Zolotashkoツ | C7: 73334127 | D7: 2585882572 | E7: 19277761 | F7: 744797 | G7: 559951 | H7: =VLOOKUP(A7,SoC_Data!A:AF,29,FALSE)-VLOOKUP(A7,SoC_Data!A:AF,22,FALSE) -> 0 | I7: 2.2871987e+08 | J7: 1.2095813e+08 | K7: 3.5650598e+08 | L7: 395517 | M7: 6035757 | N7: 4507057 | O7: 10542814 | P7: TBA | Q7: TBA | R7: 278225 | S7: -4885016 | T7: 154083505 | U7: 0.67367783 | V7: 0.0023001761 | W7: 0.43220454
A8: 2463403 | B8: ᵁᴺHeliosツ | C8: 85426105 | D8: 7393705695 | E8: 11412210 | F8: 10385 | G8: 565418 | H8: =VLOOKUP(A8,SoC_Data!A:AF,29,FALSE)-VLOOKUP(A8,SoC_Data!A:AF,22,FALSE) -> 0 | I8: 3.3338677e+08 | J8: 1.6747728e+08 | K8: 5.038375e+08 | L8: 3948 | M8: 804741 | N8: 10244822 | O8: 11049563 | P8: TBA | Q8: TBA | R8: 554165 | S8: -8539775 | T8: 212944678 | U8: 0.63873163 | V8: 0.0033088966 | W8: 0.42264555
A9: 27578537 | B9: Luki92 | C9: 86598919 | D9: 3002523459 | E9: 11845835 | F9: 50046 | G9: 565725 | H9: =VLOOKUP(A9,SoC_Data!A:AF,29,FALSE)-VLOOKUP(A9,SoC_Data!A:AF,22,FALSE) -> 0 | I9: 2.9795937e+08 | J9: 1.5231321e+08 | K9: 4.5455901e+08 | L9: 189449 | M9: 482622 | N9: 7728236 | O9: 8210858 | P9: TBA | Q9: TBA | R9: 184141 | S9: -5721450 | T9: 159472952 | U9: 0.53521711 | V9: 0.0012089627 | W9: 0.35083003
A10: 172021868 | B10: ᵁᴺAnshii | C10: 71444600 | D10: 768400614 | E10: 13864480 | F10: 30846 | G10: 677801 | H10: =VLOOKUP(A10,SoC_Data!A:AF,29,FALSE)-VLOOKUP(A10,SoC_Data!A:AF,22,FALSE) -> 0 | I10: 1.9131007e+08 | J10: 1.027356e+08 | K10: 3.0222852e+08 | L10: 0 | M10: 277204 | N10: 5119566 | O10: 5396770 | P10: TBA | Q10: TBA | R10: 150102 | S10: -522520 | T10: 105164058 | U10: 0.54970478 | V10: 0.0014610515 | W10: 0.34796206
A11: 64966340 | B11: ᵁᴺPisontije | C11: 100967826 | D11: 4408477353 | E11: 7388180 | F11: 12056 | G11: 363381 | H11: =VLOOKUP(A11,SoC_Data!A:AF,29,FALSE)-VLOOKUP(A11,SoC_Data!A:AF,22,FALSE) -> 0 | I11: 4.7030265e+08 | J11: 2.2230328e+08 | K11: 6.9045112e+08 | L11: 114338 | M11: 1779345 | N11: 11033089 | O11: 12812434 | P11: TBA | Q11: TBA | R11: 619176 | S11: -9579910 | T11: 238530226 | U11: 0.50718453 | V11: 0.0027852761 | W11: 0.34547011
A12: 190550149 | B12: Lach Zielas | C12: 21027768 | D12: 35573315 | E12: 2122976 | F12: 178897 | G12: 0 | H12: =VLOOKUP(A12,SoC_Data!A:AF,29,FALSE)-VLOOKUP(A12,SoC_Data!A:AF,22,FALSE) -> 22965 | I12: 24455225 | J12: -25161462 | K12: 12853530 | L12: 449491 | M12: 319694 | N12: 35364 | O12: 355058 | P12: TBA | Q12: TBA | R12: 49273 | S12: -770175 | T12: 4310218 | U12: 0.17624937 | V12: -0.0019582726 | W12: 0.33533342
A13: 171503078 | B13: メCalメ | C13: 72648278 | D13: 1191630662 | E13: 15712200 | F13: 19938 | G13: 775641 | H13: =VLOOKUP(A13,SoC_Data!A:AF,29,FALSE)-VLOOKUP(A13,SoC_Data!A:AF,22,FALSE) -> 0 | I13: 2.2599923e+08 | J13: 1.196685e+08 | K13: 3.5259476e+08 | L13: 0 | M13: 372213 | N13: 5683313 | O13: 6055526 | P13: TBA | Q13: TBA | R13: 166707 | S13: -8062904 | T13: 117389990 | U13: 0.5194265 | V13: 0.0013930733 | W13: 0.33293175
A14: 67071592 | B14: ᵁᴺ乄Bツ | C14: 84072866 | D14: 9853979951 | E14: 15305466 | F14: 43044 | G14: 743662 | H14: =VLOOKUP(A14,SoC_Data!A:AF,29,FALSE)-VLOOKUP(A14,SoC_Data!A:AF,22,FALSE) -> 0 | I14: 2.8417475e+08 | J14: 1.4626924e+08 | K14: 4.3523924e+08 | L14: 12865 | M14: 647236 | N14: 6643623 | O14: 7290859 | P14: TBA | Q14: TBA | R14: 444485 | S14: -3621178 | T14: 139349125 | U14: 0.49036421 | V14: 0.0030388139 | W14: 0.32016673
A15: 74556991 | B15: 乄Narcissus | C15: 78383048 | D15: 2422873571 | E15: 10579280 | F15: 13504 | G15: 522212 | H15: =VLOOKUP(A15,SoC_Data!A:AF,29,FALSE)-VLOOKUP(A15,SoC_Data!A:AF,22,FALSE) -> 0 | I15: 2.7018755e+08 | J15: 1.4004413e+08 | K15: 4.1554191e+08 | L15: 5591 | M15: 809963 | N15: 5863325 | O15: 6673288 | P15: TBA | Q15: TBA | R15: 480814 | S15: -6653121 | T15: 125375296 | U15: 0.46403062 | V15: 0.0034333036 | W15: 0.30171517
... A142: 144100838 | B142: Temirlan1 | C142: 0 | D142: 0 | E142: 0 | F142: 0 | G142: 0 | H142: =VLOOKUP(A142,SoC_Data!A:AF,29,FALSE)-VLOOKUP(A142,SoC_Data!A:AF,22,FALSE) -> 0 | I142: 38477000 | J142: -61518000 | K142: -10606100 | L142: 0 | M142: 0 | N142: 0 | O142: 0 | P142: TBA | Q142: TBA | R142: 0 | S142: 0 | T142: 0 | U142: 0 | V142: 0 | W142: 0
A143: 144030384 | B143: Gobernador144030384 | C143: 0 | D143: 0 | E143: 0 | F143: 0 | G143: 0 | H143: 0 | I143: 28693733 | J143: -14079017 | K143: 28149820 | L143: 0 | M143: 0 | N143: 0 | O143: 0 | P143: TBA | Q143: TBA | R143: 0 | S143: 0 | T143: 0 | U143: 0 | V143: 0 | W143: 0
A144: 117526833 | B144: BAKİ HAN | C144: 14975074 | D144: 1338678 | E144: 0 | F144: 0 | G144: 0 | H144: =VLOOKUP(A144,SoC_Data!A:AF,29,FALSE)-VLOOKUP(A144,SoC_Data!A:AF,22,FALSE) -> 0 | I144: 23630335 | J144: -36920782 | K144: 136921.87 | L144: 0 | M144: 0 | N144: 0 | O144: 0 | P144: TBA | Q144: TBA | R144: 0 | S144: 315393 | T144: 0 | U144: 0 | V144: 0 | W144: 0
A145: 143551941 | B145: ᴸᵒᶠ Mz | C145: 42380578 | D145: 146157717 | E145: 0 | F145: 0 | G145: 0 | H145: =VLOOKUP(A145,SoC_Data!A:AF,29,FALSE)-VLOOKUP(A145,SoC_Data!A:AF,22,FALSE) -> 0 | I145: 60920178 | J145: 22790835 | K145: 96381467 | L145: 0 | M145: 0 | N145: 0 | O145: 0 | P145: TBA | Q145: TBA | R145: 0 | S145: 0 | T145: 0 | U145: 0 | V145: 0 | W145: 0
A146: 144052871 | B146: RummyGill | C146: 36265396 | D146: 10830023 | E146: 0 | F146: 0 | G146: 0 | H146: =VLOOKUP(A146,SoC_Data!A:AF,29,FALSE)-VLOOKUP(A146,SoC_Data!A:AF,22,FALSE) -> 0 | I146: 44682477 | J146: 7543002.6 | K146: 65379169 | L146: 0 | M146: 0 | N146: 0 | O146: 0 | P146: TBA | Q146: TBA | R146: 0 | S146: 87000 | T146: 0 | U146: 0 | V146: 0 | W146: 0
A147: 144068963 | B147: Writer11 | C147: 18115284 | D147: 1242154 | E147: 0 | F147: 0 | G147: 0 | H147: =VLOOKUP(A147,SoC_Data!A:AF,29,FALSE)-VLOOKUP(A147,SoC_Data!A:AF,22,FALSE) -> 0 | I147: 23572912 | J147: -30443736 | K147: 6651566.7 | L147: 0 | M147: 0 | N147: 0 | O147: 0 | P147: TBA | Q147: TBA | R147: 0 | S147: 776 | T147: 0 | U147: 0 | V147: 0 | W147: 0
A148: 171799293 | B148: FixiHartMan1 | C148: 0 | D148: 0 | E148: 0 | F148: 0 | G148: 0 | H148: =VLOOKUP(A148,SoC_Data!A:AF,29,FALSE)-VLOOKUP(A148,SoC_Data!A:AF,22,FALSE) -> 0 | I148: 38477000 | J148: -61518000 | K148: -10606100 | L148: 0 | M148: 0 | N148: 0 | O148: 0 | P148: TBA | Q148: TBA | R148: 0 | S148: 0 | T148: 0 | U148: 0 | V148: 0 | W148: 0
A149: 143088559 | B149: ᵂʷ LTA TáO | C149: 70276733 | D149: 463290559 | E149: 0 | F149: 0 | G149: 0 | H149: =VLOOKUP(A149,SoC_Data!A:AF,29,FALSE)-VLOOKUP(A149,SoC_Data!A:AF,22,FALSE) -> 0 | I149: 1.8260564e+08 | J149: 98324925 | K149: 2.8942624e+08 | L149: 0 | M149: 0 | N149: 0 | O149: 0 | P149: TBA | Q149: TBA | R149: 0 | S149: 297660 | T149: 0 | U149: 0 | V149: 0 | W149: 0
A150: 155415774 | B150: Juno67 | C150: 52506757 | D150: 445068489 | E150: 0 | F150: 0 | G150: 0 | H150: =VLOOKUP(A150,SoC_Data!A:AF,29,FALSE)-VLOOKUP(A150,SoC_Data!A:AF,22,FALSE) -> 0 | I150: 95889569 | J150: 48681628 | K150: 1.561017e+08 | L150: 0 | M150: 0 | N150: 0 | O150: 0 | P150: TBA | Q150: TBA | R150: 0 | S150: 0 | T150: 0 | U150: 0 | V150: 0 | W150: 0
A151: 127560055 | B151: BeyyGirl | C151: 55381774 | D151: 537189192 | E151: 0 | F151: 0 | G151: 0 | H151: =VLOOKUP(A151,SoC_Data!A:AF,29,FALSE)-VLOOKUP(A151,SoC_Data!A:AF,22,FALSE) -> 0 | I151: 1.0250604e+08 | J151: 53005145 | K151: 1.6681779e+08 | L151: 0 | M151: 0 | N151: 0 | O151: 0 | P151: TBA | Q151: TBA | R151: 0 | S151: 1263972 | T151: 0 | U151: 0 | V151: 0 | W151: 0
A152: 144049503 | B152: D0KTOR | C152: 47694107 | D152: 151533045 | E152: 0 | F152: 0 | G152: 0 | H152: =VLOOKUP(A152,SoC_Data!A:AF,29,FALSE)-VLOOKUP(A152,SoC_Data!A:AF,22,FALSE) -> 0 | I152: 77845765 | J152: 36100177 | K152: 1.2607576e+08 | L152: 0 | M152: 0 | N152: 0 | O152: 0 | P152: TBA | Q152: TBA | R152: 0 | S152: 0 | T152: 0 | U152: 0 | V152: 0 | W152: 0
A153: 172015122 | B153: БОБОО79 | C153: 47614722 | D153: 69641716 | E153: 0 | F153: 0 | G153: 0 | H153: =VLOOKUP(A153,SoC_Data!A:AF,29,FALSE)-VLOOKUP(A153,SoC_Data!A:AF,22,FALSE) -> 0 | I153: 75668095 | J153: 34485345 | K153: 1.2235421e+08 | L153: 0 | M153: 0 | N153: 0 | O153: 0 | P153: TBA | Q153: TBA | R153: 0 | S153: 552544 | T153: 0 | U153: 0 | V153: 0 | W153: 0
A154: 115990558 | B154: T5Player | C154: 0 | D154: 0 | E154: 0 | F154: 0 | G154: 0 | H154: =VLOOKUP(A154,SoC_Data!A:AF,29,FALSE)-VLOOKUP(A154,SoC_Data!A:AF,22,FALSE) -> 0 | I154: 38477000 | J154: -61518000 | K154: -10606100 | L154: 0 | M154: 0 | N154: 0 | O154: 0 | P154: TBA | Q154: TBA | R154: 0 | S154: 0 | T154: 0 | U154: 0 | V154: 0 | W154: 0
A155: 144064126 | B155: MAESTRR | C155: 47915350 | D155: 328313084 | E155: 0 | F155: 0 | G155: 0 | H155: =VLOOKUP(A155,SoC_Data!A:AF,29,FALSE)-VLOOKUP(A155,SoC_Data!A:AF,22,FALSE) -> 0 | I155: 77397946 | J155: 35770077 | K155: 1.2531246e+08 | L155: 0 | M155: 0 | N155: 0 | O155: 0 | P155: TBA | Q155: TBA | R155: 0 | S155: 123336 | T155: 0 | U155: 0 | V155: 0 | W155: 0
... A159: 171985458 | B159: SkullFroik | C159: 0 | D159: 0 | E159: 0 | F159: 0 | G159: 0 | H159: =VLOOKUP(A159,SoC_Data!A:AF,29,FALSE)-VLOOKUP(A159,SoC_Data!A:AF,22,FALSE) -> 0 | I159: 38477000 | J159: -61518000 | K159: -10606100 | L159: 0 | M159: 0 | N159: 0 | O159: 0 | P159: TBA | Q159: TBA | R159: 0 | S159: 0 | T159: 0 | U159: 0 | V159: 0 | W159: 0
A160: 64767252 | B160: ɴᴏʙɪᴛa | C160: 0 | D160: 0 | E160: 0 | F160: 0 | G160: 0 | H160: 0 | I160: 39946624 | J160: 2258245.8 | K160: 55487532 | L160: 0 | M160: 0 | N160: 0 | O160: 0 | P160: TBA | Q160: TBA | R160: 0 | S160: 0 | T160: 0 | U160: 0 | V160: 0 | W160: 0
A161: 139139149 | B161: ᶟᶦAntony925 | C161: 31761394 | D161: 320667170 | E161: 0 | F161: 0 | G161: 0 | H161: =VLOOKUP(A161,SoC_Data!A:AF,29,FALSE)-VLOOKUP(A161,SoC_Data!A:AF,22,FALSE) -> 0 | I161: 36515448 | J161: -1979502.3 | K161: 47906207 | L161: 0 | M161: 0 | N161: 0 | O161: 0 | P161: TBA | Q161: TBA | R161: 0 | S161: 0 | T161: 0 | U161: 0 | V161: 0 | W161: 0
A162: 148890128 | B162: WarLockF3 | C162: 31218492 | D162: 26185762 | E162: 0 | F162: 0 | G162: 0 | H162: =VLOOKUP(A162,SoC_Data!A:AF,29,FALSE)-VLOOKUP(A162,SoC_Data!A:AF,22,FALSE) -> 0 | I162: 34873130 | J162: -4174345 | K162: 44108597 | L162: 0 | M162: 0 | N162: 0 | O162: 0 | P162: TBA | Q162: TBA | R162: 0 | S162: 259372 | T162: 0 | U162: 0 | V162: 0 | W162: 0
A163: 161551529 | B163: sd Mq | C163: 0 | D163: 0 | E163: 0 | F163: 0 | G163: 0 | H163: =VLOOKUP(A163,SoC_Data!A:AF,29,FALSE)-VLOOKUP(A163,SoC_Data!A:AF,22,FALSE) -> 0 | I163: 38477000 | J163: -61518000 | K163: -10606100 | L163: 0 | M163: 0 | N163: 0 | O163: 0 | P163: TBA | Q163: TBA | R163: 0 | S163: 0 | T163: 0 | U163: 0 | V163: 0 | W163: 0
A164: 172219261 | B164: Valhallas Gate | C164: 30616144 | D164: 9107647 | E164: 0 | F164: 0 | G164: 0 | H164: =VLOOKUP(A164,SoC_Data!A:AF,29,FALSE)-VLOOKUP(A164,SoC_Data!A:AF,22,FALSE) -> 0 | I164: 33726602 | J164: -5787818.8 | K164: 41375046 | L164: 0 | M164: 0 | N164: 0 | O164: 0 | P164: TBA | Q164: TBA | R164: 0 | S164: 354000 | T164: 0 | U164: 0 | V164: 0 | W164: 0
A165: 144094596 | B165: prince slavik | C165: 29990017 | D165: 85917526 | E165: 0 | F165: 0 | G165: 0 | H165: =VLOOKUP(A165,SoC_Data!A:AF,29,FALSE)-VLOOKUP(A165,SoC_Data!A:AF,22,FALSE) -> 0 | I165: 31814109 | J165: -8664513.5 | K165: 36627332 | L165: 0 | M165: 0 | N165: 0 | O165: 0 | P165: TBA | Q165: TBA | R165: 0 | S165: 0 | T165: 0 | U165: 0 | V165: 0 | W165: 0
A166: 142593039 | B166: ᴸᶠdarkAngel | C166: 0 | D166: 0 | E166: 0 | F166: 0 | G166: 0 | H166: =VLOOKUP(A166,SoC_Data!A:AF,29,FALSE)-VLOOKUP(A166,SoC_Data!A:AF,22,FALSE) -> 0 | I166: 38477000 | J166: -61518000 | K166: -10606100 | L166: 0 | M166: 0 | N166: 0 | O166: 0 | P166: TBA | Q166: TBA | R166: 0 | S166: 0 | T166: 0 | U166: 0 | V166: 0 | W166: 0
A167: 145295709 | B167: ᴸᶠnapasMARK | C167: 26376346 | D167: 33008222 | E167: 0 | F167: 0 | G167: 0 | H167: =VLOOKUP(A167,SoC_Data!A:AF,29,FALSE)-VLOOKUP(A167,SoC_Data!A:AF,22,FALSE) -> 0 | I167: 28931327 | J167: -13623291 | K167: 28839392 | L167: 0 | M167: 0 | N167: 0 | O167: 0 | P167: TBA | Q167: TBA | R167: 0 | S167: 6700 | T167: 0 | U167: 0 | V167: 0 | W167: 0
A168: 183952984 | B168: СЛАДУР | C168: 28002934 | D168: 11502563 | E168: 0 | F168: 0 | G168: 0 | H168: =VLOOKUP(A168,SoC_Data!A:AF,29,FALSE)-VLOOKUP(A168,SoC_Data!A:AF,22,FALSE) -> 0 | I168: 30886911 | J168: -10162459 | K168: 34220820 | L168: 0 | M168: 0 | N168: 0 | O168: 0 | P168: TBA | Q168: TBA | R168: 0 | S168: 0 | T168: 0 | U168: 0 | V168: 0 | W168: 0
A169: 76433570 | B169: Chalva | C169: 0 | D169: 0 | E169: 0 | F169: 0 | G169: 0 | H169: =VLOOKUP(A169,SoC_Data!A:AF,29,FALSE)-VLOOKUP(A169,SoC_Data!A:AF,22,FALSE) -> 0 | I169: 38477000 | J169: -61518000 | K169: -10606100 | L169: 0 | M169: 0 | N169: 0 | O169: 0 | P169: TBA | Q169: TBA | R169: 0 | S169: 0 | T169: 0 | U169: 0 | V169: 0 | W169: 0
A170: 140545176 | B170: TURBO23 | C170: 23106762 | D170: 9042295 | E170: 0 | F170: 0 | G170: 0 | H170: =VLOOKUP(A170,SoC_Data!A:AF,29,FALSE)-VLOOKUP(A170,SoC_Data!A:AF,22,FALSE) -> 0 | I170: 25914174 | J170: -20364470 | K170: 19115015 | L170: 0 | M170: 0 | N170: 0 | O170: 0 | P170: TBA | Q170: TBA | R170: 0 | S170: 0 | T170: 0 | U170: 0 | V170: 0 | W170: 0
A171: 116425532 | B171: ᴹᴳKING1亗 | C171: 0 | D171: 0 | E171: 0 | F171: 0 | G171: 0 | H171: 0 | I171: 26658579 | J171: -18453794 | K171: 21765255 | L171: 0 | M171: 0 | N171: 0 | O171: 0 | P171: TBA | Q171: TBA | R171: 0 | S171: 0 | T171: 0 | U171: 0 | V171: 0 | W171: 0
A172: 129862445 | B172: oxumaki menma | C172: 0 | D172: 0 | E172: 0 | F172: 0 | G172: 0 | H172: =VLOOKUP(A172,SoC_Data!A:AF,29,FALSE)-VLOOKUP(A172,SoC_Data!A:AF,22,FALSE) -> 0 | I172: 38477000 | J172: -61518000 | K172: -10606100 | L172: 0 | M172: 0 | N172: 0 | O172: 0 | P172: TBA | Q172: TBA | R172: 0 | S172: 0 | T172: 0 | U172: 0 | V172: 0 | W172: 0
A173: 144096624 | B173: ᴸᶠ백화점 진열대 | C173: 0 | D173: 0 | E173: 0 | F173: 0 | G173: 0 | H173: =VLOOKUP(A173,SoC_Data!A:AF,29,FALSE)-VLOOKUP(A173,SoC_Data!A:AF,22,FALSE) -> 0 | I173: 38477000 | J173: -61518000 | K173: -10606100 | L173: 0 | M173: 0 | N173: 0 | O173: 0 | P173: TBA | Q173: TBA | R173: 0 | S173: 0 | T173: 0 | U173: 0 | V173: 0 | W173: 0
A174: 120777788 | B174: Statthalter120777788 | C174: 0 | D174: 0 | E174: 0 | F174: 0 | G174: 0 | H174: =VLOOKUP(A174,SoC_Data!A:AF,29,FALSE)-VLOOKUP(A174,SoC_Data!A:AF,22,FALSE) -> 0 | I174: 38477000 | J174: -61518000 | K174: -10606100 | L174: 0 | M174: 0 | N174: 0 | O174: 0 | P174: TBA | Q174: TBA | R174: 0 | S174: 0 | T174: 0 | U174: 0 | V174: 0 | W174: 0
A175: 62280166 | B175: Bonsy | C175: 0 | D175: 0 | E175: 0 | F175: 0 | G175: 0 | H175: 0 | I175: 23561070 | J175: -30576715 | K175: 6505356.7 | L175: 0 | M175: 0 | N175: 0 | O175: 0 | P175: TBA | Q175: TBA | R175: 0 | S175: 0 | T175: 0 | U175: 0 | V175: 0 | W175: 0
A176: 137840286 | B176: DươngSợYêu | C176: 0 | D176: 0 | E176: 0 | F176: 0 | G176: 0 | H176: =VLOOKUP(A176,SoC_Data!A:AF,29,FALSE)-VLOOKUP(A176,SoC_Data!A:AF,22,FALSE) -> 0 | I176: 38477000 | J176: -61518000 | K176: -10606100 | L176: 0 | M176: 0 | N176: 0 | O176: 0 | P176: TBA | Q176: TBA | R176: 0 | S176: 0 | T176: 0 | U176: 0 | V176: 0 | W176: 0
A177: 68699875 | B177: Sabano | C177: 0 | D177: 0 | E177: 0 | F177: 0 | G177: 0 | H177: =VLOOKUP(A177,SoC_Data!A:AF,29,FALSE)-VLOOKUP(A177,SoC_Data!A:AF,22,FALSE) -> 0 | I177: 38477000 | J177: -61518000 | K177: -10606100 | L177: 0 | M177: 0 | N177: 0 | O177: 0 | P177: TBA | Q177: TBA | R177: 0 | S177: 0 | T177: 0 | U177: 0 | V177: 0 | W177: 0
A178: 87579313 | B178: Bearditch F1 | C178: 13187200 | D178: 2825806 | E178: 0 | F178: 0 | G178: 0 | H178: =VLOOKUP(A178,SoC_Data!A:AF,29,FALSE)-VLOOKUP(A178,SoC_Data!A:AF,22,FALSE) -> 0 | I178: 24023169 | J178: -39445178 | K178: -2047668.2 | L178: 0 | M178: 0 | N178: 0 | O178: 0 | P178: TBA | Q178: TBA | R178: 0 | S178: 0 | T178: 0 | U178: 0 | V178: 0 | W178: 0
A179: 143587490 | B179: amigo555 | C179: 0 | D179: 0 | E179: 0 | F179: 0 | G179: 0 | H179: =VLOOKUP(A179,SoC_Data!A:AF,29,FALSE)-VLOOKUP(A179,SoC_Data!A:AF,22,FALSE) -> 0 | I179: 38477000 | J179: -61518000 | K179: -10606100 | L179: 0 | M179: 0 | N179: 0 | O179: 0 | P179: TBA | Q179: TBA | R179: 0 | S179: 0 | T179: 0 | U179: 0 | V179: 0 | W179: 0
A180: 171293992 | B180: H ム l D E R | C180: 0 | D180: 0 | E180: 0 | F180: 0 | G180: 0 | H180: =VLOOKUP(A180,SoC_Data!A:AF,29,FALSE)-VLOOKUP(A180,SoC_Data!A:AF,22,FALSE) -> 0 | I180: 38477000 | J180: -61518000 | K180: -10606100 | L180: 0 | M180: 0 | N180: 0 | O180: 0 | P180: TBA | Q180: TBA | R180: 0 | S180: 0 | T180: 0 | U180: 0 | V180: 0 | W180: 0
A181: 144209360 | B181: Gigad sigma | C181: 12216777 | D181: 1652323 | E181: 152409 | F181: 15240 | G181: 0 | H181: =VLOOKUP(A181,SoC_Data!A:AF,29,FALSE)-VLOOKUP(A181,SoC_Data!A:AF,22,FALSE) -> 51158 | I181: 24118238 | J181: -39903955 | K181: -2422036.5 | L181: 45 | M181: 15240 | N181: 0 | O181: 15240 | P181: TBA | Q181: TBA | R181: 51158 | S181: -717458 | T181: 152409 | U181: 0.0063192428 | V181: -0.0012820283 | W181: -0.06292597
L182: =SUM(L4:L181) -> 2781306 | M182: =SUM(M4:M181) -> 35163636 | N182: =SUM(N4:N181) -> 208734809 | O182: =SUM(O4:O181) -> 243898445 | P182: =SUM(P4:P181) -> 0 | Q182: =SUM(Q4:Q181) -> 0 | R182: =SUM(R4:R181) -> 26052660 | S182: =SUM(S4:S181) -> -333914751 | T182: =SUM(T4:T181) -> 4531661709

Sheet Pass 4 Report
A1: Pass 4 Report (11-15 December 2025)
A2: Basic Data | E2: Requirements | G2: Player Goal | H2: Results | Q2: Player Progress
A3: Governor ID | B3: Name | C3: Power | D3: KP | E3: Minimum KP | F3: Minimum Dead | G3: KP Goal | H3: T1 Trade? | I3: Total T4 Kills | J3: Total T5 Kills | K3: Total Kills | L3: Total T4 Dead | M3: Total T5 Dead | N3: Total Dead | O3: Total Power Diff | P3: Total KP Gained | Q3: % Min KP | R3: % Min Dead | S3: % Goal
A4: 11726598 | B4: ᵁᴺLazy Catツ | C4: 84488161 | D4: 8091828324 | E4: 3.013558e+08 | F4: 1.5378933e+08 | G4: 4.59306e+08 | H4: 5535 | I4: 1955868 | J4: 27007022 | K4: 28962890 | L4: TBA | M4: TBA | N4: 208801 | O4: -2594059 | P4: 559705695 | Q4: 1.857292 | R4: 0.001357708 | S4: 1.21859
A5: 169446444 | B5: ᵁᴺLiwenツ | C5: 57449966 | D5: 900640071 | E5: 1.268709e+08 | F5: 67952655 | G5: 2.0529172e+08 | H5: 514 | I5: 437956 | J5: 7073309 | K5: 7511265 | L5: TBA | M5: TBA | N5: 194664 | O5: -2084334 | P5: 145851313 | Q5: 1.1496042 | R5: 0.0028647004 | S5: 0.71045881
A6: 169326547 | B6: ᵁᴺSexyRickツ | C6: 65908457 | D6: 3062565974 | E6: 1.7974677e+08 | F6: 96860127 | G6: 2.8520507e+08 | H6: 128 | I6: 915361 | J6: 7355807 | K6: 8271168 | L6: TBA | M6: TBA | N6: 444029 | O6: -3508800 | P6: 156328380 | Q6: 0.86971456 | R6: 0.004584229 | S6: 0.54812623
A7: 2463403 | B7: ᵁᴺHeliosツ | C7: 83289877 | D7: 7360126105 | E7: 3.3338677e+08 | F7: 1.6747728e+08 | G7: 5.038375e+08 | H7: 3948 | I7: 794356 | J7: 9679404 | K7: 10473760 | L7: TBA | M7: TBA | N7: 554165 | O7: -7752470 | P7: 201532468 | Q7: 0.60450049 | R7: 0.0033088966 | S7: 0.39999497
A8: 141154852 | B8: 亗Zolotashkoツ | C8: 73026801 | D8: 2546941635 | E8: 2.2871987e+08 | F8: 1.2095813e+08 | G8: 3.5650598e+08 | H8: 346581 | I8: 5290960 | J8: 3947106 | K8: 9238066 | L8: TBA | M8: TBA | N8: 278225 | O8: -4125586 | P8: 134805744 | Q8: 0.58939236 | R8: 0.0023001761 | S8: 0.37813038
A9: 64966340 | B9: ᵁᴺPisontije | C9: 96560930 | D9: 4389523123 | E9: 4.7030265e+08 | F9: 2.2230328e+08 | G9: 6.9045112e+08 | H9: 114338 | I9: 1767289 | J9: 10669708 | K9: 12436997 | L9: TBA | M9: TBA | N9: 619176 | O9: -9456720 | P9: 231142046 | Q9: 0.49147511 | R9: 0.0027852761 | S9: 0.3347696
A10: 27578537 | B10: Luki92 | C10: 80725359 | D10: 2989852434 | E10: 2.9795937e+08 | F10: 1.5231321e+08 | G10: 4.5455901e+08 | H10: 35075 | I10: 432576 | J10: 7162511 | K10: 7595087 | L10: TBA | M10: TBA | N10: 184141 | O10: -5923850 | P10: 147627117 | Q10: 0.49546057 | R10: 0.0012089627 | S10: 0.32476997
A11: 172021868 | B11: ᵁᴺAnshii | C11: 70505880 | D11: 752407454 | E11: 1.9131007e+08 | F11: 1.027356e+08 | G11: 3.0222852e+08 | H11: 0 | I11: 246358 | J11: 4441765 | K11: 4688123 | L11: TBA | M11: TBA | N11: 150102 | O11: -836120 | P11: 91299578 | Q11: 0.47723353 | R11: 0.0014610515 | S11: 0.3020879
A12: 171503078 | B12: メCalメ | C12: 73376190 | D12: 1175918462 | E12: 2.2599923e+08 | F12: 1.196685e+08 | G12: 3.5259476e+08 | H12: 0 | I12: 352275 | J12: 4907672 | K12: 5259947 | L12: TBA | M12: TBA | N12: 166707 | O12: -3372512 | P12: 101677790 | Q12: 0.44990325 | R12: 0.0013930733 | S12: 0.28837011
A13: 67071592 | B13: ᵁᴺ乄Bツ | C13: 80933026 | D13: 9838198465 | E13: 2.8417475e+08 | F13: 1.4626924e+08 | G13: 4.3523924e+08 | H13: 3938 | I13: 604192 | J13: 5899961 | K13: 6504153 | L13: TBA | M13: TBA | N13: 444485 | O13: -3930658 | P13: 124043659 | Q13: 0.43650486 | R13: 0.0030388139 | S13: 0.28500109
A14: 74556991 | B14: 乄Narcissus | C14: 76522138 | D14: 2412294291 | E14: 2.7018755e+08 | F14: 1.4004413e+08 | G14: 4.1554191e+08 | H14: 5591 | I14: 796459 | J14: 5341113 | K14: 6137572 | L14: TBA | M14: TBA | N14: 480814 | O14: -6480845 | P14: 114796016 | Q14: 0.4248753 | R14: 0.0034333036 | S14: 0.27625617
A15: 62576249 | B15: ᵁᴺUğur | C15: 93677938 | D15: 3430140579 | E15: 3.81334e+08 | F15: 1.8727869e+08 | G15: 5.6979885e+08 | H15: 6888 | I15: 574888 | J15: 7345068 | K15: 7919956 | L15: TBA | M15: TBA | N15: 341419 | O15: -2927590 | P15: 152775271 | Q15: 0.40063375 | R15: 0.0018230531 | S15: 0.26812141
... A181: 171293992 | B181: H ム l D E R | C181: 0 | D181: 0 | E181: 38477000 | F181: -61518000 | G181: -10606100 | H181: 0 | I181: 0 | J181: 0 | K181: 0 | L181: TBA | M181: TBA | N181: 0 | O181: 0 | P181: 0 | Q181: 0 | R181: 0 | S181: 0
H182: =SUM(H4:H181) -> 2436464 | I182: =SUM(I4:I181) -> 33074522 | J182: =SUM(J4:J181) -> 189476211 | K182: =SUM(K4:K181) -> 222550733 | N182: =SUM(N4:N181) -> 25978536 | O182: =SUM(O4:O181) -> -277973084 | P182: =SUM(P4:P181) -> 4124592556

Sheet BS_Report
A1: Basescan Report (11/12/2025)
A2: Basic Data | E2: Requirements | H2: Player Goal | J2: Results
A3: Governor ID | B3: Name | C3: Power | D3: KP | E3: Minimum KP | F3: Minimum Dead | G3: Minimum DKP | H3: KP Goal | I3: DKP Goal | J3: Total T4 Kills | K3: Total T5 Kills | L3: Total Kills | M3: Total T4 Dead | N3: Total T5 Dead | O3: Total Dead | P3: Total DKP
A4: 168455139 | B4: ᵁᴺOdin | C4: 118531241 | D4: 2600812023 | E4: =(0.0556843*C4*C4/1000000/1000000 -1.83037*C4/1000000+38.477)*1000000 -> 6.0386618e+08 | F4: =((0.0216159*C4*C4/1000000/1000000 + 3.06256*C4/1000000 -123.036)*0.5)*1000000 -> 2.7183449e+08 | G4: =C4*0.45 -> 53339058 | H4: =(0.0642424*C4*C4/1000000/1000000 -0.198182*C4/1000000 -10.6061) * 1000000 -> 8.684867e+08 | I4: =G4*2 -> 1.0667812e+08 | J4: TBA | K4: TBA | L4: TBA | M4: TBA | N4: TBA | O4: TBA | P4: TBA
A5: 64966340 | B5: ᵁᴺPisontije | C5: 106017650 | D5: 4158381077 | E5: =(0.0556843*C5*C5/1000000/1000000 -1.83037*C5/1000000+38.477)*1000000 -> 4.7030265e+08 | F5: =((0.0216159*C5*C5/1000000/1000000 + 3.06256*C5/1000000 -123.036)*0.5)*1000000 -> 2.2230328e+08 | G5: =C5*0.45 -> 47707942 | H5: =(0.0642424*C5*C5/1000000/1000000 -0.198182*C5/1000000 -10.6061) * 1000000 -> 6.9045112e+08 | I5: =G5*2 -> 95415885 | J5: TBA | K5: TBA | L5: TBA | M5: TBA | N5: TBA | O5: TBA | P5: TBA
A6: 145408006 | B6: Adam23 | C6: 102323387 | D6: 1208379828 | E6: =(0.0556843*C6*C6/1000000/1000000 -1.83037*C6/1000000+38.477)*1000000 -> 4.3420617e+08 | F6: =((0.0216159*C6*C6/1000000/1000000 + 3.06256*C6/1000000 -123.036)*0.5)*1000000 -> 2.0832781e+08 | G6: =C6*0.45 -> 46045524 | H6: =(0.0642424*C6*C6/1000000/1000000 -0.198182*C6/1000000 -10.6061) * 1000000 -> 6.4173803e+08 | I6: =G6*2 -> 92091048 | J6: TBA | K6: TBA | L6: TBA | M6: TBA | N6: TBA | O6: TBA | P6: TBA
A7: 27578537 | B7: Luki92 | C7: 86649209 | D7: 2842225317 | E7: =(0.0556843*C7*C7/1000000/1000000 -1.83037*C7/1000000+38.477)*1000000 -> 2.9795937e+08 | F7: =((0.0216159*C7*C7/1000000/1000000 + 3.06256*C7/1000000 -123.036)*0.5)*1000000 -> 1.5231321e+08 | G7: =C7*0.45 -> 38992144 | H7: =(0.0642424*C7*C7/1000000/1000000 -0.198182*C7/1000000 -10.6061) * 1000000 -> 4.5455901e+08 | I7: =G7*2 -> 77984288 | J7: TBA | K7: TBA | L7: TBA | M7: TBA | N7: TBA | O7: TBA | P7: TBA
A8: 62576249 | B8: ᵁᴺUğur | C8: 96605528 | D8: 3277365308 | E8: =(0.0556843*C8*C8/1000000/1000000 -1.83037*C8/1000000+38.477)*1000000 -> 3.81334e+08 | F8: =((0.0216159*C8*C8/1000000/1000000 + 3.06256*C8/1000000 -123.036)*0.5)*1000000 -> 1.8727869e+08 | G8: =C8*0.45 -> 43472488 | H8: =(0.0642424*C8*C8/1000000/1000000 -0.198182*C8/1000000 -10.6061) * 1000000 -> 5.6979885e+08 | I8: =G8*2 -> 86944975 | J8: TBA | K8: TBA | L8: TBA | M8: TBA | N8: TBA | O8: TBA | P8: TBA
A9: 103336195 | B9: KIM J0NGᵁᴺ | C9: 90786056 | D9: 3886208750 | E9: =(0.0556843*C9*C9/1000000/1000000 -1.83037*C9/1000000+38.477)*1000000 -> 3.3126094e+08 | F9: =((0.0216159*C9*C9/1000000/1000000 + 3.06256*C9/1000000 -123.036)*0.5)*1000000 -> 1.6658116e+08 | G9: =C9*0.45 -> 40853725 | H9: =(0.0642424*C9*C9/1000000/1000000 -0.198182*C9/1000000 -10.6061) * 1000000 -> 5.0089453e+08 | I9: =G9*2 -> 81707450 | J9: TBA | K9: TBA | L9: TBA | M9: TBA | N9: TBA | O9: TBA | P9: TBA
A10: 2463403 | B10: ᵁᴺHeliosツ | C10: 91042347 | D10: 7158593637 | E10: =(0.0556843*C10*C10/1000000/1000000 -1.83037*C10/1000000+38.477)*1000000 -> 333386775 | F10: =((0.0216159*C10*C10/1000000/1000000 + 3.06256*C10/1000000 -123.036)*0.5)*1000000 -> 167477277 | G10: =C10*0.45 -> 40969056 | H10: =(0.0642424*C10*C10/1000000/1000000 -0.198182*C10/1000000 -10.6061) * 1000000 -> 5.038375e+08 | I10: =G10*2 -> 81938112 | J10: TBA | K10: TBA | L10: TBA | M10: TBA | N10: TBA | O10: TBA | P10: TBA
A11: 79650085 | B11: Keshiba ツ | C11: 91160825 | D11: 1844288620 | E11: =(0.0556843*C11*C11/1000000/1000000 -1.83037*C11/1000000+38.477)*1000000 -> 3.3437198e+08 | F11: =((0.0216159*C11*C11/1000000/1000000 + 3.06256*C11/1000000 -123.036)*0.5)*1000000 -> 1.6789201e+08 | G11: =C11*0.45 -> 41022371 | H11: =(0.0642424*C11*C11/1000000/1000000 -0.198182*C11/1000000 -10.6061) * 1000000 -> 5.0520083e+08 | I11: =G11*2 -> 82044742 | J11: TBA | K11: TBA | L11: TBA | M11: TBA | N11: TBA | O11: TBA | P11: TBA
A12: 64010776 | B12: ᵀᶜ Tequila | C12: 85943147 | D12: 2358208628 | E12: =(0.0556843*C12*C12/1000000/1000000 -1.83037*C12/1000000+38.477)*1000000 -> 2.9246598e+08 | F12: =((0.0216159*C12*C12/1000000/1000000 + 3.06256*C12/1000000 -123.036)*0.5)*1000000 -> 1.4991497e+08 | G12: =C12*0.45 -> 38674416 | H12: =(0.0642424*C12*C12/1000000/1000000 -0.198182*C12/1000000 -10.6061) * 1000000 -> 4.4687031e+08 | I12: =G12*2 -> 77348832 | J12: TBA | K12: TBA | L12: TBA | M12: TBA | N12: TBA | O12: TBA | P12: TBA
A13: 171934536 | B13: FromKiev1122 | C13: 87696020 | D13: 686911268 | E13: =(0.0556843*C13*C13/1000000/1000000 -1.83037*C13/1000000+38.477)*1000000 -> 3.0620606e+08 | F13: =((0.0216159*C13*C13/1000000/1000000 + 3.06256*C13/1000000 -123.036)*0.5)*1000000 -> 1.5588869e+08 | G13: =C13*0.45 -> 39463209 | H13: =(0.0642424*C13*C13/1000000/1000000 -0.198182*C13/1000000 -10.6061) * 1000000 -> 466076210 | I13: =G13*2 -> 78926418 | J13: TBA | K13: TBA | L13: TBA | M13: TBA | N13: TBA | O13: TBA | P13: TBA
A14: 11409556 | B14: Enes 33 | C14: 88356721 | D14: 566770165 | E14: =(0.0556843*C14*C14/1000000/1000000 -1.83037*C14/1000000+38.477)*1000000 -> 3.1147384e+08 | F14: =((0.0216159*C14*C14/1000000/1000000 + 3.06256*C14/1000000 -123.036)*0.5)*1000000 -> 1.5815757e+08 | G14: =C14*0.45 -> 39760524 | H14: =(0.0642424*C14*C14/1000000/1000000 -0.198182*C14/1000000 -10.6061) * 1000000 -> 4.7341783e+08 | I14: =G14*2 -> 79521049 | J14: TBA | K14: TBA | L14: TBA | M14: TBA | N14: TBA | O14: TBA | P14: TBA
A15: 11726598 | B15: ᵁᴺLazy Catツ | C15: 87082220 | D15: 7532122629 | E15: =(0.0556843*C15*C15/1000000/1000000 -1.83037*C15/1000000+38.477)*1000000 -> 3.013558e+08 | F15: =((0.0216159*C15*C15/1000000/1000000 + 3.06256*C15/1000000 -123.036)*0.5)*1000000 -> 153789330 | G15: =C15*0.45 -> 39186999 | H15: =(0.0642424*C15*C15/1000000/1000000 -0.198182*C15/1000000 -10.6061) * 1000000 -> 4.59306e+08 | I15: =G15*2 -> 78373998 | J15: TBA | K15: TBA | L15: TBA | M15: TBA | N15: TBA | O15: TBA | P15: TBA
... A54: 171355737 | B54: ᵁᴺUğur Jr | C54: 71646867 | D54: 355644809 | E54: =(0.0556843*C54*C54/1000000/1000000 -1.83037*C54/1000000+38.477)*1000000 -> 1.9317947e+08 | F54: =((0.0216159*C54*C54/1000000/1000000 + 3.06256*C54/1000000 -123.036)*0.5)*1000000 -> 1.0367358e+08 | G54: =C54*0.45 -> 32241090 | H54: =(0.0642424*C54*C54/1000000/1000000 -0.198182*C54/1000000 -10.6061) * 1000000 -> 3.0496859e+08 | I54: =G54*2 -> 64482180 | J54: TBA | K54: TBA | L54: TBA | M54: TBA | N54: TBA | O54: TBA | P54: TBA
A55: 171927851 | B55: ᵁᴺDompfX | C55: 69607684 | D55: 281217383 | E55: =(0.0556843*C55*C55/1000000/1000000 -1.83037*C55/1000000+38.477)*1000000 -> 1.8087241e+08 | F55: =((0.0216159*C55*C55/1000000/1000000 + 3.06256*C55/1000000 -123.036)*0.5)*1000000 -> 97437854 | G55: =C55*0.35 -> 24362689 | H55: =(0.0642424*C55*C55/1000000/1000000 -0.198182*C55/1000000 -10.6061) * 1000000 -> 2.8686809e+08 | I55: =G55*2 -> 48725379 | J55: TBA | K55: TBA | L55: TBA | M55: TBA | N55: TBA | O55: TBA | P55: TBA
A56: 169446634 | B56: Pickle Gnyxey | C56: 69579548 | D56: 252154598 | E56: =(0.0556843*C56*C56/1000000/1000000 -1.83037*C56/1000000+38.477)*1000000 -> 180705836 | F56: =((0.0216159*C56*C56/1000000/1000000 + 3.06256*C56/1000000 -123.036)*0.5)*1000000 -> 97352444 | G56: =C56*0.35 -> 24352842 | H56: =(0.0642424*C56*C56/1000000/1000000 -0.198182*C56/1000000 -10.6061) * 1000000 -> 2.8662208e+08 | I56: =G56*2 -> 48705684 | J56: TBA | K56: TBA | L56: TBA | M56: TBA | N56: TBA | O56: TBA | P56: TBA
A57: 172021868 | B57: ᵁᴺAnshii | C57: 71342000 | D57: 661107876 | E57: =(0.0556843*C57*C57/1000000/1000000 -1.83037*C57/1000000+38.477)*1000000 -> 1.9131007e+08 | F57: =((0.0216159*C57*C57/1000000/1000000 + 3.06256*C57/1000000 -123.036)*0.5)*1000000 -> 1.027356e+08 | G57: =C57*0.45 -> 32103900 | H57: =(0.0642424*C57*C57/1000000/1000000 -0.198182*C57/1000000 -10.6061) * 1000000 -> 3.0222852e+08 | I57: =G57*2 -> 64207800 | J57: TBA | K57: TBA | L57: TBA | M57: TBA | N57: TBA | O57: TBA | P57: TBA
A58: 171983336 | B58: AzeM | C58: 69455330 | D58: 289650571 | E58: =(0.0556843*C58*C58/1000000/1000000 -1.83037*C58/1000000+38.477)*1000000 -> 1.799715e+08 | F58: =((0.0216159*C58*C58/1000000/1000000 + 3.06256*C58/1000000 -123.036)*0.5)*1000000 -> 96975572 | G58: =C58*0.35 -> 24309366 | H58: =(0.0642424*C58*C58/1000000/1000000 -0.198182*C58/1000000 -10.6061) * 1000000 -> 2.855372e+08 | I58: =G58*2 -> 48618731 | J58: TBA | K58: TBA | L58: TBA | M58: TBA | N58: TBA | O58: TBA | P58: TBA
A59: 169326547 | B59: ᵁᴺSexyRickツ | C59: 69417257 | D59: 2906237594 | E59: =(0.0556843*C59*C59/1000000/1000000 -1.83037*C59/1000000+38.477)*1000000 -> 1.7974677e+08 | F59: =((0.0216159*C59*C59/1000000/1000000 + 3.06256*C59/1000000 -123.036)*0.5)*1000000 -> 96860127 | G59: =C59*0.35 -> 24296040 | H59: =(0.0642424*C59*C59/1000000/1000000 -0.198182*C59/1000000 -10.6061) * 1000000 -> 285205072 | I59: =G59*2 -> 48592080 | J59: TBA | K59: TBA | L59: TBA | M59: TBA | N59: TBA | O59: TBA | P59: TBA
A60: 166110884 | B60: ᵁⁿ NąHƴ ジ | C60: 68997771 | D60: 795558953 | E60: =(0.0556843*C60*C60/1000000/1000000 -1.83037*C60/1000000+38.477)*1000000 -> 1.7728137e+08 | F60: =((0.0216159*C60*C60/1000000/1000000 + 3.06256*C60/1000000 -123.036)*0.5)*1000000 -> 95590232 | G60: =C60*0.35 -> 24149220 | H60: =(0.0642424*C60*C60/1000000/1000000 -0.198182*C60/1000000 -10.6061) * 1000000 -> 2.8155809e+08 | I60: =G60*2 -> 48298440 | J60: TBA | K60: TBA | L60: TBA | M60: TBA | N60: TBA | O60: TBA | P60: TBA
A61: 168839111 | B61: yamen Di | C61: 66072448 | D61: 359777974 | E61: =(0.0556843*C61*C61/1000000/1000000 -1.83037*C61/1000000+38.477)*1000000 -> 160633593 | F61: =((0.0216159*C61*C61/1000000/1000000 + 3.06256*C61/1000000 -123.036)*0.5)*1000000 -> 86840263 | G61: =C61*0.35 -> 23125357 | H61: =(0.0642424*C61*C61/1000000/1000000 -0.198182*C61/1000000 -10.6061) * 1000000 -> 2.5675412e+08 | I61: =G61*2 -> 46250714 | J61: TBA | K61: TBA | L61: TBA | M61: TBA | N61: TBA | O61: TBA | P61: TBA
A62: 144049878 | B62: Losant | C62: 69483912 | D62: 286142216 | E62: =(0.0556843*C62*C62/1000000/1000000 -1.83037*C62/1000000+38.477)*1000000 -> 1.8014031e+08 | F62: =((0.0216159*C62*C62/1000000/1000000 + 3.06256*C62/1000000 -123.036)*0.5)*1000000 -> 97062259 | G62: =C62*0.35 -> 24319369 | H62: =(0.0642424*C62*C62/1000000/1000000 -0.198182*C62/1000000 -10.6061) * 1000000 -> 2.8578665e+08 | I62: =G62*2 -> 48638738 | J62: TBA | K62: TBA | L62: TBA | M62: TBA | N62: TBA | O62: TBA | P62: TBA
A63: 146428825 | B63: Ray i | C63: 68958763 | D63: 1600675018 | E63: =(0.0556843*C63*C63/1000000/1000000 -1.83037*C63/1000000+38.477)*1000000 -> 177053113 | F63: =((0.0216159*C63*C63/1000000/1000000 + 3.06256*C63/1000000 -123.036)*0.5)*1000000 -> 95472338 | G63: =C63*0.35 -> 24135567 | H63: =(0.0642424*C63*C63/1000000/1000000 -0.198182*C63/1000000 -10.6061) * 1000000 -> 2.8122011e+08 | I63: =G63*2 -> 48271134 | J63: TBA | K63: TBA | L63: TBA | M63: TBA | N63: TBA | O63: TBA | P63: TBA
A64: 55242490 | B64: R7R7 | C64: 69162503 | D64: 792695620 | E64: =(0.0556843*C64*C64/1000000/1000000 -1.83037*C64/1000000+38.477)*1000000 -> 1.782472e+08 | F64: =((0.0216159*C64*C64/1000000/1000000 + 3.06256*C64/1000000 -123.036)*0.5)*1000000 -> 96088466 | G64: =C64*0.35 -> 24206876 | H64: =(0.0642424*C64*C64/1000000/1000000 -0.198182*C64/1000000 -10.6061) * 1000000 -> 2.8298756e+08 | I64: =G64*2 -> 48413752 | J64: TBA | K64: TBA | L64: TBA | M64: TBA | N64: TBA | O64: TBA | P64: TBA
A65: 155534128 | B65: ŻŸŁÜĶ㋡ | C65: 67966207 | D65: 1000110292 | E65: =(0.0556843*C65*C65/1000000/1000000 -1.83037*C65/1000000+38.477)*1000000 -> 1.7130204e+08 | F65: =((0.0216159*C65*C65/1000000/1000000 + 3.06256*C65/1000000 -123.036)*0.5)*1000000 -> 92483595 | G65: =C65*0.35 -> 23788172 | H65: =(0.0642424*C65*C65/1000000/1000000 -0.198182*C65/1000000 -10.6061) * 1000000 -> 2.726859e+08 | I65: =G65*2 -> 47576345 | J65: TBA | K65: TBA | L65: TBA | M65: TBA | N65: TBA | O65: TBA | P65: TBA
A66: 171806191 | B66: Kurvernööri | C66: 66738134 | D66: 201096519 | E66: =(0.0556843*C66*C66/1000000/1000000 -1.83037*C66/1000000+38.477)*1000000 -> 1.643382e+08 | F66: =((0.0216159*C66*C66/1000000/1000000 + 3.06256*C66/1000000 -123.036)*0.5)*1000000 -> 88815147 | G66: =C66*0.35 -> 23358347 | H66: =(0.0642424*C66*C66/1000000/1000000 -0.198182*C66/1000000 -10.6061) * 1000000 -> 2.6230187e+08 | I66: =G66*2 -> 46716694 | J66: TBA | K66: TBA | L66: TBA | M66: TBA | N66: TBA | O66: TBA | P66: TBA
A67: 170708608 | B67: OkBanSeChet | C67: 66831930 | D67: 249446472 | E67: =(0.0556843*C67*C67/1000000/1000000 -1.83037*C67/1000000+38.477)*1000000 -> 1.6486415e+08 | F67: =((0.0216159*C67*C67/1000000/1000000 + 3.06256*C67/1000000 -123.036)*0.5)*1000000 -> 89094181 | G67: =C67*0.35 -> 23391176 | H67: =(0.0642424*C67*C67/1000000/1000000 -0.198182*C67/1000000 -10.6061) * 1000000 -> 2.6308814e+08 | I67: =G67*2 -> 46782351 | J67: TBA | K67: TBA | L67: TBA | M67: TBA | N67: TBA | O67: TBA | P67: TBA
A68: 171609840 | B68: KaizerX | C68: 65782765 | D68: 466804153 | E68: =(0.0556843*C68*C68/1000000/1000000 -1.83037*C68/1000000+38.477)*1000000 -> 1.5903689e+08 | F68: =((0.0216159*C68*C68/1000000/1000000 + 3.06256*C68/1000000 -123.036)*0.5)*1000000 -> 85983854 | G68: =C68*0.35 -> 23023968 | H68: =(0.0642424*C68*C68/1000000/1000000 -0.198182*C68/1000000 -10.6061) * 1000000 -> 254357714 | I68: =G68*2 -> 46047936 | J68: TBA | K68: TBA | L68: TBA | M68: TBA | N68: TBA | O68: TBA | P68: TBA
A69: 1915332 | B69: Lord Valkorion | C69: 68133698 | D69: 372159504 | E69: =(0.0556843*C69*C69/1000000/1000000 -1.83037*C69/1000000+38.477)*1000000 -> 1.7226483e+08 | F69: =((0.0216159*C69*C69/1000000/1000000 + 3.06256*C69/1000000 -123.036)*0.5)*1000000 -> 92986443 | G69: =C69*0.35 -> 23846794 | H69: =(0.0642424*C69*C69/1000000/1000000 -0.198182*C69/1000000 -10.6061) * 1000000 -> 2.7411715e+08 | I69: =G69*2 -> 47693589 | J69: TBA | K69: TBA | L69: TBA | M69: TBA | N69: TBA | O69: TBA | P69: TBA
A70: 170728362 | B70: 乂 マoddi 乂 | C70: 65939815 | D70: 412218441 | E70: =(0.0556843*C70*C70/1000000/1000000 -1.83037*C70/1000000+38.477)*1000000 -> 1.5990137e+08 | F70: =((0.0216159*C70*C70/1000000/1000000 + 3.06256*C70/1000000 -123.036)*0.5)*1000000 -> 86447926 | G70: =C70*0.35 -> 23078935 | H70: =(0.0642424*C70*C70/1000000/1000000 -0.198182*C70/1000000 -10.6061) * 1000000 -> 2.5565557e+08 | I70: =G70*2 -> 46157870 | J70: TBA | K70: TBA | L70: TBA | M70: TBA | N70: TBA | O70: TBA | P70: TBA
A71: 119051033 | B71: smurfet87 | C71: 0 | D71: 0 | E71: =(0.0556843*C71*C71/1000000/1000000 -1.83037*C71/1000000+38.477)*1000000 -> 38477000 | F71: =((0.0216159*C71*C71/1000000/1000000 + 3.06256*C71/1000000 -123.036)*0.5)*1000000 -> -61518000 | G71: 0 | H71: =(0.0642424*C71*C71/1000000/1000000 -0.198182*C71/1000000 -10.6061) * 1000000 -> -10606100 | I71: =G71*2 -> 0 | J71: TBA | K71: TBA | L71: TBA | M71: TBA | N71: TBA | O71: TBA | P71: TBA
A72: 171982346 | B72: Melottus | C72: 65463989 | D72: 94657889 | E72: =(0.0556843*C72*C72/1000000/1000000 -1.83037*C72/1000000+38.477)*1000000 -> 1.5729063e+08 | F72: =((0.0216159*C72*C72/1000000/1000000 + 3.06256*C72/1000000 -123.036)*0.5)*1000000 -> 85043533 | G72: =C72*0.35 -> 22912396 | H72: =(0.0642424*C72*C72/1000000/1000000 -0.198182*C72/1000000 -10.6061) * 1000000 -> 2.517331e+08 | I72: =G72*2 -> 45824792 | J72: TBA | K72: TBA | L72: TBA | M72: TBA | N72: TBA | O72: TBA | P72: TBA
A73: 170972148 | B73: Mazalteutl | C73: 68038971 | D73: 208801784 | E73: =(0.0556843*C73*C73/1000000/1000000 -1.83037*C73/1000000+38.477)*1000000 -> 1.7171993e+08 | F73: =((0.0216159*C73*C73/1000000/1000000 + 3.06256*C73/1000000 -123.036)*0.5)*1000000 -> 92701975 | G73: =C73*0.35 -> 23813640 | H73: =(0.0642424*C73*C73/1000000/1000000 -0.198182*C73/1000000 -10.6061) * 1000000 -> 2.7330724e+08 | I73: =G73*2 -> 47627280 | J73: TBA | K73: TBA | L73: TBA | M73: TBA | N73: TBA | O73: TBA | P73: TBA
A74: 144065460 | B74: TitanMARU | C74: 65149290 | D74: 102470409 | E74: =(0.0556843*C74*C74/1000000/1000000 -1.83037*C74/1000000+38.477)*1000000 -> 1.5557781e+08 | F74: =((0.0216159*C74*C74/1000000/1000000 + 3.06256*C74/1000000 -123.036)*0.5)*1000000 -> 84117392 | G74: =C74*0.35 -> 22802252 | H74: =(0.0642424*C74*C74/1000000/1000000 -0.198182*C74/1000000 -10.6061) * 1000000 -> 2.4915485e+08 | I74: =G74*2 -> 45604503 | J74: TBA | K74: TBA | L74: TBA | M74: TBA | N74: TBA | O74: TBA | P74: TBA
A75: 167577380 | B75: シ Antonito シ | C75: 64150762 | D75: 389650755 | E75: =(0.0556843*C75*C75/1000000/1000000 -1.83037*C75/1000000+38.477)*1000000 -> 150216098 | F75: =((0.0216159*C75*C75/1000000/1000000 + 3.06256*C75/1000000 -123.036)*0.5)*1000000 -> 81192954 | G75: =C75*0.35 -> 22452767 | H75: =(0.0642424*C75*C75/1000000/1000000 -0.198182*C75/1000000 -10.6061) * 1000000 -> 2.4105842e+08 | I75: =G75*2 -> 44905533 | J75: TBA | K75: TBA | L75: TBA | M75: TBA | N75: TBA | O75: TBA | P75: TBA
A76: 167637163 | B76: ・Lazy Maka・ | C76: 63421427 | D76: 452376008 | E76: =(0.0556843*C76*C76/1000000/1000000 -1.83037*C76/1000000+38.477)*1000000 -> 1.4637002e+08 | F76: =((0.0216159*C76*C76/1000000/1000000 + 3.06256*C76/1000000 -123.036)*0.5)*1000000 -> 79070536 | G76: =C76*0.35 -> 22197499 | H76: =(0.0642424*C76*C76/1000000/1000000 -0.198182*C76/1000000 -10.6061) * 1000000 -> 2.3522567e+08 | I76: =G76*2 -> 44394999 | J76: TBA | K76: TBA | L76: TBA | M76: TBA | N76: TBA | O76: TBA | P76: TBA
A77: 171209025 | B77: Mofu1 | C77: 63433424 | D77: 365338727 | E77: =(0.0556843*C77*C77/1000000/1000000 -1.83037*C77/1000000+38.477)*1000000 -> 146432810 | F77: =((0.0216159*C77*C77/1000000/1000000 + 3.06256*C77/1000000 -123.036)*0.5)*1000000 -> 79105355 | G77: =C77*0.35 -> 22201698 | H77: =(0.0642424*C77*C77/1000000/1000000 -0.198182*C77/1000000 -10.6061) * 1000000 -> 2.3532106e+08 | I77: =G77*2 -> 44403397 | J77: TBA | K77: TBA | L77: TBA | M77: TBA | N77: TBA | O77: TBA | P77: TBA
A78: 171753933 | B78: ᵁᴺSeeker | C78: 64299228 | D78: 80430586 | E78: =(0.0556843*C78*C78/1000000/1000000 -1.83037*C78/1000000+38.477)*1000000 -> 1.5100628e+08 | F78: =((0.0216159*C78*C78/1000000/1000000 + 3.06256*C78/1000000 -123.036)*0.5)*1000000 -> 81626410 | G78: =C78*0.35 -> 22504730 | H78: =(0.0642424*C78*C78/1000000/1000000 -0.198182*C78/1000000 -10.6061) * 1000000 -> 2.4225413e+08 | I78: =G78*2 -> 45009460 | J78: TBA | K78: TBA | L78: TBA | M78: TBA | N78: TBA | O78: TBA | P78: TBA
A79: 153857025 | B79: GAGS | C79: 64433183 | D79: 657681542 | E79: =(0.0556843*C79*C79/1000000/1000000 -1.83037*C79/1000000+38.477)*1000000 -> 1.5172133e+08 | F79: =((0.0216159*C79*C79/1000000/1000000 + 3.06256*C79/1000000 -123.036)*0.5)*1000000 -> 82017909 | G79: =C79*0.35 -> 22551614 | H79: =(0.0642424*C79*C79/1000000/1000000 -0.198182*C79/1000000 -10.6061) * 1000000 -> 2.433354e+08 | I79: =G79*2 -> 45103228 | J79: TBA | K79: TBA | L79: TBA | M79: TBA | N79: TBA | O79: TBA | P79: TBA
A80: 171910225 | B80: ᵀᵒSirix8472 | C80: 64775936 | D80: 177058660 | E80: =(0.0556843*C80*C80/1000000/1000000 -1.83037*C80/1000000+38.477)*1000000 -> 153560043 | F80: =((0.0216159*C80*C80/1000000/1000000 + 3.06256*C80/1000000 -123.036)*0.5)*1000000 -> 83021409 | G80: =C80*0.35 -> 22671578 | H80: =(0.0642424*C80*C80/1000000/1000000 -0.198182*C80/1000000 -10.6061) * 1000000 -> 2.4611257e+08 | I80: =G80*2 -> 45343155 | J80: TBA | K80: TBA | L80: TBA | M80: TBA | N80: TBA | O80: TBA | P80: TBA
A81: 139292614 | B81: ᵁᴺGreb | C81: 63317410 | D81: 612794461 | E81: =(0.0556843*C81*C81/1000000/1000000 -1.83037*C81/1000000+38.477)*1000000 -> 1.4582633e+08 | F81: =((0.0216159*C81*C81/1000000/1000000 + 3.06256*C81/1000000 -123.036)*0.5)*1000000 -> 78768776 | G81: =C81*0.35 -> 22161094 | H81: =(0.0642424*C81*C81/1000000/1000000 -0.198182*C81/1000000 -10.6061) * 1000000 -> 2.3439938e+08 | I81: =G81*2 -> 44322187 | J81: TBA | K81: TBA | L81: TBA | M81: TBA | N81: TBA | O81: TBA | P81: TBA
A82: 138752108 | B82: 乄jacony乄 | C82: 61673789 | D82: 435412557 | E82: =(0.0556843*C82*C82/1000000/1000000 -1.83037*C82/1000000+38.477)*1000000 -> 1.3739508e+08 | F82: =((0.0216159*C82*C82/1000000/1000000 + 3.06256*C82/1000000 -123.036)*0.5)*1000000 -> 74031566 | G82: =C82*0.35 -> 21585826 | H82: =(0.0642424*C82*C82/1000000/1000000 -0.198182*C82/1000000 -10.6061) * 1000000 -> 2.2152727e+08 | I82: =G82*2 -> 43171652 | J82: TBA | K82: TBA | L82: TBA | M82: TBA | N82: TBA | O82: TBA | P82: TBA
A83: 166807426 | B83: ᵂʷSaber | C83: 64867388 | D83: 333665172 | E83: =(0.0556843*C83*C83/1000000/1000000 -1.83037*C83/1000000+38.477)*1000000 -> 154052853 | F83: =((0.0216159*C83*C83/1000000/1000000 + 3.06256*C83/1000000 -123.036)*0.5)*1000000 -> 83289588 | G83: =C83*0.35 -> 22703586 | H83: =(0.0642424*C83*C83/1000000/1000000 -0.198182*C83/1000000 -10.6061) * 1000000 -> 2.4685611e+08 | I83: =G83*2 -> 45407172 | J83: TBA | K83: TBA | L83: TBA | M83: TBA | N83: TBA | O83: TBA | P83: TBA
... A102: 156007436 | B102: General Mapo | C102: 53384564 | D102: 149343241 | E102: =(0.0556843*C102*C102/1000000/1000000 -1.83037*C102/1000000+38.477)*1000000 -> 99458832 | F102: =((0.0216159*C102*C102/1000000/1000000 + 3.06256*C102/1000000 -123.036)*0.5)*1000000 -> 51030418 | G102: =C102*0.35 -> 18684597 | H102: =(0.0642424*C102*C102/1000000/1000000 -0.198182*C102/1000000 -10.6061) * 1000000 -> 161899206 | I102: =G102*2 -> 37369195 | J102: TBA | K102: TBA | L102: TBA | M102: TBA | N102: TBA | O102: TBA | P102: TBA
A103: 166234202 | B103: ᵛᶰsad duckシ | C103: 49063679 | D103: 281505217 | E103: =(0.0556843*C103*C103/1000000/1000000 -1.83037*C103/1000000+38.477)*1000000 -> 82718044 | F103: =((0.0216159*C103*C103/1000000/1000000 + 3.06256*C103/1000000 -123.036)*0.5)*1000000 -> 39629610 | G103: =C103*0.25 -> 12265920 | H103: =(0.0642424*C103*C103/1000000/1000000 -0.198182*C103/1000000 -10.6061) * 1000000 -> 1.3431753e+08 | I103: =G103*2 -> 24531840 | J103: TBA | K103: TBA | L103: TBA | M103: TBA | N103: TBA | O103: TBA | P103: TBA
A104: 168025153 | B104: Cashmoney420 | C104: 48812928 | D104: 28188141 | E104: =(0.0556843*C104*C104/1000000/1000000 -1.83037*C104/1000000+38.477)*1000000 -> 81810371 | F104: =((0.0216159*C104*C104/1000000/1000000 + 3.06256*C104/1000000 -123.036)*0.5)*1000000 -> 38980384 | G104: =C104*0.25 -> 12203232 | H104: =(0.0642424*C104*C104/1000000/1000000 -0.198182*C104/1000000 -10.6061) * 1000000 -> 1.3279055e+08 | I104: =G104*2 -> 24406464 | J104: TBA | K104: TBA | L104: TBA | M104: TBA | N104: TBA | O104: TBA | P104: TBA
A105: 169420296 | B105: madelene | C105: 48971006 | D105: 156175380 | E105: =(0.0556843*C105*C105/1000000/1000000 -1.83037*C105/1000000+38.477)*1000000 -> 82381769 | F105: =((0.0216159*C105*C105/1000000/1000000 + 3.06256*C105/1000000 -123.036)*0.5)*1000000 -> 39389509 | G105: =C105*0.25 -> 12242752 | H105: =(0.0642424*C105*C105/1000000/1000000 -0.198182*C105/1000000 -10.6061) * 1000000 -> 1.3375225e+08 | I105: =G105*2 -> 24485503 | J105: TBA | K105: TBA | L105: TBA | M105: TBA | N105: TBA | O105: TBA | P105: TBA
A106: 159857111 | B106: ᵁᴺOxygen ヤ | C106: 49234899 | D106: 461488335 | E106: =(0.0556843*C106*C106/1000000/1000000 -1.83037*C106/1000000+38.477)*1000000 -> 83341853 | F106: =((0.0216159*C106*C106/1000000/1000000 + 3.06256*C106/1000000 -123.036)*0.5)*1000000 -> 40073701 | G106: =C106*0.25 -> 12308725 | H106: =(0.0642424*C106*C106/1000000/1000000 -0.198182*C106/1000000 -10.6061) * 1000000 -> 135364843 | I106: =G106*2 -> 24617450 | J106: TBA | K106: TBA | L106: TBA | M106: TBA | N106: TBA | O106: TBA | P106: TBA
A107: 170028719 | B107: Loco361 | C107: 47684709 | D107: 112951945 | E107: =(0.0556843*C107*C107/1000000/1000000 -1.83037*C107/1000000+38.477)*1000000 -> 77813053 | F107: =((0.0216159*C107*C107/1000000/1000000 + 3.06256*C107/1000000 -123.036)*0.5)*1000000 -> 36076098 | G107: =C107*0.25 -> 11921177 | H107: =(0.0642424*C107*C107/1000000/1000000 -0.198182*C107/1000000 -10.6061) * 1000000 -> 126020040 | I107: =G107*2 -> 23842354 | J107: TBA | K107: TBA | L107: TBA | M107: TBA | N107: TBA | O107: TBA | P107: TBA
A108: 169018140 | B108: ᶜᴸCesar82 | C108: 47494406 | D108: 134982363 | E108: =(0.0556843*C108*C108/1000000/1000000 -1.83037*C108/1000000+38.477)*1000000 -> 77152775 | F108: =((0.0216159*C108*C108/1000000/1000000 + 3.06256*C108/1000000 -123.036)*0.5)*1000000 -> 35588928 | G108: =C108*0.25 -> 11873602 | H108: =(0.0642424*C108*C108/1000000/1000000 -0.198182*C108/1000000 -10.6061) * 1000000 -> 1.2489414e+08 | I108: =G108*2 -> 23747203 | J108: TBA | K108: TBA | L108: TBA | M108: TBA | N108: TBA | O108: TBA | P108: TBA
A109: 177187021 | B109: LordGusto | C109: 46801093 | D109: 95562426 | E109: =(0.0556843*C109*C109/1000000/1000000 -1.83037*C109/1000000+38.477)*1000000 -> 74781361 | F109: =((0.0216159*C109*C109/1000000/1000000 + 3.06256*C109/1000000 -123.036)*0.5)*1000000 -> 33820688 | G109: =C109*0.25 -> 11700273 | H109: =(0.0642424*C109*C109/1000000/1000000 -0.198182*C109/1000000 -10.6061) * 1000000 -> 1.2083161e+08 | I109: =G109*2 -> 23400546 | J109: TBA | K109: TBA | L109: TBA | M109: TBA | N109: TBA | O109: TBA | P109: TBA
A110: 145023737 | B110: ᵁᴺLiu D | C110: 46565281 | D110: 151987441 | E110: =(0.0556843*C110*C110/1000000/1000000 -1.83037*C110/1000000+38.477)*1000000 -> 73986988 | F110: =((0.0216159*C110*C110/1000000/1000000 + 3.06256*C110/1000000 -123.036)*0.5)*1000000 -> 33221636 | G110: =C110*0.25 -> 11641320 | H110: =(0.0642424*C110*C110/1000000/1000000 -0.198182*C110/1000000 -10.6061) * 1000000 -> 1.1946393e+08 | I110: =G110*2 -> 23282640 | J110: TBA | K110: TBA | L110: TBA | M110: TBA | N110: TBA | O110: TBA | P110: TBA
A111: 176044158 | B111: メSuper Manメ | C111: 47424798 | D111: 71273563 | E111: =(0.0556843*C111*C111/1000000/1000000 -1.83037*C111/1000000+38.477)*1000000 -> 76912270 | F111: =((0.0216159*C111*C111/1000000/1000000 + 3.06256*C111/1000000 -123.036)*0.5)*1000000 -> 35410929 | G111: =C111*0.25 -> 11856200 | H111: =(0.0642424*C111*C111/1000000/1000000 -0.198182*C111/1000000 -10.6061) * 1000000 -> 1.2448348e+08 | I111: =G111*2 -> 23712399 | J111: TBA | K111: TBA | L111: TBA | M111: TBA | N111: TBA | O111: TBA | P111: TBA
A112: 172008118 | B112: Northernman | C112: 46338619 | D112: 37403711 | E112: =(0.0556843*C112*C112/1000000/1000000 -1.83037*C112/1000000+38.477)*1000000 -> 73229276 | F112: =((0.0216159*C112*C112/1000000/1000000 + 3.06256*C112/1000000 -123.036)*0.5)*1000000 -> 32646961 | G112: =C112*0.25 -> 11584655 | H112: =(0.0642424*C112*C112/1000000/1000000 -0.198182*C112/1000000 -10.6061) * 1000000 -> 1.1815604e+08 | I112: =G112*2 -> 23169310 | J112: TBA | K112: TBA | L112: TBA | M112: TBA | N112: TBA | O112: TBA | P112: TBA
A113: 169953509 | B113: Vega13 | C113: 48319860 | D113: 223099364 | E113: =(0.0556843*C113*C113/1000000/1000000 -1.83037*C113/1000000+38.477)*1000000 -> 80045975 | F113: =((0.0216159*C113*C113/1000000/1000000 + 3.06256*C113/1000000 -123.036)*0.5)*1000000 -> 37707733 | G113: =C113*0.25 -> 12079965 | H113: =(0.0642424*C113*C113/1000000/1000000 -0.198182*C113/1000000 -10.6061) * 1000000 -> 1.298115e+08 | I113: =G113*2 -> 24159930 | J113: TBA | K113: TBA | L113: TBA | M113: TBA | N113: TBA | O113: TBA | P113: TBA
A114: 143612450 | B114: NT ĐVL1 | C114: 43692612 | D114: 485592936 | E114: =(0.0556843*C114*C114/1000000/1000000 -1.83037*C114/1000000+38.477)*1000000 -> 64807152 | F114: =((0.0216159*C114*C114/1000000/1000000 + 3.06256*C114/1000000 -123.036)*0.5)*1000000 -> 26020479 | G114: =C114*0.25 -> 10923153 | H114: =(0.0642424*C114*C114/1000000/1000000 -0.198182*C114/1000000 -10.6061) * 1000000 -> 1.033764e+08 | I114: =G114*2 -> 21846306 | J114: TBA | K114: TBA | L114: TBA | M114: TBA | N114: TBA | O114: TBA | P114: TBA
... A200: 171799293 | B200: FixiHartMan1 | C200: 0 | D200: 0 | E200: =(0.0556843*C200*C200/1000000/1000000 -1.83037*C200/1000000+38.477)*1000000 -> 38477000 | F200: =((0.0216159*C200*C200/1000000/1000000 + 3.06256*C200/1000000 -123.036)*0.5)*1000000 -> -61518000 | G200: =C200*0.25 -> 0 | H200: =(0.0642424*C200*C200/1000000/1000000 -0.198182*C200/1000000 -10.6061) * 1000000 -> -10606100 | I200: =G200*2 -> 0 | J200: TBA | K200: TBA | L200: TBA | M200: TBA | N200: TBA | O200: TBA | P200: TBA
A201: 143088559 | B201: ᵂʷ LTA TáO | C201: 69899573 | D201: 463290559 | E201: =(0.0556843*C201*C201/1000000/1000000 -1.83037*C201/1000000+38.477)*1000000 -> 1.8260564e+08 | F201: =((0.0216159*C201*C201/1000000/1000000 + 3.06256*C201/1000000 -123.036)*0.5)*1000000 -> 98324925 | G201: =C201*0.35 -> 24464851 | H201: =(0.0642424*C201*C201/1000000/1000000 -0.198182*C201/1000000 -10.6061) * 1000000 -> 2.8942624e+08 | I201: =G201*2 -> 48929701 | J201: TBA | K201: TBA | L201: TBA | M201: TBA | N201: TBA | O201: TBA | P201: TBA
A202: 155415774 | B202: Juno67 | C202: 52506757 | D202: 445068489 | E202: =(0.0556843*C202*C202/1000000/1000000 -1.83037*C202/1000000+38.477)*1000000 -> 95889569 | F202: =((0.0216159*C202*C202/1000000/1000000 + 3.06256*C202/1000000 -123.036)*0.5)*1000000 -> 48681628 | G202: =C202*0.35 -> 18377365 | H202: =(0.0642424*C202*C202/1000000/1000000 -0.198182*C202/1000000 -10.6061) * 1000000 -> 1.561017e+08 | I202: =G202*2 -> 36754730 | J202: TBA | K202: TBA | L202: TBA | M202: TBA | N202: TBA | O202: TBA | P202: TBA
A203: 127560055 | B203: BeyyGirl | C203: 54117802 | D203: 537189192 | E203: =(0.0556843*C203*C203/1000000/1000000 -1.83037*C203/1000000+38.477)*1000000 -> 1.0250604e+08 | F203: =((0.0216159*C203*C203/1000000/1000000 + 3.06256*C203/1000000 -123.036)*0.5)*1000000 -> 53005145 | G203: =C203*0.35 -> 18941231 | H203: =(0.0642424*C203*C203/1000000/1000000 -0.198182*C203/1000000 -10.6061) * 1000000 -> 1.6681779e+08 | I203: =G203*2 -> 37882461 | J203: TBA | K203: TBA | L203: TBA | M203: TBA | N203: TBA | O203: TBA | P203: TBA
A204: 144049503 | B204: D0KTOR | C204: 47694107 | D204: 151533045 | E204: =(0.0556843*C204*C204/1000000/1000000 -1.83037*C204/1000000+38.477)*1000000 -> 77845765 | F204: =((0.0216159*C204*C204/1000000/1000000 + 3.06256*C204/1000000 -123.036)*0.5)*1000000 -> 36100177 | G204: =C204*0.25 -> 11923527 | H204: =(0.0642424*C204*C204/1000000/1000000 -0.198182*C204/1000000 -10.6061) * 1000000 -> 1.2607576e+08 | I204: =G204*2 -> 23847054 | J204: TBA | K204: TBA | L204: TBA | M204: TBA | N204: TBA | O204: TBA | P204: TBA
A205: 172015122 | B205: БОБОО79 | C205: 47062178 | D205: 69641716 | E205: =(0.0556843*C205*C205/1000000/1000000 -1.83037*C205/1000000+38.477)*1000000 -> 75668095 | F205: =((0.0216159*C205*C205/1000000/1000000 + 3.06256*C205/1000000 -123.036)*0.5)*1000000 -> 34485345 | G205: =C205*0.25 -> 11765544 | H205: =(0.0642424*C205*C205/1000000/1000000 -0.198182*C205/1000000 -10.6061) * 1000000 -> 122354213 | I205: =G205*2 -> 23531089 | J205: TBA | K205: TBA | L205: TBA | M205: TBA | N205: TBA | O205: TBA | P205: TBA
A206: 115990558 | B206: T5Player | C206: 0 | D206: 0 | E206: =(0.0556843*C206*C206/1000000/1000000 -1.83037*C206/1000000+38.477)*1000000 -> 38477000 | F206: =((0.0216159*C206*C206/1000000/1000000 + 3.06256*C206/1000000 -123.036)*0.5)*1000000 -> -61518000 | G206: =C206*0.25 -> 0 | H206: =(0.0642424*C206*C206/1000000/1000000 -0.198182*C206/1000000 -10.6061) * 1000000 -> -10606100 | I206: =G206*2 -> 0 | J206: TBA | K206: TBA | L206: TBA | M206: TBA | N206: TBA | O206: TBA | P206: TBA
A207: 144064126 | B207: MAESTRR | C207: 47565204 | D207: 328313084 | E207: =(0.0556843*C207*C207/1000000/1000000 -1.83037*C207/1000000+38.477)*1000000 -> 77397946 | F207: =((0.0216159*C207*C207/1000000/1000000 + 3.06256*C207/1000000 -123.036)*0.5)*1000000 -> 35770077 | G207: =C207*0.25 -> 11891301 | H207: =(0.0642424*C207*C207/1000000/1000000 -0.198182*C207/1000000 -10.6061) * 1000000 -> 1.2531246e+08 | I207: =G207*2 -> 23782602 | J207: TBA | K207: TBA | L207: TBA | M207: TBA | N207: TBA | O207: TBA | P207: TBA
A208: 144051510 | B208: sd mique | C208: 0 | D208: 0 | E208: =(0.0556843*C208*C208/1000000/1000000 -1.83037*C208/1000000+38.477)*1000000 -> 38477000 | F208: =((0.0216159*C208*C208/1000000/1000000 + 3.06256*C208/1000000 -123.036)*0.5)*1000000 -> -61518000 | G208: =C208*0.25 -> 0 | H208: =(0.0642424*C208*C208/1000000/1000000 -0.198182*C208/1000000 -10.6061) * 1000000 -> -10606100 | I208: =G208*2 -> 0 | J208: TBA | K208: TBA | L208: TBA | M208: TBA | N208: TBA | O208: TBA | P208: TBA
A209: 175551858 | B209: HİTACHİ | C209: 39996457 | D209: 55643540 | E209: =(0.0556843*C209*C209/1000000/1000000 -1.83037*C209/1000000+38.477)*1000000 -> 54347783 | F209: =((0.0216159*C209*C209/1000000/1000000 + 3.06256*C209/1000000 -123.036)*0.5)*1000000 -> 17017431 | G209: =C209*0.25 -> 9999114.2 | H209: =(0.0642424*C209*C209/1000000/1000000 -0.198182*C209/1000000 -10.6061) * 1000000 -> 84236954 | I209: =G209*2 -> 19998228 | J209: TBA | K209: TBA | L209: TBA | M209: TBA | N209: TBA | O209: TBA | P209: TBA
A210: 144079875 | B210: Diend | C210: 37416853 | D210: 34849267 | E210: =(0.0556843*C210*C210/1000000/1000000 -1.83037*C210/1000000+38.477)*1000000 -> 47949498 | F210: =((0.0216159*C210*C210/1000000/1000000 + 3.06256*C210/1000000 -123.036)*0.5)*1000000 -> 10909034 | G210: =C210*0.25 -> 9354213.2 | H210: =(0.0642424*C210*C210/1000000/1000000 -0.198182*C210/1000000 -10.6061) * 1000000 -> 71919255 | I210: =G210*2 -> 18708426 | J210: TBA | K210: TBA | L210: TBA | M210: TBA | N210: TBA | O210: TBA | P210: TBA
A211: 171985458 | B211: SkullFroik | C211: 0 | D211: 0 | E211: =(0.0556843*C211*C211/1000000/1000000 -1.83037*C211/1000000+38.477)*1000000 -> 38477000 | F211: =((0.0216159*C211*C211/1000000/1000000 + 3.06256*C211/1000000 -123.036)*0.5)*1000000 -> -61518000 | G211: =C211*0.25 -> 0 | H211: =(0.0642424*C211*C211/1000000/1000000 -0.198182*C211/1000000 -10.6061) * 1000000 -> -10606100 | I211: =G211*2 -> 0 | J211: TBA | K211: TBA | L211: TBA | M211: TBA | N211: TBA | O211: TBA | P211: TBA
A212: 64767252 | B212: ɴᴏʙɪᴛa | C212: 33654688 | D212: 70286219 | E212: =(0.0556843*C212*C212/1000000/1000000 -1.83037*C212/1000000+38.477)*1000000 -> 39946624 | F212: =((0.0216159*C212*C212/1000000/1000000 + 3.06256*C212/1000000 -123.036)*0.5)*1000000 -> 2258245.8 | G212: =C212*0.25 -> 8413672 | H212: =(0.0642424*C212*C212/1000000/1000000 -0.198182*C212/1000000 -10.6061) * 1000000 -> 55487532 | I212: =G212*2 -> 16827344 | J212: TBA | K212: TBA | L212: TBA | M212: TBA | N212: TBA | O212: TBA | P212: TBA
A213: 139139149 | B213: ᶟᶦAntony925 | C213: 31761394 | D213: 320667170 | E213: =(0.0556843*C213*C213/1000000/1000000 -1.83037*C213/1000000+38.477)*1000000 -> 36515448 | F213: =((0.0216159*C213*C213/1000000/1000000 + 3.06256*C213/1000000 -123.036)*0.5)*1000000 -> -1979502.3 | G213: =C213*0.25 -> 7940348.5 | H213: =(0.0642424*C213*C213/1000000/1000000 -0.198182*C213/1000000 -10.6061) * 1000000 -> 47906207 | I213: =G213*2 -> 15880697 | J213: TBA | K213: TBA | L213: TBA | M213: TBA | N213: TBA | O213: TBA | P213: TBA
A214: 148890128 | B214: WarLockF3 | C214: 30766940 | D214: 26185762 | E214: =(0.0556843*C214*C214/1000000/1000000 -1.83037*C214/1000000+38.477)*1000000 -> 34873130 | F214: =((0.0216159*C214*C214/1000000/1000000 + 3.06256*C214/1000000 -123.036)*0.5)*1000000 -> -4174345 | G214: =C214*0.25 -> 7691735 | H214: =(0.0642424*C214*C214/1000000/1000000 -0.198182*C214/1000000 -10.6061) * 1000000 -> 44108597 | I214: =G214*2 -> 15383470 | J214: TBA | K214: TBA | L214: TBA | M214: TBA | N214: TBA | O214: TBA | P214: TBA
A215: 161551529 | B215: sd Mq | C215: 0 | D215: 0 | E215: =(0.0556843*C215*C215/1000000/1000000 -1.83037*C215/1000000+38.477)*1000000 -> 38477000 | F215: =((0.0216159*C215*C215/1000000/1000000 + 3.06256*C215/1000000 -123.036)*0.5)*1000000 -> -61518000 | G215: =C215*0.25 -> 0 | H215: =(0.0642424*C215*C215/1000000/1000000 -0.198182*C215/1000000 -10.6061) * 1000000 -> -10606100 | I215: =G215*2 -> 0 | J215: TBA | K215: TBA | L215: TBA | M215: TBA | N215: TBA | O215: TBA | P215: TBA
... A238: 171293992 | B238: H ム l D E R | C238: 0 | D238: 0 | E238: =(0.0556843*C238*C238/1000000/1000000 -1.83037*C238/1000000+38.477)*1000000 -> 38477000 | F238: =((0.0216159*C238*C238/1000000/1000000 + 3.06256*C238/1000000 -123.036)*0.5)*1000000 -> -61518000 | G238: =C238*0.25 -> 0 | H238: =(0.0642424*C238*C238/1000000/1000000 -0.198182*C238/1000000 -10.6061) * 1000000 -> -10606100 | I238: =G238*2 -> 0 | J238: TBA | K238: TBA | L238: TBA | M238: TBA | N238: TBA | O238: TBA | P238: TBA

Sheet MGE Report
A1: MGE - excluded from KVK Contributions(16-20 December 2025)
A2: Basic Data
A3: Governor ID | B3: Name | C3: Power | D3: KP | E3: MGE Dead | F3: MGE T1 | G3: MGE T4 Kills | H3: MGE T5 Kills | I3: KP Gained | J3: Power Diff
A4: 11726598 | B4: ᵁᴺLazy Catツ | C4: 86367361 | D4: 8091828324 | E4: 0 | F4: 0 | G4: 0 | H4: 0 | I4: 0 | J4: 1879200
A5: 169446444 | B5: ᵁᴺLiwenツ | C5: 59426796 | D5: 900640071 | E5: 0 | F5: 0 | G5: 0 | H5: 0 | I5: 0 | J5: 1976830
A6: 169326547 | B6: ᵁᴺSexyRickツ | C6: 66969661 | D6: 3062565974 | E6: 0 | F6: 0 | G6: 0 | H6: 0 | I6: 0 | J6: 1061204
A7: 2463403 | B7: ᵁᴺHeliosツ | C7: 86213410 | D7: 7382293485 | E7: 0 | F7: 0 | G7: 2216738 | H7: 0 | I7: 22167380 | J7: 2923533
A8: 141154852 | B8: 亗Zolotashkoツ | C8: 74093557 | D8: 2566604811 | E8: 287005 | F8: 326279 | G8: 1282101 | H8: 324712 | I8: 19663176 | J8: 1066756
A9: 64966340 | B9: ᵁᴺPisontije | C9: 101091016 | D9: 4401089173 | E9: 0 | F9: 0 | G9: 1156605 | H9: 0 | I9: 11566050 | J9: 4530086
A10: 27578537 | B10: Luki92 | C10: 86396519 | D10: 2990677624 | E10: 0 | F10: 0 | G10: 82519 | H10: 0 | I10: 825190 | J10: 5671160
A11: 172021868 | B11: ᵁᴺAnshii | C11: 71131000 | D11: 754536134 | E11: 9232 | F11: 14451 | G11: 150203 | H11: 31188 | I11: 2128680 | J11: 625120
A12: 171503078 | B12: メCalメ | C12: 77338670 | D12: 1175918462 | E12: 0 | F12: 0 | G12: 0 | H12: 0 | I12: 0 | J12: 3962480
A13: 67071592 | B13: ᵁᴺ乄Bツ | C13: 83763386 | D13: 9838674485 | E13: 0 | F13: 0 | G13: 0 | H13: 23801 | I13: 476020 | J13: 2830360
A14: 74556991 | B14: 乄Narcissus | C14: 78555324 | D14: 2412294291 | E14: 0 | F14: 0 | G14: 0 | H14: 0 | I14: 0 | J14: 2033186
A15: 62576249 | B15: ᵁᴺUğur | C15: 94336238 | D15: 3430140579 | E15: 0 | F15: 0 | G15: 0 | H15: 0 | I15: 0 | J15: 658300
... A181: 171293992 | B181: H ム l D E R | C181: 0 | D181: 0 | E181: 0 | F181: 0 | G181: 0 | H181: 0 | I181: 0 | J181: 0
C182: =SUM(C4:C181) -> 8942807607 | D182: =SUM(D4:D181) -> 121710605648 | E182: =SUM(E4:E181) -> 515998 | F182: =SUM(F4:F181) -> 838905 | G182: =SUM(G4:G181) -> 6811107 | H182: =SUM(H4:H181) -> 948897 | I182: =SUM(I4:I181) -> 87825262 | J182: =SUM(J4:J181) -> 169047171

Sheet Builder
A1: Pass4 | B1: Pass5 | C1: KL
A2: Pisontije
A3: LaxyCat
A4: RiP2016
A5: Prama
A6: Liwen
A7: Pickle Gnyxey
A8: SIJUGUL GORAT
A9: Roddi
A10: Sirix
A11: Saxon
A12: Greb
A13: Helios
A14: Super Man

Sheet VP
A1: Vacation Permit
A2: ID | B2: Name
A3: 43136267 | B3: 㐅 Kookie
A4: 49509851 | B4: Rockwell Junior
A5: 67873337 | B5: younan ezat
A6: 140009179 | B6: Herakles ツ
A7: 143328412 | B7: NopeNope
A8: 143457511 | B8: ᴮᵒᵂdreXIN
A9: 168091444 | B9: ᵁᴺOhanaツ
A10: 171358436 | B10: Łørd Shyпøx
A11: 171798243 | B11: CrazyLady2
A12: 171827401 | B12: SkrimDawg
A13: 172031022 | B13: 亗 BatMank 亗
A14: 119051033 | B14: smurfet87

Sheet Sheet3
A1: goal | B1: kp gain
A2: ᵁᴺLazy Catツ | B2: ᵁᴺLazy Catツ
A3: ᵁᴺLiwenツ | B3: ᵁᴺHeliosツ
A4: ᵁᴺSexyRickツ | B4: ᵁᴺPisontije
A5: ᵁᴺHeliosツ | B5: ᵁᴺ乄Bツ
A6: GAGS | B6: ᵁᴺSexyRickツ
A7: ᵁᴺAnshii | B7: ᵁᴺOdin
A8: ᵁᴺ乄Bツ | B8: 乄Narcissus
A9: Ray i | B9: ᵁᴺLiwenツ

Sheet BASE SCAN
A1: Governor ID | B1: Governor Name | C1: Power | D1: Kill Points | E1: Deaths | F1: T1 | G1: T2 | H1: T3 | I1: T4 | J1: T5 | K1: Kills | L1: RSS Assistance
A2: 27517647 | B2: Just Shturm | C2: 100131860 | D2: 4060421887 | E2: 24068053 | F2: 12761787 | G2: 6208974 | H2: 10522433 | I2: 145192507 | J2: 127571839 | K2: 302257540 | L2: 11924416060
A3: 44913203 | B3: ṦO | C3: 99840023 | D3: 1678885306 | E3: 20339926 | F3: 92889162 | G3: 2841045 | H3: 8671736 | I3: 66394536 | J3: 47799654 | K3: 218596133 | L3: 31657430161
A4: 56067990 | B4: 亗 Hà 亗 | C4: 89614905 | D4: 4130990989 | E4: 19139039 | F4: 122099605 | G4: 10253124 | H4: 15012110 | I4: 199749346 | J4: 101426146 | K4: 448540331 | L4: 14676911678
A5: 73093644 | B5: Tina Arev | C5: 89048524 | D5: 4356664870 | E5: 19790544 | F5: 40928351 | G5: 7561286 | H5: 11009162 | I5: 171229038 | J5: 128851480 | K5: 359579317 | L5: 7521283193
A6: 108927240 | B6: Piplup乄 | C6: 86278072 | D6: 1648062226 | E6: 11791955 | F6: 4821792 | G6: 2603101 | H6: 1593919 | I6: 72544583 | J6: 45503508 | K6: 127066903 | L6: 4874107677
A7: 49954716 | B7: 秦 Seadrop | C7: 84664999 | D7: 4485504282 | E7: 33010889 | F7: 249905003 | G7: 10548526 | H7: 6424645 | I7: 207254655 | J7: 115809055 | K7: 589941884 | L7: 56452906540
A8: 85000069 | B8: 秦 Uncle P | C8: 83238548 | D8: 2576575233 | E8: 16746297 | F8: 73996465 | G8: 3542352 | H8: 4370939 | I8: 86517098 | J8: 83601825 | K8: 252028679 | L8: 19987533945
A9: 168995471 | B9: Angel ᴷᴼᴿ | C9: 82361772 | D9: 380241014 | E9: 1112719 | F9: 534652 | G9: 6146738 | H9: 1221307 | I9: 20903266 | J9: 7696136 | K9: 36502099 | L9: 486450000
A10: 169552146 | B10: ᴿᴳ〤Sh4dy | C10: 77656015 | D10: 1046058609 | E10: 9591328 | F10: 11084439 | G10: 11810936 | H10: 22248295 | I10: 76158087 | J10: 8482290 | K10: 129784047 | L10: 3526158357
A11: 83641415 | B11: ᴿﾒ Dąrth | C11: 75198345 | D11: 1506421435 | E11: 11103284 | F11: 2879218 | G11: 868149 | H11: 2816896 | I11: 57356783 | J11: 45963694 | K11: 109884740 | L11: 16679151081
A12: 147571074 | B12: KillForThrill | C12: 73048685 | D12: 396275812 | E12: 5190889 | F12: 2646903 | G12: 4292265 | H12: 2850123 | I12: 19232997 | J12: 9171572 | K12: 38193860 | L12: 911326701
A13: 168995554 | B13: Human ᴷᴼᴿ | C13: 72395554 | D13: 279052038 | E13: 3101498 | F13: 2913661 | G13: 3108108 | H13: 990520 | I13: 16963833 | J13: 4932634 | K13: 28908756 | L13: 225719732
... A400: 169541530 | B400: England British | C400: 13128037 | D400: 2921260 | E400: 1001934 | F400: 46444 | G400: 111337 | H400: 612672 | I400: 23861 | J400: 0 | K400: 794314 | L400: 0
A401: 169520124 | B401: marion35 | C401: 13000861 | D401: 519949 | E401: 4876 | F401: 28727 | G401: 15175 | H401: 21886 | I401: 39631 | J401: 0 | K401: 105419 | L401: 0 | M401: Power | N401: Kill Points | O401: Deaths | P401: T1 | Q401: T2 | R401: T3 | S401: T4 | T401: T5 | U401: Kills | V401: RSS Assistance
A402: 170814397 | B402: Tinkeboss Jr | C402: 12920465 | D402: 181105 | E402: 0 | F402: 109388 | G402: 36398 | H402: 8058 | I402: 5420 | J402: 0 | K402: 159264 | L402: 2142413880 | M402: =SUM(C2:C401) -> 10586915500 | N402: =SUM(D2:D401) -> 57680101731 | O402: =SUM(E2:E401) -> 730013317 | P402: =SUM(F2:F401) -> 1532391087 | Q402: =SUM(G2:G401) -> 422592774 | R402: =SUM(H2:H401) -> 412702875 | S402: =SUM(I2:I401) -> 2872006656 | T402: =SUM(J2:J401) -> 1307878003 | ... V402: =SUM(L2:L401) -> 436113942135
A403: 169530953 | B403: N515F | C403: 12876848 | D403: 2381027 | E403: 1568705 | F403: 170145 | G403: 29272 | H403: 29121 | I403: 101453 | J403: 57872 | K403: 387863 | L403: 2000000
A404: 169473835 | B404: Gwen24 | C404: 12843103 | D404: 1932237 | E404: 135108 | F404: 468149 | G404: 408591 | H404: 171319 | I404: 33615 | J404: 0 | K404: 1081674 | L404: 4434746
A405: 169534816 | B405: NANITA08 | C405: 12836956 | D405: 263019 | E405: 285896 | F405: 7527 | G405: 5121 | H405: 3583 | I405: 23694 | J405: 0 | K405: 39925 | L405: 0
A406: 169585547 | B406: abdo 12 | C406: 12802313 | D406: 671160 | E406: 46184 | F406: 47462 | G406: 204199 | H406: 7165 | I406: 22461 | J406: 0 | K406: 281287 | L406: 0
A407: 169196533 | B407: ʳᶜ Long Nhi | C407: 12790355 | D407: 515547 | E407: 36186 | F407: 135535 | G407: 72548 | H407: 4376 | I407: 29296 | J407: 1644 | K407: 243399 | L407: 4111740694
A408: 101331063 | B408: Hà 2 | C408: 12777440 | D408: 1325277 | E408: 1611188 | F408: 12678 | G408: 953 | H408: 5784 | I408: 95758 | J408: 17006 | K408: 132179 | L408: 1919798629
A409: 159236720 | B409: ᴿᴳXReaper | C409: 12769119 | D409: 27021405 | E409: 1201889 | F409: 1146289 | G409: 1566867 | H409: 1234211 | I409: 1641637 | J409: 115260 | K409: 5704264 | L409: 348960433
A410: 169529265 | B410: Legio I Claudia | C410: 12713949 | D410: 653511 | E410: 135582 | F410: 7067 | G410: 59841 | H410: 42934 | I410: 36068 | J410: 0 | K410: 145910 | L410: 0
A411: 142188258 | B411: ᵀᶜAK1NC1LAR | C411: 12695446 | D411: 2769498 | E411: 888243 | F411: 267594 | G411: 669066 | H411: 130437 | I411: 81268 | J411: 2171 | K411: 1150536 | L411: 1238758
A412: 169301432 | B412: 秦 Xiang Yu | C412: 12680525 | D412: 704997 | E412: 127010 | F412: 146186 | G412: 56310 | H412: 51120 | I412: 35866 | J412: 0 | K412: 289482 | L412: 2811977458
A413: 123775869 | B413: 亗 Hà2 亗 | C413: 12623794 | D413: 0 | E413: 0 | F413: 0 | G413: 0 | H413: 0 | I413: 0 | J413: 0 | K413: 0 | L413: 2666405229
A414: 169399804 | B414: ᴿᴳMiquella | C414: 12437743 | D414: 10576883 | E414: 472934 | F414: 249359 | G414: 872680 | H414: 486508 | I414: 668350 | J414: 7606 | K414: 2284503 | L414: 182160580
... A601: 169483645 | B601: Welvi | C601: 7602163 | D601: 107095 | E601: 40944 | F601: 248 | G601: 11278 | H601: 0 | I601: 8449 | J601: 0 | K601: 19975 | L601: 0

Sheet BASE SCAN (1)
A1: Governor ID | B1: Governor Name | C1: Power | D1: Kill Points | E1: Deaths | F1: T1 | G1: T2 | H1: T3 | I1: T4 | J1: T5 | K1: Kills | L1: RSS Assistance
A2: 27517647 | B2: Just Shturm | C2: 100131860 | D2: 4060421887 | E2: 24068053 | F2: 12761787 | G2: 6208974 | H2: 10522433 | I2: 145192507 | J2: 127571839 | K2: 302257540 | L2: 11924416060
A3: 44913203 | B3: ṦO | C3: 99840023 | D3: 1678885306 | E3: 20339926 | F3: 92889162 | G3: 2841045 | H3: 8671736 | I3: 66394536 | J3: 47799654 | K3: 218596133 | L3: 31657430161
A4: 56067990 | B4: 亗 Hà 亗 | C4: 89614905 | D4: 4130990989 | E4: 19139039 | F4: 122099605 | G4: 10253124 | H4: 15012110 | I4: 199749346 | J4: 101426146 | K4: 448540331 | L4: 14676911678
A5: 73093644 | B5: Tina Arev | C5: 89048524 | D5: 4356664870 | E5: 19790544 | F5: 40928351 | G5: 7561286 | H5: 11009162 | I5: 171229038 | J5: 128851480 | K5: 359579317 | L5: 7521283193
A6: 108927240 | B6: Piplup乄 | C6: 86278072 | D6: 1648062226 | E6: 11791955 | F6: 4821792 | G6: 2603101 | H6: 1593919 | I6: 72544583 | J6: 45503508 | K6: 127066903 | L6: 4874107677
A7: 49954716 | B7: 秦 Seadrop | C7: 84664999 | D7: 4485504282 | E7: 33010889 | F7: 249905003 | G7: 10548526 | H7: 6424645 | I7: 207254655 | J7: 115809055 | K7: 589941884 | L7: 56452906540
A8: 85000069 | B8: 秦 Uncle P | C8: 83238548 | D8: 2576575233 | E8: 16746297 | F8: 73996465 | G8: 3542352 | H8: 4370939 | I8: 86517098 | J8: 83601825 | K8: 252028679 | L8: 19987533945
A9: 168995471 | B9: Angel ᴷᴼᴿ | C9: 82361772 | D9: 380241014 | E9: 1112719 | F9: 534652 | G9: 6146738 | H9: 1221307 | I9: 20903266 | J9: 7696136 | K9: 36502099 | L9: 486450000
A10: 169552146 | B10: ᴿᴳ〤Sh4dy | C10: 77656015 | D10: 1046058609 | E10: 9591328 | F10: 11084439 | G10: 11810936 | H10: 22248295 | I10: 76158087 | J10: 8482290 | K10: 129784047 | L10: 3526158357
A11: 83641415 | B11: ᴿﾒ Dąrth | C11: 75198345 | D11: 1506421435 | E11: 11103284 | F11: 2879218 | G11: 868149 | H11: 2816896 | I11: 57356783 | J11: 45963694 | K11: 109884740 | L11: 16679151081
A12: 147571074 | B12: KillForThrill | C12: 73048685 | D12: 396275812 | E12: 5190889 | F12: 2646903 | G12: 4292265 | H12: 2850123 | I12: 19232997 | J12: 9171572 | K12: 38193860 | L12: 911326701
A13: 168995554 | B13: Human ᴷᴼᴿ | C13: 72395554 | D13: 279052038 | E13: 3101498 | F13: 2913661 | G13: 3108108 | H13: 990520 | I13: 16963833 | J13: 4932634 | K13: 28908756 | L13: 225719732
... A400: 169541530 | B400: England British | C400: 13128037 | D400: 2921260 | E400: 1001934 | F400: 46444 | G400: 111337 | H400: 612672 | I400: 23861 | J400: 0 | K400: 794314 | L400: 0
A401: 169520124 | B401: marion35 | C401: 13000861 | D401: 519949 | E401: 4876 | F401: 28727 | G401: 15175 | H401: 21886 | I401: 39631 | J401: 0 | K401: 105419 | L401: 0 | M401: Power | N401: Kill Points | O401: Deaths | P401: T1 | Q401: T2 | R401: T3 | S401: T4 | T401: T5 | U401: Kills | V401: RSS Assistance
A402: 170814397 | B402: Tinkeboss Jr | C402: 12920465 | D402: 181105 | E402: 0 | F402: 109388 | G402: 36398 | H402: 8058 | I402: 5420 | J402: 0 | K402: 159264 | L402: 2142413880 | M402: =SUM(C2:C401) -> 10586915500 | N402: =SUM(D2:D401) -> 57680101731 | O402: =SUM(E2:E401) -> 730013317 | P402: =SUM(F2:F401) -> 1532391087 | Q402: =SUM(G2:G401) -> 422592774 | R402: =SUM(H2:H401) -> 412702875 | S402: =SUM(I2:I401) -> 2872006656 | T402: =SUM(J2:J401) -> 1307878003 | ... V402: =SUM(L2:L401) -> 436113942135
A403: 169530953 | B403: N515F | C403: 12876848 | D403: 2381027 | E403: 1568705 | F403: 170145 | G403: 29272 | H403: 29121 | I403: 101453 | J403: 57872 | K403: 387863 | L403: 2000000
A404: 169473835 | B404: Gwen24 | C404: 12843103 | D404: 1932237 | E404: 135108 | F404: 468149 | G404: 408591 | H404: 171319 | I404: 33615 | J404: 0 | K404: 1081674 | L404: 4434746
A405: 169534816 | B405: NANITA08 | C405: 12836956 | D405: 263019 | E405: 285896 | F405: 7527 | G405: 5121 | H405: 3583 | I405: 23694 | J405: 0 | K405: 39925 | L405: 0
A406: 169585547 | B406: abdo 12 | C406: 12802313 | D406: 671160 | E406: 46184 | F406: 47462 | G406: 204199 | H406: 7165 | I406: 22461 | J406: 0 | K406: 281287 | L406: 0
A407: 169196533 | B407: ʳᶜ Long Nhi | C407: 12790355 | D407: 515547 | E407: 36186 | F407: 135535 | G407: 72548 | H407: 4376 | I407: 29296 | J407: 1644 | K407: 243399 | L407: 4111740694
A408: 101331063 | B408: Hà 2 | C408: 12777440 | D408: 1325277 | E408: 1611188 | F408: 12678 | G408: 953 | H408: 5784 | I408: 95758 | J408: 17006 | K408: 132179 | L408: 1919798629
A409: 159236720 | B409: ᴿᴳXReaper | C409: 12769119 | D409: 27021405 | E409: 1201889 | F409: 1146289 | G409: 1566867 | H409: 1234211 | I409: 1641637 | J409: 115260 | K409: 5704264 | L409: 348960433
A410: 169529265 | B410: Legio I Claudia | C410: 12713949 | D410: 653511 | E410: 135582 | F410: 7067 | G410: 59841 | H410: 42934 | I410: 36068 | J410: 0 | K410: 145910 | L410: 0
A411: 142188258 | B411: ᵀᶜAK1NC1LAR | C411: 12695446 | D411: 2769498 | E411: 888243 | F411: 267594 | G411: 669066 | H411: 130437 | I411: 81268 | J411: 2171 | K411: 1150536 | L411: 1238758
A412: 169301432 | B412: 秦 Xiang Yu | C412: 12680525 | D412: 704997 | E412: 127010 | F412: 146186 | G412: 56310 | H412: 51120 | I412: 35866 | J412: 0 | K412: 289482 | L412: 2811977458
A413: 123775869 | B413: 亗 Hà2 亗 | C413: 12623794 | D413: 0 | E413: 0 | F413: 0 | G413: 0 | H413: 0 | I413: 0 | J413: 0 | K413: 0 | L413: 2666405229
A414: 169399804 | B414: ᴿᴳMiquella | C414: 12437743 | D414: 10576883 | E414: 472934 | F414: 249359 | G414: 872680 | H414: 486508 | I414: 668350 | J414: 7606 | K414: 2284503 | L414: 182160580
... A601: 169483645 | B601: Welvi | C601: 7602163 | D601: 107095 | E601: 40944 | F601: 248 | G601: 11278 | H601: 0 | I601: 8449 | J601: 0 | K601: 19975 | L601: 0
