Workbook

Sheet Dashboard
A1: Paste here your ID (A2 EDIT) | B1: Ranking | C1: DKP STATUS | E1: Scan name | F1: Scan date | G1: Power | H1: Kill Points | I1: Deads | J1: T4 Kills | K1: T5 Kills | L1: T4 Deads | M1: T5 Deads | N1: Acclaim
A2: 75481347 | B2: =VLOOKUP(A2,'KL Review'!A:AA,26,FALSE) & " / 47" -> 6 / 47 | C2: =VLOOKUP(A2,'KL Review'!A:AA,25,FALSE) -> 1.3653834 | E2: BASE SCAN | F2: 46184 | G2: =VLOOKUP(A2,SoC_Data!A:K,10,FALSE) -> 117965143 | H2: =VLOOKUP(A2,SoC_Data!A:K,11,FALSE) -> 13573931495 | I2: =VLOOKUP(A2,SoC_Data!A:K,8,FALSE) -> 47369558 | J2: =VLOOKUP(A2,SoC_Data!A:K,6,FALSE) -> 316119757 | K2: =VLOOKUP(A2,SoC_Data!A:K,7,FALSE) -> 517868228
A3: Player Name | C3: =VLOOKUP(A2,SoC_Data!A:D,2,FALSE) -> Lord Guineapig | E3: Lvl 4 Pass Scan | F3: 46189 | G3: =VLOOKUP(A2,SoC_Data!A:R,17,FALSE)-VLOOKUP(A2,SoC_Data!A:R,10,FALSE) -> -4535112 | H3: =VLOOKUP(A2,SoC_Data!A:R,18,FALSE)-VLOOKUP(A2,SoC_Data!A:R,11,FALSE) -> 553260246 | I3: =VLOOKUP(A2,'Pass 4 Report'!A:U,16,FALSE) -> 456862 | J3: =VLOOKUP(A2,SoC_Data!A:R,13,FALSE)-VLOOKUP(A2,SoC_Data!A:R,6,FALSE) -> 3793020 | K3: =VLOOKUP(A2,SoC_Data!A:R,14,FALSE)-VLOOKUP(A2,SoC_Data!A:R,7,FALSE) -> 25763024 | L3: =VLOOKUP(A2,'Pass 4 Report'!A:U,14,FALSE) -> 0 | M3: =VLOOKUP(A2,'Pass 4 Report'!A:U,15,FALSE) -> 456862 | N3: =VLOOKUP(A2,'Pass 4 Report'!A:U,5,FALSE) -> 8358895
A4: KP Minimal Requirement | C4: =VLOOKUP(A2,BS_Report!A:M,5,FALSE) -> 597447329 | E4: Altar 1 Scan | F4: No Fight
A5: Dead Minimal Requirement | C5: =VLOOKUP(A2,BS_Report!A:M,6,FALSE) -> 2.6952066e+08 | E5: Mid Review | F5: No Fight
A6: Tier 4 Kills | B6: X | C6: =J11 -> 8655227 | E6: P7 & Kings Land Scan | F6: 46210 | G6: =VLOOKUP(A2,SoC_Data!A:Y,24,FALSE)-VLOOKUP(A2,SoC_Data!A:Y,17,FALSE) -> 9573080 | H6: =VLOOKUP(A2,SoC_Data!A:Y,25,FALSE)-VLOOKUP(A2,SoC_Data!A:Y,18,FALSE) -> 620966910 | I6: =VLOOKUP(A2,SoC_Data!A:Y,22,FALSE)-VLOOKUP(A2,SoC_Data!A:Y,15,FALSE) -> 2779426 | J6: =VLOOKUP(A2,SoC_Data!A:Y,20,FALSE)-VLOOKUP(A2,SoC_Data!A:Y,13,FALSE) -> 4862207 | K6: =VLOOKUP(A2,SoC_Data!A:Y,21,FALSE)-VLOOKUP(A2,SoC_Data!A:Y,14,FALSE) -> 28613740 | L6: =VLOOKUP(A2,'KL Review'!A:AA,18,FALSE) -> 0 | M6: =VLOOKUP(A2,'KL Review'!A:AA,19,FALSE) -> 3262800 | N6: =VLOOKUP(A2,'KL Review'!A:AA,8,FALSE) -> 10085372
A7: Tier 5 Kills | B7: X | C7: =K11 -> 54376764 | L7: X | M7: X
A8: Tier 4 Deads | B8: X | C8: =L11 -> 0 | L8: X | M8: X
A9: Tier 5 Deads | B9: X | C9: =M11 -> 3262800 | L9: X | M9: X
A10: KP Gained | B10: X | C10: =SUM(H3:H6) -> 1174227156 | O10: TOTAL DKP
A11: Acclaim | B11: X | C11: =N11 -> 18444267 | E11: DKP SUMMARY | F11: X | G11: =SUM(G2:G8) -> 123003111 | H11: =SUM(H2:H8) -> 14748158651 | I11: =SUM(I3:I8) -> 3236288 | J11: =SUM(J3:J8) -> 8655227 | K11: =SUM(K3:K8) -> 54376764 | L11: =L6 -> 0 | M11: =M6 -> 3262800 | N11: =SUM(N2:N6) -> 18444267 | O11: =SUM(J11*4,K11*10,I11*15) -> 626932868
A14: How to use? 1. Copy your profile ID 2. Paste it in A2 Slot 3. Click Enter | E14: KINGDOM STATISTICS
A17: DKP STATUS HISTORY | E17: Scan name | F17: Scan date | G17: Power | H17: Kill Points | I17: Deads | J17: T4 Kills | K17: T5 Kills | L17: T4 Deads | M17: T5 Deads | N17: Acclaim
A18: Excellent | B18: >25% | C18: (~˘▾˘)~ | E18: BS (TOP300) | F18: 46184 | G18: 7249587781 | H18: 139702506304 | I18: 1091071302 | J18: 3929241469 | K18: 4934816788
A19: Normal | B19: 15-25% | C19: ¯\_(ツ)_/¯ | E19: Lvl 4 Pass(TOP300) | F19: 46189 | G19: 6860850506 | H19: 144169742232 | I19: 1105827727 | J19: 3947102931 | K19: 5147511585 | L19: =SUM(4248936,4159370,3645644,754339) -> 12808289 | M19: =SUM(6967758,6413071,3674353,208547) -> 17263729 | N19: 82144971
A20: Deadweight | B20: <15% | C20: (ʘᗩʘ') | E20: Altar P1(TOP300) | F20: no fight
E21: Mid Review(TOP300) | F21: no fight
A22: SCORE BOARD | E22: Kings Land(TOP300) | F22: 46210 | G22: 6945980113 | H22: 152934210301 | I22: 1191452700 | J22: 4070154899 | K22: 5522149780 | L22: =SUM(8934584,8552262,7364184,823986) -> 25675016 | M22: =SUM(15089813,15493659,10670471,465640) -> 41719583 | N22: 187528635
A23: ᵁᴺMyth | B23: 2.0077363 | C23: Top Goal
A24: Lord Guineapig | B24: 14748158651 | C24: Top Total KP
A25: Lord Guineapig | B25: 3262800 | C25: Top Dead
A26: Lord Guineapig | B26: 1174227156 | C26: Top KP Gained | E26: DKP SUMMARY | F26: X | G26: X | H26: X | I26: X | J26: X | K26: X | L26: X | M26: X | N26: X
A27: Lord Guineapig | B27: 63031991 | C27: Top KVK Kill Points
A28: Lord Guineapig | B28: 18444267 | C28: Top Acclaim
B31: Date | C31: Kingdom Power | D31: Kill Points
B32: 45864 | C32: 9278618824 | D32: 61276483616
B33: 45899 | C33: 12149406514 | D33: 112058146834
B34: 45928 | C34: 12149819513 | D34: 117058934234
B35: 45949 | C35: 11507378863 | D35: 124467902534
B36: 46013 | C36: 10913196282 | D36: 133185732701
B37: 46032 | C37: 10297688506 | D37: 142038184665
B38: 46104 | C38: 7657388428 | D38: 129533572474
B39: 46126 | C39: 7526593722 | D39: 142845858983
B40: 46184 | C40: 7249587781 | D40: 139702506304
B41: 46189 | C41: 6860850506 | D41: 144169742232
B42: 46210 | C42: 6945980113 | D42: 152934210301
E58: Score Data
D62: Name | E62: Initial Power | F62: Final Power | G62: Initial KP | H62: Final KP | I62: Total Dead | J62: Total Power Diff | K62: Total KP Gained | L62: KP Ratio Power | M62: Dead Ratio | N62: Goal Ratio | O62: Rate
D63: TBA | E63: TBA | F63: TBA | G63: TBA | H63: TBA | I63: TBA | J63: TBA | K63: TBA | L63: TBA | M63: TBA | N63: TBA | O63: TBA

Sheet SoC_Data
A1: Player Data | E1: Base Scan (11 June 2026) | L1: Pass 4 (13-16 June 2026) | S1: Pass 7 + KL (17/6 - 7/7)
A2: Governor ID | B2: Name | C2: Power | D2: KP | E2: T1 Kills | F2: T4 Kills | G2: T5 Kills | H2: Dead | I2: RSS Assist | J2: Scan Power | K2: Scan KP | L2: T1 Kills | M2: T4 Kills | N2: T5 Kills | O2: Dead | P2: RSS Assist | Q2: Scan Power | R2: Scan KP | S2: T1 Kills | T2: T4 Kills | U2: T5 Kills | V2: Dead | W2: RSS Assist | X2: Scan Power | Y2: Scan KP
A3: 64966340 | B3: ᵁᴺPisontije | C3: 119871650 | D3: 6442711619 | E3: 24842139 | F3: 104433440 | G3: 269122392 | H3: 22275507 | I3: 14447507150 | J3: 119871650 | K3: 6442711619 | L3: 24842319 | M3: 107728823 | N3: 289917667 | O3: 23249453 | P3: 14447507150 | Q3: 108820237 | R3: 6891570985 | S3: 24933939 | T3: 111339463 | U3: 311975486 | V3: 24679994 | W3: 14447507150 | X3: 98341047 | Y3: 7368885225
A4: 75481347 | B4: Lord Guineapig | C4: 117965143 | D4: 13573931495 | E4: 62966276 | F4: 316119757 | G4: 517868228 | H4: 47369558 | I4: 90040243340 | J4: 117965143 | K4: 13573931495 | L4: 63035336 | M4: 319912777 | N4: 543631252 | O4: 47852934 | P4: 90040243340 | Q4: 113430031 | R4: 14127191741 | S4: 63035848 | T4: 324774984 | U4: 572244992 | V4: 50632360 | W4: 90040243340 | X4: 123003111 | Y4: 14748158651
A5: 168455139 | B5: ᵁᴺLiwen 龍 | C5: 113776671 | D5: 3815884670 | E5: 11914151 | F5: 69809236 | G5: 155375995 | H5: 18458747 | I5: 20049450569 | J5: 113776671 | K5: 3815884670 | L5: 11928951 | M5: 72477373 | N5: 176659177 | O5: 19288200 | P5: 20049450569 | Q5: 103254871 | R5: 4268273902 | S5: 11943765 | T5: 73674124 | U5: 180976110 | V5: 19946484 | W5: 20059450569 | X5: 98768830 | Y5: 4366583035
A6: 2463403 | B6: ᵁᴺHeliosツ | C6: 93598591 | D6: 9499751330 | E6: 31349720 | F6: 225746371 | G6: 360136728 | H6: 43752084 | I6: 10826888908 | J6: 93598591 | K6: 9499751330 | L6: 31360251 | M6: 228170088 | N6: 380548619 | O6: 44696928 | P6: 10826888908 | Q6: 83695611 | R6: 9932282612 | S6: 31360812 | T6: 231124922 | U6: 397208441 | V6: 45433618 | W6: 10836888908 | X6: 80833891 | Y6: 10295046330
A7: 67071592 | B7: ᵁᴺ乄Bツ | C7: 90618001 | D7: 11847016922 | E7: 83282780 | F7: 420852758 | G7: 374736800 | H7: 31616038 | I7: 27307655885 | J7: 90618001 | K7: 11847016922 | L7: 83282804 | M7: 423310937 | N7: 389998257 | O7: 31726234 | P7: 27307655885 | Q7: 89292909 | R7: 12176841628 | S7: 83291945 | T7: 426352897 | U7: 417261419 | V7: 31772516 | W7: 27307655885 | X7: 87838354 | Y7: 12752558673
A8: 62576249 | B8: ᵁᴺAyaz | C8: 90345250 | D8: 4116334761 | E8: 138918285 | F8: 112565728 | G8: 145388738 | H8: 24958214 | I8: 34588144930 | J8: 90345250 | K8: 4116334761 | L8: 138960392 | M8: 114053807 | N8: 153423442 | O8: 25807181 | P8: 34588144930 | Q8: 83527510 | R8: 4291922410 | S8: 139188804 | T8: 116339382 | U8: 163319360 | V8: 26098055 | W8: 34588144930 | X8: 82142556 | Y8: 4512755982
A9: 11726598 | B9: ᵁᴺLazy Catツ | C9: 87218821 | D9: 11875533705 | E9: 85433305 | F9: 249937330 | G9: 464656989 | H9: 30401245 | I9: 33365752766 | J9: 87218821 | K9: 11875533705 | L9: 85460578 | M9: 250488150 | N9: 466319995 | O9: 30481202 | P9: 33365752766 | Q9: 87269561 | R9: 11914321283 | S9: 85588211 | T9: 252892500 | U9: 486931641 | V9: 30773637 | W9: 33365752766 | X9: 82106789 | Y9: 12350690650
A10: 79650085 | B10: Keshiba ツ | C10: 86995032 | D10: 2510326450 | E10: 34864153 | F10: 68614845 | G10: 90087042 | H10: 16015869 | I10: 15411538988 | J10: 86995032 | K10: 2510326450 | L10: 34864153 | M10: 68748695 | N10: 90940801 | O10: 16152466 | P10: 15411538988 | Q10: 86051078 | R10: 2528740130 | S10: 34864627 | T10: 68990819 | U10: 91691725 | V10: 16448723 | W10: 15411538988 | X10: 84681280 | Y10: 2546179997
A11: 27083550 | B11: ᵁᴺBig Kayシ | C11: 84868298 | D11: 3516995142 | E11: 27933252 | F11: 118633746 | G11: 114370055 | H11: 30923918 | I11: 8740341628 | J11: 84868298 | K11: 3516995142 | L11: 27935380 | M11: 119469466 | N11: 117449669 | O11: 31792464 | P11: 8740341628 | Q11: 77761081 | R11: 3586945048 | S11: 27940286 | T11: 121099638 | U11: 126050007 | V11: 32822858 | W11: 8740341628 | X11: 75716145 | Y11: 3775376479
A12: 169427770 | B12: ᵁᴺ Saxon | C12: 84302176 | D12: 1099951251 | E12: 3017508 | F12: 31895933 | G12: 38623890 | H12: 12034266 | I12: 4793843925 | J12: 84302176 | K12: 1099951251 | L12: 3017649 | M12: 32933711 | N12: 42005467 | O12: 12858036 | P12: 4793843925 | Q12: 76248802 | R12: 1177962143 | S12: 3033302 | T12: 34225177 | U12: 49619115 | V12: 13566471 | W12: 4793843925 | X12: 73673928 | Y12: 1343155756
A13: 77394861 | B13: Ngacai | C13: 84262735 | D13: 2873222492 | E13: 2191121 | F13: 97368765 | G13: 94829963 | H13: 19100452 | I13: 68605111155 | J13: 84262735 | K13: 2873222492 | L13: 2191121 | M13: 97796728 | N13: 97712870 | O13: 19227898 | P13: 68605111155 | Q13: 78588985 | R13: 2935160262 | S13: 2191146 | T13: 98341677 | U13: 99511768 | V13: 19921506 | W13: 68605111155 | X13: 73844595 | Y13: 2976589665
A14: 172021868 | B14: ᵁᴺMyth | C14: 84246640 | D14: 2051102410 | E14: 18255923 | F14: 25755323 | G14: 89373129 | H14: 5385559 | I14: 2357709172 | J14: 84246640 | K14: 2051102410 | L14: 18256845 | M14: 27449927 | N14: 106894577 | O14: 5597192 | P14: 2777709172 | Q14: 83306400 | R14: 2418478753 | S14: 18261689 | T14: 30510904 | U14: 130026206 | V14: 6209818 | W14: 2777709172 | X14: 81300950 | Y14: 2911734497
... A49: 181734011 | B49: CABJLorena | C49: 36684245 | D49: 115169958 | E49: 409183 | F49: 4287688 | G49: 3417500 | H49: 3934649 | I49: 299070086 | J49: 36684245 | K49: 115169958 | L49: 572017 | M49: 5075264 | N49: 4210809 | O49: 4668689 | P49: 299070086 | Q49: 33480341 | R49: 138977963 | S49: 680829 | T49: 5487971 | U49: 4977658 | V49: 5248935 | W49: 299070086 | X49: 32392119 | Y49: 158474683

Sheet Performance Analysis
A1: Performance Analysis Report
A2: Final Data | L2: Player Progress | P2: Score | S2: Player Result
A3: Governor ID | B3: Name | C3: Initial Power | D3: Final Power | E3: Initial KP | F3: Final KP | G3: Total Kills | H3: Total Dead | I3: Total Acclaim | J3: Total Power Diff | K3: Total KP Gained | L3: % Min KP | M3: % Min Dead | N3: % Power Loss | O3: % Goal | P3: KP Ratio Power | Q3: Dead Ratio | R3: Goal Ratio | S3: Rate
A4: 172021868 | B4: ᵁᴺMyth | C4: 84246640 | D4: 81300950 | E4: 2051102410 | F4: 2911734497 | G4: 45408658 | H4: 824155 | I4: 11305800 | J4: -2005450 | K4: 860632087 | L4: 3.0792551 | M4: 1.1430992 | N4: 0.96503493 | O4: 2.0077363 | P4: =((((L4*100)-1)*9)/110)+1 -> 26.112088 | Q4: =((((M4*100)-1)*9)/110)+1 -> 10.270812 | R4: =((((O4*100)-1)*9)/110)+1 -> 17.345115 | S4: Excellent
A5: 67071592 | B5: ᵁᴺ乄Bツ | C5: 90618001 | D5: 87838354 | E5: 11847016922 | F5: 12752558673 | G5: 48024758 | H5: 156478 | I5: 11586902 | J5: -1454555 | K5: 905541751 | L5: 2.7451394 | M5: 0.18702144 | N5: 0.96932566 | O5: 1.8148244 | P5: =((((L5*100)-1)*9)/110)+1 -> 23.378413 | Q5: =((((M5*100)-1)*9)/110)+1 -> 2.4483573 | R5: =((((O5*100)-1)*9)/110)+1 -> 15.766745 | S5: Excellent
A6: 143612450 | B6: NT ĐVL1 | C6: 49554865 | D6: 69036342 | E6: 861220138 | F6: 1086140242 | G6: 12001289 | H6: 1001196 | I6: 3254255 | J6: 19926283 | K6: 224920104 | L6: 2.6612617 | M6: 2.874369 | N6: 1.3931295 | O6: 1.6377825 | P6: =((((L6*100)-1)*9)/110)+1 -> 22.692141 | Q6: =((((M6*100)-1)*9)/110)+1 -> 24.435747 | R6: =((((O6*100)-1)*9)/110)+1 -> 14.318221 | S6: Excellent
A7: 2463403 | B7: ᵁᴺHeliosツ | C7: 93598591 | D7: 80833891 | E7: 9499751330 | F7: 10295046330 | G7: 42450264 | H7: 1681534 | I7: 11070436 | J7: -2861720 | K7: 795295000 | L7: 2.2403295 | M7: 1.9054985 | N7: 0.86362295 | O7: 1.4902863 | P7: =((((L7*100)-1)*9)/110)+1 -> 19.248151 | Q7: =((((M7*100)-1)*9)/110)+1 -> 16.508624 | R7: =((((O7*100)-1)*9)/110)+1 -> 13.111433 | S7: Excellent
A8: 136662717 | B8: ᵁᴺ乄1YED | C8: 55099051 | D8: 52278441 | E8: 834750759 | F8: 1083803066 | G8: 13318445 | H8: 1054618 | I8: 3395446 | J8: -2534518 | K8: 249052307 | L8: 2.3346257 | M8: 1.8945464 | N8: 0.94880837 | O8: 1.4353929 | P8: =((((L8*100)-1)*9)/110)+1 -> 20.019665 | Q8: =((((M8*100)-1)*9)/110)+1 -> 16.419016 | R8: =((((O8*100)-1)*9)/110)+1 -> 12.662305 | S8: Excellent
A9: 75481347 | B9: Lord Guineapig | C9: 117965143 | D9: 123003111 | E9: 13573931495 | F9: 14748158651 | G9: 63031991 | H9: 3262800 | I9: 18444267 | J9: 9573080 | K9: 1174227156 | L9: 1.965407 | M9: 2.4211873 | N9: 1.0427073 | O9: 1.3653834 | P9: =((((L9*100)-1)*9)/110)+1 -> 16.998784 | Q9: =((((M9*100)-1)*9)/110)+1 -> 20.727896 | R9: =((((O9*100)-1)*9)/110)+1 -> 12.089501 | S9: Excellent
A10: 171503078 | B10: メCalメ | C10: 80868810 | D10: 74315880 | E10: 2095837172 | F10: 2588998207 | G10: 25904284 | H10: 736487 | I10: 6124323 | J10: -802054 | K10: 493161035 | L10: 1.936856 | M10: 1.0517734 | N10: 0.91896839 | O10: 1.2532767 | P10: =((((L10*100)-1)*9)/110)+1 -> 16.765185 | Q10: =((((M10*100)-1)*9)/110)+1 -> 9.5236002 | R10: =((((O10*100)-1)*9)/110)+1 -> 11.172264 | S10: Excellent
A11: 64966340 | B11: ᵁᴺPisontije | C11: 119871650 | D11: 98341047 | E11: 6442711619 | F11: 7368885225 | G11: 49759117 | H11: 2404483 | I11: 11851581 | J11: -10479190 | K11: 926173606 | L11: 1.4957413 | M11: 1.7339555 | N11: 0.8203862 | O11: 1.0421079 | P11: =((((L11*100)-1)*9)/110)+1 -> 13.156066 | Q11: =((((M11*100)-1)*9)/110)+1 -> 15.105091 | R11: =((((O11*100)-1)*9)/110)+1 -> 9.4445193 | S11: Excellent
A12: 11726598 | B12: ᵁᴺLazy Catツ | C12: 87218821 | D12: 82106789 | E12: 11875533705 | F12: 12350690650 | G12: 25229822 | H12: 372392 | I12: 6462964 | J12: -5162772 | K12: 475156945 | L12: 1.5711221 | M12: 0.47813944 | N12: 0.94138843 | O12: 1.0311375 | P12: =((((L12*100)-1)*9)/110)+1 -> 13.772817 | Q12: =((((M12*100)-1)*9)/110)+1 -> 4.8302318 | R12: =((((O12*100)-1)*9)/110)+1 -> 9.3547613 | S12: Excellent
A13: 168923934 | B13: ᵛᶰシSunシ | C13: 69587299 | D13: 77716675 | E13: 867985514 | F13: 1152786125 | G13: 15905970 | H13: 1731551 | I13: 4142875 | J13: 8699857 | K13: 284800611 | L13: 1.5756454 | M13: 3.1035048 | N13: 1.1168227 | O13: 0.99341018 | P13: =((((L13*100)-1)*9)/110)+1 -> 13.809826 | Q13: =((((M13*100)-1)*9)/110)+1 -> 26.310494 | R13: =((((O13*100)-1)*9)/110)+1 -> 9.0460833 | S13: Excellent
A14: 171604682 | B14: ᵁᴺDaddy | C14: 78000325 | D14: 76882042 | E14: 2046658221 | F14: 2365176210 | G14: 17264921 | H14: 293911 | I14: 4783907 | J14: 679740 | K14: 318517989 | L14: 1.3583225 | M14: 0.47528246 | N14: 0.9856631 | O14: 0.87315521 | P14: =((((L14*100)-1)*9)/110)+1 -> 12.031729 | Q14: =((((M14*100)-1)*9)/110)+1 -> 4.8068565 | R14: =((((O14*100)-1)*9)/110)+1 -> 8.062179 | S14: Excellent
A15: 98107237 | B15: 亗 Intersect | C15: 80847929 | D15: 73847547 | E15: 3468706868 | F15: 3801581773 | G15: 17611086 | H15: 686755 | I15: 5192971 | J15: -7611360 | K15: 332874905 | L15: 1.3081129 | M15: 1.0332755 | N15: 0.91341297 | O15: 0.84639716 | P15: =((((L15*100)-1)*9)/110)+1 -> 11.620924 | Q15: =((((M15*100)-1)*9)/110)+1 -> 9.3722538 | R15: =((((O15*100)-1)*9)/110)+1 -> 7.8432495 | S15: Excellent
... A50: 7887352 | B50: Igor97 | C50: 72698353 | D50: 72762353 | E50: 2328650208 | F50: 2328650208 | G50: 0 | H50: 0 | I50: 0 | J50: 0 | K50: 0 | L50: 0 | M50: 0 | N50: 1.0008804 | O50: 0 | P50: =((((L50*100)-1)*9)/110)+1 -> 0.91818182 | Q50: =((((M50*100)-1)*9)/110)+1 -> 0.91818182 | R50: =((((O50*100)-1)*9)/110)+1 -> 0.91818182 | S50: Dead Weight
G51: =SUM(G4:G50) -> 642786745 | H51: =SUM(H4:H50) -> 46698975 | I51: =SUM(I4:I50) -> 176585464 | J51: =SUM(J4:J50) -> -45832920 | K51: =SUM(K4:K50) -> 11905889375
A54: Scoring System | R54: Excellent | S54: =COUNTIF(S4:S50,"Excellent") -> 22
A55: Scaled Value = 1 + ( (Original Value - MIN Value) / (Max Value - Min Value) ) * 9 | R55: Good | S55: =COUNTIF(S4:S50, "Good") -> 12
A56: where rescalin 1 to 10 Dw to Excellent | R56: Need Improvement | S56: =COUNTIF(S4:S50, "Need Improvement") -> 4
A57: Scaling equal 110% for Max Value to normalize scoring for all players | R57: Dead Weight | S57: =COUNTIF(S4:S50, "Dead Weight") -> 9

Sheet Filler Accounts
E1: Total Power | H1: Troops | L1: Requirement | M1: Dead | S1: Result
A2: ID | B2: Name | C2: Initial Power | D2: KP | E2: Pass 4 Power | F2: Pass 7 Power | G2: Final Power | H2: T3 | I2: T4 | J2: T5 | K2: Total Troops | L2: Min Req Troops Dead | M2: T4 Dead | N2: T5 Dead | O2: Pass 4 Dead | P2: KL Dead | Q2: Total Dead | R2: Total Power Diff | S2: %min Dead | T2: %Goal
A3: 100476820 | B3: 亗 Int Bully | C3: 50124790 | D3: 186185651 | E3: 50120466 | F3: 46102618 | G3: =F3 -> 46102618 | H3: =SUM(9238,46000) -> 55238 | I3: =SUM(732880,393412,439217) -> 1565509 | J3: 0 | K3: =SUM(H3:J3) -> 1620747 | L3: =K3*0.5 -> 810373.5 | M3: 1522325 | N3: =VLOOKUP(A3,Sheet4!A:H,5,FALSE) -> 0 | O3: 24502 | P3: =(M3+N3)-O3 -> 1497823 | Q3: =SUM(O3,P3) -> 1522325 | R3: =G3-C3 -> -4022172 | S3: 1.8785474 | T3: 0.86390338
A4: 171945722 | B4: ᵁᴺJools Jnr | C4: 52492163 | D4: 78096381 | E4: 43616907 | F4: 44964065 | G4: =F4 -> 44964065 | H4: 0 | I4: =SUM(522137,614796,1118085,827192) -> 3082210 | J4: 0 | K4: =SUM(H4:J4) -> 3082210 | L4: =K4*0.5 -> 1541105 | M4: 2321210 | N4: =VLOOKUP(A4,Sheet4!A:H,5,FALSE) -> 0 | O4: 2321210 | P4: =(M4+N4)-O4 -> 0 | Q4: =SUM(O4,P4) -> 2321210 | R4: =G4-C4 -> -7528098 | S4: 1.5061985 | T4: 0.64509445
A5: 81160164 | B5: Sir Guineapig | C5: 61661058 | D5: 501462936 | E5: 58147322 | F5: 55836886 | G5: =F5 -> 55836886 | H5: 0 | I5: =SUM(974000,1152000,622000) -> 2748000 | J5: 0 | K5: =SUM(H5:J5) -> 2748000 | L5: =K5*0.5 -> 1374000 | M5: 1822567 | N5: =VLOOKUP(A5,Sheet4!A:H,5,FALSE) -> 0 | O5: 782647 | P5: =(M5+N5)-O5 -> 1039920 | Q5: =SUM(O5,P5) -> 1822567 | R5: =G5-C5 -> -5824172 | S5: 1.326468 | T5: 0.60058847
A6: 171355737 | B6: Ugur Filler | C6: 73437676 | D6: 768996565 | E6: 73476736 | F6: 56058626 | G6: =F6 -> 56058626 | H6: 0 | I6: =SUM(124142,69507,108804) -> 302453 | J6: =SUM(645469,423866,667104) -> 1736439 | K6: =SUM(H6:J6) -> 2038892 | L6: =K6*0.5 -> 1019446 | M6: 201137 | N6: =VLOOKUP(A6,Sheet4!A:H,5,FALSE) -> 1264519 | O6: 0 | P6: =(M6+N6)-O6 -> 1465656 | Q6: =SUM(O6,P6) -> 1465656 | R6: =G6-C6 -> -17379050 | S6: 1.4376985 | T6: 0.54873335 | U6: zeroed
A7: 109960210 | B7: LilPisontije | C7: 20028214 | D7: 22931005 | E7: 19240623 | F7: 17982492 | G7: =F7 -> 17982492 | K7: 794000 | L7: =K7*0.5 -> 397000 | M7: 453678 | N7: =VLOOKUP(A7,Sheet4!A:H,5,FALSE) -> 0 | O7: 103371 | P7: =(M7+N7)-O7 -> 350307 | Q7: =SUM(O7,P7) -> 453678 | R7: =G7-C7 -> -2045722 | S7: 1.1427657 | T7: 0.51302068
A8: 169018140 | B8: ᶜᴸCesar82 | C8: 52048528 | D8: 198244825 | E8: 52340829 | F8: 48252278 | G8: =F8 -> 48252278 | H8: 0 | I8: =SUM(1051041,1071718,704248) -> 2827007 | J8: 0 | K8: =SUM(H8:J8) -> 2827007 | L8: =K8*0.5 -> 1413503.5 | M8: 1448821 | N8: =VLOOKUP(A8,Sheet4!A:H,5,FALSE) -> 0 | O8: 0 | P8: =(M8+N8)-O8 -> 1448821 | Q8: =SUM(O8,P8) -> 1448821 | R8: =G8-C8 -> -3796250 | S8: 1.0249858 | T8: 0.47511333
A9: 156339380 | B9: ᵁᴺᴋᴀʏシ | C9: 73574936 | D9: 682813861 | E9: 71528496 | F9: 66441630 | G9: =F9 -> 66441630 | H9: =SUM(58000,62000,66000,64000) -> 250000 | I9: 0 | J9: =SUM(390915,549525,383479,292197) -> 1616116 | K9: =SUM(H9:J9) -> 1866116 | L9: =K9*0.5 -> 933058 | M9: 0 | N9: =VLOOKUP(A9,Sheet4!A:H,5,FALSE) -> 937717 | O9: 155784 | P9: =(M9+N9)-O9 -> 781933 | Q9: =SUM(O9,P9) -> 937717 | R9: =G9-C9 -> -7133306 | S9: 1.0049933 | T9: 0.45377811
A10: 52078022 | B10: ᵁᴺSexyMaka | C10: 46587407 | D10: 131812498 | E10: 45490087 | F10: 43235676 | G10: =F10 -> 43235676 | H10: 0 | I10: =SUM(642290,438779,671643) -> 1752712 | J10: 0 | K10: =SUM(H10:J10) -> 1752712 | L10: =K10*0.5 -> 876356 | M10: 774958 | N10: =VLOOKUP(A10,Sheet4!A:H,5,FALSE) -> 0 | O10: 158832 | P10: =(M10+N10)-O10 -> 616126 | Q10: =SUM(O10,P10) -> 774958 | R10: =G10-C10 -> -3351731 | S10: 0.88429588 | T10: 0.41033761
A11: 79647211 | B11: BabyPisontije | C11: 27239345 | D11: 52995157 | E11: 26952002 | F11: 25432213 | G11: =F11 -> 25432213 | K11: 1034000 | L11: =K11*0.5 -> 517000 | M11: 452830 | N11: =VLOOKUP(A11,Sheet4!A:H,5,FALSE) -> 0 | O11: 22748 | P11: =(M11+N11)-O11 -> 430082 | Q11: =SUM(O11,P11) -> 452830 | R11: =G11-C11 -> -1807132 | S11: 0.87588008 | T11: 0.40888591
A12: 177526978 | B12: WTF Liwen | C12: 82145722 | D12: 146767742 | E12: 70006046 | F12: 67364884 | G12: =F12 -> 67364884 | H12: 0 | I12: =SUM(298207,215604,263213) -> 777024 | J12: =SUM(1152360,661337,403188,70000) -> 2286885 | K12: =SUM(H12:J12) -> 3063909 | L12: =K12*0.5 -> 1531954.5 | M12: 148954 | N12: =VLOOKUP(A12,Sheet4!A:H,5,FALSE) -> 1361168 | O12: 1297123 | P12: =(M12+N12)-O12 -> 212999 | Q12: =SUM(O12,P12) -> 1510122 | R12: =G12-C12 -> -14780838 | S12: 0.9857486 | T12: 0.40418928
A13: 169461237 | B13: ᵁᴺAurionツ | C13: 71818907 | D13: 434945307 | E13: 68317165 | F13: 64054543 | G13: =F13 -> 64054543 | H13: 0 | I13: =SUM(100696,98000) -> 198696 | J13: =SUM(424910,683683,1027116) -> 2135709 | K13: =SUM(H13:J13) -> 2334405 | L13: =K13*0.5 -> 1167202.5 | M13: 0 | N13: =VLOOKUP(A13,Sheet4!A:H,5,FALSE) -> 1049064 | O13: 242800 | P13: =(M13+N13)-O13 -> 806264 | Q13: =SUM(O13,P13) -> 1049064 | R13: =G13-C13 -> -7764364 | S13: 0.89878492 | T13: 0.4008085
A14: 64010776 | B14: Daddy Fill Me | C14: 76904541 | D14: 2471591700 | E14: 70121453 | F14: 66158351 | G14: =F14 -> 66158351 | H14: 0 | I14: =SUM(50102,2000,46110) -> 98212 | J14: =SUM(434708,1053289,400476) -> 1888473 | K14: =SUM(H14:J14) -> 1986685 | L14: =K14*0.5 -> 993342.5 | M14: 7264 | N14: =VLOOKUP(A14,Sheet4!A:H,5,FALSE) -> 790083 | O14: 546311 | P14: =(M14+N14)-O14 -> 251036 | Q14: =SUM(O14,P14) -> 797347 | R14: =G14-C14 -> -10746190 | S14: 0.80269091 | T14: 0.34526379
A15: 169446634 | B15: ᵁᴺ乄Bツツ | C15: 69506898 | D15: 392726626 | E15: 68377588 | F15: 63158274 | G15: =F15 -> 63158274 | H15: 0 | I15: 0 | J15: =SUM(254743,662510,302354) -> 1219607 | K15: =SUM(H15:J15) -> 1219607 | L15: =K15*0.5 -> 609803.5 | M15: 0 | N15: =VLOOKUP(A15,Sheet4!A:H,5,FALSE) -> 435150 | O15: 131976 | P15: =(M15+N15)-O15 -> 303174 | Q15: =SUM(O15,P15) -> 435150 | R15: =G15-C15 -> -6348624 | S15: 0.71359053 | T15: 0.32420628
A16: 11363981 | B16: Solinar ツ | C16: 32452626 | D16: 213536240 | E16: 30428822 | F16: 30714274 | G16: =F16 -> 30714274 | H16: 0 | I16: =SUM(353555,501886,349149) -> 1204590 | J16: 0 | K16: =SUM(H16:J16) -> 1204590 | L16: =K16*0.5 -> 602295 | M16: 375315 | N16: =VLOOKUP(A16,Sheet4!A:H,5,FALSE) -> 0 | O16: 262785 | P16: =(M16+N16)-O16 -> 112530 | Q16: =SUM(O16,P16) -> 375315 | R16: =G16-C16 -> -1738352 | S16: 0.62314148 | T16: 0.2948812
A17: 66847214 | B17: Sweet Kit Cat | C17: 36521366 | D17: 161681836 | E17: 36531578 | F17: 35068538 | G17: =F17 -> 35068538 | H17: 0 | I17: =SUM(343041,270952,368664) -> 982657 | J17: 0 | K17: =SUM(H17:J17) -> 982657 | L17: =K17*0.5 -> 491328.5 | M17: 244994 | N17: =VLOOKUP(A17,Sheet4!A:H,5,FALSE) -> 0 | O17: 0 | P17: =(M17+N17)-O17 -> 244994 | Q17: =SUM(O17,P17) -> 244994 | R17: =G17-C17 -> -1452828 | S17: 0.49863584 | T17: 0.2394
A18: 169446444 | B18: OMG Liwen | C18: 70002453 | D18: 1831297197 | E18: 66414196 | F18: 66414116 | G18: =F18 -> 66414116 | H18: =SUM(85447,1428) -> 86875 | I18: =SUM(206536,52834,50810) -> 310180 | J18: =SUM(214268,572567,1059610) -> 1846445 | K18: =SUM(H18:J18) -> 2243500 | L18: =K18*0.5 -> 1121750 | M18: 76358 | N18: =VLOOKUP(A18,Sheet4!A:H,5,FALSE) -> 370328 | O18: 363469 | P18: =(M18+N18)-O18 -> 83217 | Q18: =SUM(O18,P18) -> 446686 | R18: =G18-C18 -> -3588337 | S18: 0.39820459 | T18: 0.18889628
A19: 166394798 | B19: ᵂᴾHelios | C19: 25486538 | D19: 53857455 | E19: 25288718 | F19: 24356830 | G19: =F19 -> 24356830 | H19: 0 | I19: =SUM(400366,411555,400139) -> 1212060 | J19: 0 | K19: =SUM(H19:J19) -> 1212060 | L19: =K19*0.5 -> 606030 | M19: 233771 | N19: =VLOOKUP(A19,Sheet4!A:H,5,FALSE) -> 0 | O19: 51117 | P19: =(M19+N19)-O19 -> 182654 | Q19: =SUM(O19,P19) -> 233771 | R19: =G19-C19 -> -1129708 | S19: 0.38574163 | T19: 0.18432169
A20: 7521367 | B20: HeliøsG2 | C20: 21270469 | D20: 62089554 | E20: 20955181 | F20: 20070202 | G20: =F20 -> 20070202 | H20: 0 | I20: =SUM(655030,493729,362013,89700) -> 1600472 | J20: 0 | K20: =SUM(H20:J20) -> 1600472 | L20: =K20*0.5 -> 800236 | M20: 266989 | N20: =VLOOKUP(A20,Sheet4!A:H,5,FALSE) -> 0 | O20: 219 | P20: =(M20+N20)-O20 -> 266770 | Q20: =SUM(O20,P20) -> 266989 | R20: =G20-C20 -> -1200267 | S20: 0.33363783 | T20: 0.15740552
A21: 172508036 | B21: Nizam Fill1 | C21: 29164480 | D21: 8119778 | E21: 28793898 | F21: 29643351 | G21: =F21 -> 29643351 | H21: 0 | I21: =SUM(492417,652940,543505) -> 1688862 | J21: 0 | K21: =SUM(H21:J21) -> 1688862 | L21: =K21*0.5 -> 844431 | M21: 207462 | N21: =VLOOKUP(A21,Sheet4!A:H,5,FALSE) -> 0 | O21: 95597 | P21: =(M21+N21)-O21 -> 111865 | Q21: =SUM(O21,P21) -> 207462 | R21: =G21-C21 -> 478871 | S21: 0.2456826 | T21: 0.12485831
A22: 186763477 | B22: ᵁᴺOhanaツツ | C22: 29820360 | D22: 17177138 | E22: 29830400 | F22: 31317668 | G22: =F22 -> 31317668 | H22: 0 | I22: =SUM(402678,327574,440898) -> 1171150 | J22: 0 | K22: =SUM(H22:J22) -> 1171150 | L22: =K22*0.5 -> 585575 | M22: 108744 | N22: =VLOOKUP(A22,Sheet4!A:H,5,FALSE) -> 0 | O22: 108744 | P22: =(M22+N22)-O22 -> 0 | Q22: =SUM(O22,P22) -> 108744 | R22: =G22-C22 -> 1497308 | S22: 0.18570465 | T22: 0.097514526
A23: 175650426 | B23: ツ ʂìʍøñ | C23: 41222501 | D23: 226417932 | E23: 41488501 | F23: 40286529 | G23: =F23 -> 40286529 | H23: 0 | I23: =SUM(358436,343705,322413) -> 1024554 | J23: 0 | K23: =SUM(H23:J23) -> 1024554 | L23: =K23*0.5 -> 512277 | M23: 95252 | N23: =VLOOKUP(A23,Sheet4!A:H,5,FALSE) -> 0 | O23: 0 | P23: =(M23+N23)-O23 -> 95252 | Q23: =SUM(O23,P23) -> 95252 | R23: =G23-C23 -> -935972 | S23: 0.18593847 | T23: 0.090858333
A24: 158392134 | B24: Daddy Jrr | C24: 24093862 | D24: 52585333 | E24: 23955186 | F24: 23522966 | G24: =F24 -> 23522966 | H24: 0 | I24: =SUM(349621,389428,278288) -> 1017337 | J24: 0 | K24: =SUM(H24:J24) -> 1017337 | L24: =K24*0.5 -> 508668.5 | M24: 91442 | N24: =VLOOKUP(A24,Sheet4!A:H,5,FALSE) -> 0 | O24: 106 | P24: =(M24+N24)-O24 -> 91336 | Q24: =SUM(O24,P24) -> 91442 | R24: =G24-C24 -> -570896 | S24: 0.17976737 | T24: 0.087753923
A25: 167637163 | B25: BabySexyRick | C25: 58173981 | D25: 524641688 | E25: 60645883 | F25: 55436271 | G25: =F25 -> 55436271 | K25: =SUM(H25:J25) -> 0 | L25: =K25*0.5 -> 0 | M25: 367800 | N25: =VLOOKUP(A25,Sheet4!A:H,5,FALSE) -> 362935 | O25: 0 | P25: =(M25+N25)-O25 -> 730735 | Q25: =SUM(O25,P25) -> 730735 | R25: =G25-C25 -> -2737710 | S25: 0 | T25: 0

Sheet KL Review
A1: Pass 7 and Kings Land Report (17/6 - 7/7 2026)
A2: Basic Data | J2: Requirements | L2: Player Goal | M2: Results | W2: Player Progress | Z2: Rank
A3: Governor ID | B3: Name | C3: Power | D3: KP | E3: KL KP Gained | F3: KL T4 Kills | G3: KL T5 Kills | H3: KL Acclaim | I3: KL Dead | J3: Minimum KP | K3: Minimum Dead | L3: KP Goal | M3: T1 Trade? | N3: Total T4 Kills | O3: Total T5 Kills | P3: Total Kills | Q3: Total Acclaim | R3: Total T4 Dead | S3: Total T5 Dead | T3: Total Dead | U3: Total Power Diff | V3: Total KP Gained | W3: % Min KP | X3: % Min Dead | Y3: % Goal | Z3: Goal | AA3: KP Gained
A4: 172021868 | B4: ᵁᴺMyth | C4: 81300950 | D4: 2911734497 | E4: 493255744 | F4: 3060977 | G4: 23131629 | H4: 6461692 | I4: 612626 | J4: 2.7949359e+08 | K4: 1.4419658e+08 | L4: 4.2865793e+08 | M4: 5766 | N4: 4755581 | O4: 40653077 | P4: 45408658 | Q4: 11305800 | R4: 0 | S4: 824155 | T4: 824155 | U4: -2005450 | V4: 860632087 | W4: 3.0792551 | X4: 1.1430992 | Y4: 2.0077363 | Z4: =RANK(Y4,($Y$4:$Y$50),0)+COUNTIF($Y4:Y$50,Y4)-1 -> 1 | AA4: =RANK(V4,($V$4:$V$50),0)+COUNTIF($V4:V$50,V4)-1 -> 4
A5: 67071592 | B5: ᵁᴺ乄Bツ | C5: 87838354 | D5: 12752558673 | E5: 575717045 | F5: 3041960 | G5: 27263162 | H5: 7295535 | I5: 46282 | J5: 3.2987096e+08 | K5: 1.6599433e+08 | L5: 4.9896936e+08 | M5: 9165 | N5: 5500139 | O5: 42524619 | P5: 48024758 | Q5: 11586902 | R5: 2511 | S5: 153967 | T5: 156478 | U5: -1454555 | V5: 905541751 | W5: 2.7451394 | X5: 0.18702144 | Y5: 1.8148244 | Z5: =RANK(Y5,($Y$4:$Y$50),0)+COUNTIF($Y5:Y$50,Y5)-1 -> 2 | AA5: =RANK(V5,($V$4:$V$50),0)+COUNTIF($V5:V$50,V5)-1 -> 3
A6: 143612450 | B6: NT ĐVL1 | C6: 69036342 | D6: 1086140242 | E6: 179980551 | F6: 1310213 | G6: 8343490 | H6: 2654034 | I6: 949769 | J6: 84516342 | K6: 40905291 | L6: 1.3733209e+08 | M6: 543 | N6: 1511463 | O6: 10489826 | P6: 12001289 | Q6: 3254255 | R6: 826623 | S6: 174573 | T6: 1001196 | U6: 19926283 | V6: 224920104 | W6: 2.6612617 | X6: 2.874369 | Y6: 1.6377825 | Z6: =RANK(Y6,($Y$4:$Y$50),0)+COUNTIF($Y6:Y$50,Y6)-1 -> 3 | AA6: =RANK(V6,($V$4:$V$50),0)+COUNTIF($V6:V$50,V6)-1 -> 18
A7: 2463403 | B7: ᵁᴺHeliosツ | C7: 80833891 | D7: 10295046330 | E7: 362763718 | F7: 2954834 | G7: 16659822 | H7: 5191078 | I7: 736690 | J7: 3.5499018e+08 | K7: 1.7649282e+08 | L7: 5.336525e+08 | M7: 11092 | N7: 5378551 | O7: 37071713 | P7: 42450264 | Q7: 11070436 | R7: 0 | S7: 1681534 | T7: 1681534 | U7: -2861720 | V7: 795295000 | W7: 2.2403295 | X7: 1.9054985 | Y7: 1.4902863 | Z7: =RANK(Y7,($Y$4:$Y$50),0)+COUNTIF($Y7:Y$50,Y7)-1 -> 4 | AA7: =RANK(V7,($V$4:$V$50),0)+COUNTIF($V7:V$50,V7)-1 -> 5
A8: 136662717 | B8: ᵁᴺ乄1YED | C8: 52278441 | D8: 1083803066 | E8: 156870949 | F8: 1447970 | G8: 7119520 | H8: 2181337 | I8: 970925 | J8: 1.0667762e+08 | K8: 55665989 | L8: 1.7350811e+08 | M8: 915 | N8: 1731863 | O8: 11586582 | P8: 13318445 | Q8: 3395446 | R8: 1054618 | S8: 0 | T8: 1054618 | U8: -2534518 | V8: 249052307 | W8: 2.3346257 | X8: 1.8945464 | Y8: 1.4353929 | Z8: =RANK(Y8,($Y$4:$Y$50),0)+COUNTIF($Y8:Y$50,Y8)-1 -> 5 | AA8: =RANK(V8,($V$4:$V$50),0)+COUNTIF($V8:V$50,V8)-1 -> 14
A9: 75481347 | B9: Lord Guineapig | C9: 123003111 | D9: 14748158651 | E9: 620966910 | F9: 4862207 | G9: 28613740 | H9: 10085372 | I9: 2779426 | J9: 5.9744733e+08 | K9: 2.6952066e+08 | L9: 8.5999811e+08 | M9: 69572 | N9: 8655227 | O9: 54376764 | P9: 63031991 | Q9: 18444267 | R9: 0 | S9: 3262800 | T9: 3262800 | U9: 9573080 | V9: 1174227156 | W9: 1.965407 | X9: 2.4211873 | Y9: 1.3653834 | Z9: =RANK(Y9,($Y$4:$Y$50),0)+COUNTIF($Y9:Y$50,Y9)-1 -> 6 | AA9: =RANK(V9,($V$4:$V$50),0)+COUNTIF($V9:V$50,V9)-1 -> 1
A10: 171503078 | B10: メCalメ | C10: 74315880 | D10: 2588998207 | E10: 188432280 | F10: 847207 | G10: 8997955 | H10: 2366075 | I10: 302903 | J10: 2.5461936e+08 | K10: 1.3299624e+08 | L10: 3.9349732e+08 | M10: 11823 | N10: 2511412 | O10: 23392872 | P10: 25904284 | Q10: 6124323 | R10: 74155 | S10: 662332 | T10: 736487 | U10: -802054 | V10: 493161035 | W10: 1.936856 | X10: 1.0517734 | Y10: 1.2532767 | Z10: =RANK(Y10,($Y$4:$Y$50),0)+COUNTIF($Y10:Y$50,Y10)-1 -> 7 | AA10: =RANK(V10,($V$4:$V$50),0)+COUNTIF($V10:V$50,V10)-1 -> 7
A11: 64966340 | B11: ᵁᴺPisontije | C11: 98341047 | D11: 7368885225 | E11: 477314240 | F11: 3610640 | G11: 22057819 | H11: 6085071 | I11: 1430541 | J11: 6.1920707e+08 | K11: 2.7734079e+08 | L11: 8.8875019e+08 | M11: 91800 | N11: 6906023 | O11: 42853094 | P11: 49759117 | Q11: 11851581 | R11: 0 | S11: 2404483 | T11: 2404483 | U11: -10479190 | V11: 926173606 | W11: 1.4957413 | X11: 1.7339555 | Y11: 1.0421079 | Z11: =RANK(Y11,($Y$4:$Y$50),0)+COUNTIF($Y11:Y$50,Y11)-1 -> 8 | AA11: =RANK(V11,($V$4:$V$50),0)+COUNTIF($V11:V$50,V11)-1 -> 2
A12: 11726598 | B12: ᵁᴺLazy Catツ | C12: 82106789 | D12: 12350690650 | E12: 436369367 | F12: 2404350 | G12: 20611646 | H12: 5991047 | I12: 292435 | J12: 3.0243159e+08 | K12: 1.5425584e+08 | L12: 4.6080852e+08 | M12: 154906 | N12: 2955170 | O12: 22274652 | P12: 25229822 | Q12: 6462964 | R12: 7226 | S12: 365166 | T12: 372392 | U12: -5162772 | V12: 475156945 | W12: 1.5711221 | X12: 0.47813944 | Y12: 1.0311375 | Z12: =RANK(Y12,($Y$4:$Y$50),0)+COUNTIF($Y12:Y$50,Y12)-1 -> 9 | AA12: =RANK(V12,($V$4:$V$50),0)+COUNTIF($V12:V$50,V12)-1 -> 8
A13: 168923934 | B13: ᵛᶰシSunシ | C13: 77716675 | D13: 1152786125 | E13: 215160870 | F13: 3007874 | G13: 9238250 | H13: 3173821 | I13: 1667547 | J13: 1.8075171e+08 | K13: 97375972 | L13: 2.8668985e+08 | M13: 535467 | N13: 3366640 | O13: 12539330 | P13: 15905970 | Q13: 4142875 | R13: 441034 | S13: 1290517 | T13: 1731551 | U13: 8699857 | V13: 284800611 | W13: 1.5756454 | X13: 3.1035048 | Y13: 0.99341018 | Z13: =RANK(Y13,($Y$4:$Y$50),0)+COUNTIF($Y13:Y$50,Y13)-1 -> 10 | AA13: =RANK(V13,($V$4:$V$50),0)+COUNTIF($V13:V$50,V13)-1 -> 12
A14: 171604682 | B14: ᵁᴺDaddy | C14: 76882042 | D14: 2365176210 | E14: 107637964 | F14: 1233049 | G14: 4764710 | H14: 1635119 | I14: 127635 | J14: 2.3449365e+08 | K14: 1.2367845e+08 | L14: 3.6478966e+08 | M14: 239412 | N14: 2692623 | O14: 14572298 | P14: 17264921 | Q14: 4783907 | R14: 0 | S14: 293911 | T14: 293911 | U14: 679740 | V14: 318517989 | W14: 1.3583225 | X14: 0.47528246 | Y14: 0.87315521 | Z14: =RANK(Y14,($Y$4:$Y$50),0)+COUNTIF($Y14:Y$50,Y14)-1 -> 11 | AA14: =RANK(V14,($V$4:$V$50),0)+COUNTIF($V14:V$50,V14)-1 -> 11
A15: 98107237 | B15: 亗 Intersect | C15: 73847547 | D15: 3801581773 | E15: 276413725 | F15: 1548440 | G15: 13046350 | H15: 4329301 | I15: 686755 | J15: 2.5446955e+08 | K15: 1.3292777e+08 | L15: 3.9328452e+08 | M15: 1559 | N15: 1934914 | O15: 15676172 | P15: 17611086 | Q15: 5192971 | R15: 0 | S15: 686755 | T15: 686755 | U15: -7611360 | V15: 332874905 | W15: 1.3081129 | X15: 1.0332755 | Y15: 0.84639716 | Z15: =RANK(Y15,($Y$4:$Y$50),0)+COUNTIF($Y15:Y$50,Y15)-1 -> 12 | AA15: =RANK(V15,($V$4:$V$50),0)+COUNTIF($V15:V$50,V15)-1 -> 10
... A50: 7887352 | B50: Igor97 | C50: 72762353 | D50: 2328650208 | E50: 0 | F50: 0 | G50: 0 | H50: 0 | I50: 0 | J50: 1.9970645e+08 | K50: 1.069241e+08 | L50: 3.1451073e+08 | M50: 1 | N50: 0 | O50: 0 | P50: 0 | Q50: 0 | R50: 0 | S50: 0 | T50: 0 | U50: 0 | V50: 0 | W50: 0 | X50: 0 | Y50: 0 | Z50: =RANK(Y50,($Y$4:$Y$50),0)+COUNTIF($Y50:Y$50,Y50)-1 -> 47 | AA50: =RANK(V50,($V$4:$V$50),0)+COUNTIF($V50:V$50,V50)-1 -> 47
M51: =SUM(M4:M50) -> 6113972 | N51: =SUM(N4:N50) -> 95616611 | O51: =SUM(O4:O50) -> 547170134 | P51: =SUM(P4:P50) -> 642786745 | R51: =SUM(R4:R50) -> 11646660 | S51: =SUM(S4:S50) -> 35052315 | T51: =SUM(T4:T50) -> 46698975 | U51: =SUM(U4:U50) -> -45832920 | V51: =SUM(V4:V50) -> 11905889375

Sheet Pass 4 Report
A1: Pass 4 Report (13-16 June 2026)
A2: Basic Data | G2: Requirements | I2: Player Goal | J2: Results | S2: Player Progress
A3: Governor ID | B3: Name | C3: Power | D3: KP | E3: Acclaim | F3: Highest Acclaim | G3: Minimum KP | H3: Minimum Dead | I3: KP Goal | J3: T1 Trade? | K3: Total T4 Kills | L3: Total T5 Kills | M3: Total Kills | N3: Total T4 Dead | O3: Total T5 Dead | P3: Total Dead | Q3: Total Power Diff | R3: Total KP Gained | S3: % Min KP | T3: % Min Dead | U3: % Goal
A4: 64966340 | B4: ᵁᴺPisontije | C4: 108820237 | D4: 6891570985 | E4: 5766510 | F4: 17334720 | G4: 6.1920707e+08 | H4: 2.7734079e+08 | I4: 8.8875019e+08 | J4: 180 | K4: 3295383 | L4: 20795275 | M4: 24090658 | N4: 0 | O4: 860472 | P4: 860472 | Q4: -11051413 | R4: 448859366 | S4: 0.7248938 | T4: 0.62051601 | U4: 0.50504559
A5: 75481347 | B5: Lord Guineapig | C5: 113430031 | D5: 14127191741 | E5: 8358895 | F5: 20197552 | G5: 5.9744733e+08 | H5: 2.6952066e+08 | I5: 8.5999811e+08 | J5: 69060 | K5: 3793020 | L5: 25763024 | M5: 29556044 | N5: 0 | O5: 456862 | P5: 456862 | Q5: -4535112 | R5: 553260246 | S5: 0.9260402 | T5: 0.33901816 | U5: 0.64332728
A6: 168455139 | B6: ᵁᴺLiwen 龍 | C6: 103254871 | D6: 4268273902 | E6: 6584634 | F6: 9880049 | G6: 5.5106415e+08 | H6: 2.5261627e+08 | I6: 7.9847169e+08 | J6: 14800 | K6: 2668137 | L6: 21283182 | M6: 23951319 | N6: 0 | O6: 829453 | P6: 829453 | Q6: -10521800 | R6: 452389232 | S6: 0.82093752 | T6: 0.65669009 | U6: 0.56656891
A7: 2463403 | B7: ᵁᴺHeliosツ | C7: 83695611 | D7: 9932282612 | E7: 5879358 | F7: 17521543 | G7: 3.5499018e+08 | H7: 1.7649282e+08 | I7: 5.336525e+08 | J7: 10531 | K7: 2423717 | L7: 20411891 | M7: 22835608 | N7: 0 | O7: 944844 | P7: 944844 | Q7: -9902980 | R7: 432531282 | S7: 1.2184317 | T7: 1.0706883 | U7: 0.81051112
A8: 67071592 | B8: ᵁᴺ乄Bツ | C8: 89292909 | D8: 12176841628 | E8: 4291367 | F8: 16695295 | G8: 3.2987096e+08 | H8: 1.6599433e+08 | I8: 4.9896936e+08 | J8: 24 | K8: 2458179 | L8: 15261457 | M8: 17719636 | N8: 2511 | O8: 107685 | P8: 110196 | Q8: -1325092 | R8: 329824706 | S8: 0.99985979 | T8: 0.13125809 | U8: 0.66101195
A9: 62576249 | B9: ᵁᴺAyaz | C9: 83527510 | D9: 4291922410 | E9: 2618529 | F9: 8329690 | G9: 3.2762173e+08 | H9: 1.6504322e+08 | I9: 4.9585254e+08 | J9: 42107 | K9: 1488079 | L9: 8034704 | M9: 9522783 | N9: 0 | O9: 848967 | P9: 848967 | Q9: -6817740 | R9: 175587649 | S9: 0.53594628 | T9: 1.0287814 | U9: 0.35411263
A10: 11726598 | B10: ᵁᴺLazy Catツ | C10: 87269561 | D10: 11914321283 | E10: 471917 | F10: 28605511 | G10: 3.0243159e+08 | H10: 1.5425584e+08 | I10: 4.6080852e+08 | J10: 27273 | K10: 550820 | L10: 1663006 | M10: 2213826 | N10: 4015 | O10: 75942 | P10: 79957 | Q10: 50740 | R10: 38787578 | S10: 0.1282524 | T10: 0.10106522 | U10: 0.084172875
A11: 79650085 | B11: Keshiba ツ | C11: 86051078 | D11: 2528740130 | E11: 278052 | F11: 6785116 | G11: 3.0067024e+08 | H11: 1.5349178e+08 | I11: 4.5834824e+08 | J11: 0 | K11: 133850 | L11: 853759 | M11: 987609 | N11: 13463 | O11: 123134 | P11: 136597 | Q11: -943954 | R11: 18413680 | S11: 0.061242111 | T11: 0.16921492 | U11: 0.040173995
A12: 27083550 | B12: ᵁᴺBig Kayシ | C12: 77761081 | D12: 3586945048 | E12: 1382501 | F12: 3163275 | G12: 2.8420991e+08 | H12: 1.4628477e+08 | I12: 4.3528864e+08 | J12: 2128 | K12: 835720 | L12: 3079614 | M12: 3915334 | N12: 534 | O12: 829623 | P12: 830157 | Q12: -7107217 | R12: 69949906 | S12: 0.24612057 | T12: 1.1346226 | U12: 0.16069775
A13: 169427770 | B13: ᵁᴺ Saxon | C13: 76248802 | D13: 1177962143 | E13: 1453250 | F13: 4350649 | G13: 2.7991318e+08 | H13: 1.4438279e+08 | I13: 4.2924827e+08 | J13: 141 | K13: 1037778 | L13: 3381577 | M13: 4419355 | N13: 30251 | O13: 713988 | P13: 744239 | Q13: -8053374 | R13: 78010892 | S13: 0.27869675 | T13: 1.0099729 | U13: 0.1817384
A14: 77394861 | B14: Ngacai | C14: 78588985 | D14: 2935160262 | E14: 1097844 | F14: 2612834 | G14: 2.7961516e+08 | H14: 1.4425054e+08 | I14: 4.2882898e+08 | J14: 0 | K14: 427963 | L14: 2882907 | M14: 3310870 | N14: 0 | O14: 127446 | P14: 127446 | Q14: -5673750 | R14: 61937770 | S14: 0.22151077 | T14: 0.1767009 | U14: 0.14443467
A15: 172021868 | B15: ᵁᴺMyth | C15: 83306400 | D15: 2418478753 | E15: 4844108 | F15: 11701006 | G15: 2.7949359e+08 | H15: 1.4419658e+08 | I15: 4.2865793e+08 | J15: 922 | K15: 1694604 | L15: 17521448 | M15: 19216052 | N15: 0 | O15: 211633 | P15: 211633 | Q15: -940240 | R15: 367376343 | S15: 1.3144356 | T15: 0.29353401 | U15: 0.85703848
... A50: 181734011 | B50: CABJLorena | C50: 33480341 | D50: 138977963 | E50: 458920 | F50: 676760 | G50: 46267505 | H50: 9200474.6 | I50: 68576914 | J50: 162834 | K50: 787576 | L50: 793309 | M50: 1580885 | N50: 669459 | O50: 0 | P50: 669459 | Q50: -3203904 | R50: 23808005 | S50: 0.51457292 | T50: 7.2763529 | U50: 0.3471723
J51: =SUM(J4:J50) -> 1305859 | K51: =SUM(K4:K50) -> 37095340 | L51: =SUM(L4:L50) -> 242318587 | M51: =SUM(M4:M50) -> 279413927 | N51: =SUM(N4:N50) -> 5227883 | O51: =SUM(O4:O50) -> 13808553 | P51: =SUM(P4:P50) -> 19036436 | Q51: =SUM(Q4:Q50) -> -169697551 | R51: =SUM(R4:R50) -> 5218491847

Sheet BS_Report
A1: Basescan Report (11/6/2026)
A2: Basic Data | E2: Requirements | G2: Player Goal | H2: Results
A3: Governor ID | B3: Name | C3: Power | D3: KP | E3: Minimum KP | F3: Minimum Dead | G3: KP Goal | H3: Total T4 Kills | I3: Total T5 Kills | J3: Total Kills | K3: Total T4 Dead | L3: Total T5 Dead | M3: Total Dead
A4: 64966340 | B4: ᵁᴺPisontije | C4: 119871650 | D4: 6442711619 | E4: =(0.0556843*C4*C4/1000000/1000000 -1.83037*C4/1000000+38.477)*1000000 -> 6.1920707e+08 | F4: =((0.0216159*C4*C4/1000000/1000000 + 3.06256*C4/1000000 -123.036)*0.5)*1000000 -> 2.7734079e+08 | G4: =(0.0642424*C4*C4/1000000/1000000 -0.198182*C4/1000000 -10.6061) * 1000000 -> 8.8875019e+08 | H4: TBA | I4: TBA | J4: TBA | K4: TBA | L4: TBA | M4: TBA
A5: 75481347 | B5: Lord Guineapig | C5: 117965143 | D5: 13573931495 | E5: =(0.0556843*C5*C5/1000000/1000000 -1.83037*C5/1000000+38.477)*1000000 -> 597447329 | F5: =((0.0216159*C5*C5/1000000/1000000 + 3.06256*C5/1000000 -123.036)*0.5)*1000000 -> 2.6952066e+08 | G5: =(0.0642424*C5*C5/1000000/1000000 -0.198182*C5/1000000 -10.6061) * 1000000 -> 8.5999811e+08 | H5: TBA | I5: TBA | J5: TBA | K5: TBA | L5: TBA | M5: TBA
A6: 168455139 | B6: ᵁᴺLiwen 龍 | C6: 113776671 | D6: 3815884670 | E6: =(0.0556843*C6*C6/1000000/1000000 -1.83037*C6/1000000+38.477)*1000000 -> 5.5106415e+08 | F6: =((0.0216159*C6*C6/1000000/1000000 + 3.06256*C6/1000000 -123.036)*0.5)*1000000 -> 2.5261627e+08 | G6: =(0.0642424*C6*C6/1000000/1000000 -0.198182*C6/1000000 -10.6061) * 1000000 -> 7.9847169e+08 | H6: TBA | I6: TBA | J6: TBA | K6: TBA | L6: TBA | M6: TBA
A7: 2463403 | B7: ᵁᴺHeliosツ | C7: 93598591 | D7: 9499751330 | E7: =(0.0556843*C7*C7/1000000/1000000 -1.83037*C7/1000000+38.477)*1000000 -> 3.5499018e+08 | F7: =((0.0216159*C7*C7/1000000/1000000 + 3.06256*C7/1000000 -123.036)*0.5)*1000000 -> 1.7649282e+08 | G7: =(0.0642424*C7*C7/1000000/1000000 -0.198182*C7/1000000 -10.6061) * 1000000 -> 533652496 | H7: TBA | I7: TBA | J7: TBA | K7: TBA | L7: TBA | M7: TBA
A8: 67071592 | B8: ᵁᴺ乄Bツ | C8: 90618001 | D8: 11847016922 | E8: =(0.0556843*C8*C8/1000000/1000000 -1.83037*C8/1000000+38.477)*1000000 -> 3.2987096e+08 | F8: =((0.0216159*C8*C8/1000000/1000000 + 3.06256*C8/1000000 -123.036)*0.5)*1000000 -> 1.6599433e+08 | G8: =(0.0642424*C8*C8/1000000/1000000 -0.198182*C8/1000000 -10.6061) * 1000000 -> 4.9896936e+08 | H8: TBA | I8: TBA | J8: TBA | K8: TBA | L8: TBA | M8: TBA
A9: 62576249 | B9: ᵁᴺAyaz | C9: 90345250 | D9: 4116334761 | E9: =(0.0556843*C9*C9/1000000/1000000 -1.83037*C9/1000000+38.477)*1000000 -> 327621733 | F9: =((0.0216159*C9*C9/1000000/1000000 + 3.06256*C9/1000000 -123.036)*0.5)*1000000 -> 1.6504322e+08 | G9: =(0.0642424*C9*C9/1000000/1000000 -0.198182*C9/1000000 -10.6061) * 1000000 -> 4.9585254e+08 | H9: TBA | I9: TBA | J9: TBA | K9: TBA | L9: TBA | M9: TBA
A10: 11726598 | B10: ᵁᴺLazy Catツ | C10: 87218821 | D10: 11875533705 | E10: =(0.0556843*C10*C10/1000000/1000000 -1.83037*C10/1000000+38.477)*1000000 -> 3.0243159e+08 | F10: =((0.0216159*C10*C10/1000000/1000000 + 3.06256*C10/1000000 -123.036)*0.5)*1000000 -> 1.5425584e+08 | G10: =(0.0642424*C10*C10/1000000/1000000 -0.198182*C10/1000000 -10.6061) * 1000000 -> 4.6080852e+08 | H10: TBA | I10: TBA | J10: TBA | K10: TBA | L10: TBA | M10: TBA
A11: 79650085 | B11: Keshiba ツ | C11: 86995032 | D11: 2510326450 | E11: =(0.0556843*C11*C11/1000000/1000000 -1.83037*C11/1000000+38.477)*1000000 -> 3.0067024e+08 | F11: =((0.0216159*C11*C11/1000000/1000000 + 3.06256*C11/1000000 -123.036)*0.5)*1000000 -> 1.5349178e+08 | G11: =(0.0642424*C11*C11/1000000/1000000 -0.198182*C11/1000000 -10.6061) * 1000000 -> 4.5834824e+08 | H11: TBA | I11: TBA | J11: TBA | K11: TBA | L11: TBA | M11: TBA
A12: 27083550 | B12: ᵁᴺBig Kayシ | C12: 84868298 | D12: 3516995142 | E12: =(0.0556843*C12*C12/1000000/1000000 -1.83037*C12/1000000+38.477)*1000000 -> 284209912 | F12: =((0.0216159*C12*C12/1000000/1000000 + 3.06256*C12/1000000 -123.036)*0.5)*1000000 -> 1.4628477e+08 | G12: =(0.0642424*C12*C12/1000000/1000000 -0.198182*C12/1000000 -10.6061) * 1000000 -> 4.3528864e+08 | H12: TBA | I12: TBA | J12: TBA | K12: TBA | L12: TBA | M12: TBA
A13: 169427770 | B13: ᵁᴺ Saxon | C13: 84302176 | D13: 1099951251 | E13: =(0.0556843*C13*C13/1000000/1000000 -1.83037*C13/1000000+38.477)*1000000 -> 2.7991318e+08 | F13: =((0.0216159*C13*C13/1000000/1000000 + 3.06256*C13/1000000 -123.036)*0.5)*1000000 -> 1.4438279e+08 | G13: =(0.0642424*C13*C13/1000000/1000000 -0.198182*C13/1000000 -10.6061) * 1000000 -> 4.2924827e+08 | H13: TBA | I13: TBA | J13: TBA | K13: TBA | L13: TBA | M13: TBA
A14: 77394861 | B14: Ngacai | C14: 84262735 | D14: 2873222492 | E14: =(0.0556843*C14*C14/1000000/1000000 -1.83037*C14/1000000+38.477)*1000000 -> 2.7961516e+08 | F14: =((0.0216159*C14*C14/1000000/1000000 + 3.06256*C14/1000000 -123.036)*0.5)*1000000 -> 1.4425054e+08 | G14: =(0.0642424*C14*C14/1000000/1000000 -0.198182*C14/1000000 -10.6061) * 1000000 -> 4.2882898e+08 | H14: TBA | I14: TBA | J14: TBA | K14: TBA | L14: TBA | M14: TBA
A15: 172021868 | B15: ᵁᴺMyth | C15: 84246640 | D15: 2051102410 | E15: =(0.0556843*C15*C15/1000000/1000000 -1.83037*C15/1000000+38.477)*1000000 -> 2.7949359e+08 | F15: =((0.0216159*C15*C15/1000000/1000000 + 3.06256*C15/1000000 -123.036)*0.5)*1000000 -> 1.4419658e+08 | G15: =(0.0642424*C15*C15/1000000/1000000 -0.198182*C15/1000000 -10.6061) * 1000000 -> 428657932 | H15: TBA | I15: TBA | J15: TBA | K15: TBA | L15: TBA | M15: TBA
... A50: 181734011 | B50: CABJLorena | C50: 36684245 | D50: 115169958 | E50: =(0.0556843*C50*C50/1000000/1000000 -1.83037*C50/1000000+38.477)*1000000 -> 46267505 | F50: =((0.0216159*C50*C50/1000000/1000000 + 3.06256*C50/1000000 -123.036)*0.5)*1000000 -> 9200474.6 | G50: =(0.0642424*C50*C50/1000000/1000000 -0.198182*C50/1000000 -10.6061) * 1000000 -> 68576914 | H50: TBA | I50: TBA | J50: TBA | K50: TBA | L50: TBA | M50: TBA

Sheet VP
A1: Vacation Permit
A2: ID | B2: Name | C2: Power | D2: KP
A3: 55421671 | B3: RaDeK | C3: 113065334 | D3: 6061232972
A4: 103336195 | B4: OPPA KIM J0NGUN | C4: 97889926 | D4: 4213987665
A5: 55809672 | B5: RaDeK 2 | C5: 84280844 | D5: 478442287

Sheet Sheet1
A1: ID | B1: Name | C1: Power | D1: Killpoints | E1: Acclaim | F1: Highest Acclaim | G1: Deads | H1: T1 Kills | I1: T4 Kills | J1: T5 Kills | K1: Ranged | L1: Rss Gathered | M1: Rss Assistance | N1: Helps | O1: Alliance | P1: City Hall | Q1: Location | R1: Notes
A2: 75481347 | B2: Lord Guineapig | C2: 123003111 | D2: 14748158651 | E2: 18444267 | F2: 20197552 | G2: 50632360 | H2: 63035848 | I2: 324774984 | J2: 572244992 | K2: 0 | L2: 32914357883 | M2: 90040243340 | N2: 414839 | O2: [U97]Unitas | P2: 25
A3: 55421671 | B3: ᴱˣᵒWuKong | C3: 113213380 | D3: 6061422572 | E3: 0 | F3: 21384871 | G3: 21199285 | H3: 66180213 | I3: 106624711 | J3: 248481603 | K3: 0 | L3: 26536913275 | M3: 29308350170 | N3: 162380 | O3: [U97]Unitas | P3: 25
A4: 103336195 | B4: OPPA KIM J0NGUN | C4: 99521944 | D4: 4213987665 | E4: 0 | F4: 3326361 | G4: 19947072 | H4: 54851546 | I4: 130715118 | J4: 143462465 | K4: 0 | L4: 17073175044 | M4: 41932410358 | N4: 131385 | O4: [U97]Unitas | P4: 25
A5: 168455139 | B5: ᵁᴺLiwen 龍 | C5: 98768830 | D5: 4366583035 | E5: 8116166 | F5: 9880049 | G5: 19946484 | H5: 11943765 | I5: 73674124 | J5: 180976110 | K5: 0 | L5: 21944165145 | M5: 20059450569 | N5: 89935 | O5: [U97]Unitas | P5: 25
A6: 64966340 | B6: ᵁᴺPisontije | C6: 98341047 | D6: 7368885225 | E6: 11851581 | F6: 17334720 | G6: 24679994 | H6: 24933939 | I6: 111339463 | J6: 311975486 | K6: 0 | L6: 42624820780 | M6: 14447507150 | N6: 172259 | O6: [U97]Unitas | P6: 25
A7: 67071592 | B7: ᵁᴺ乄Bツ | C7: 87838354 | D7: 12752558673 | E7: 11586902 | F7: 16695295 | G7: 31772516 | H7: 83291945 | I7: 426352897 | J7: 417261419 | K7: 1804833 | L7: 39036556648 | M7: 27307655885 | N7: 247940 | O7: [U97]Unitas | P7: 25
A8: 79650085 | B8: Keshiba ツ | C8: 84681280 | D8: 2546179997 | E8: 597124 | F8: 6785116 | G8: 16448723 | H8: 34864627 | I8: 68990819 | J8: 91691725 | K8: 0 | L8: 17864416890 | M8: 15411538988 | N8: 107954 | O8: [U97]Unitas | P8: 25
A9: 55809672 | B9: ᴱˣᵒPAPRI | C9: 84499444 | D9: 478533827 | E9: 0 | F9: 853848 | G9: 13599492 | H9: 34123609 | I9: 15306577 | J9: 15745012 | K9: 0 | L9: 19423011152 | M9: 26857668850 | N9: 39156 | O9: - | P9: 25
A10: 62576249 | B10: ᵁᴺAyaz | C10: 82142556 | D10: 4512755982 | E10: 5769399 | F10: 8329690 | G10: 26098055 | H10: 139188804 | I10: 116339382 | J10: 163319360 | K10: 0 | L10: 31351269997 | M10: 34588144930 | N10: 165195 | O10: [U97]Unitas | P10: 25
A11: 11726598 | B11: ᵁᴺLazy Catツ | C11: 82106789 | D11: 12350690650 | E11: 6462964 | F11: 28605511 | G11: 30773637 | H11: 85588211 | I11: 252892500 | J11: 486931641 | K11: 3821128 | L11: 24771328071 | M11: 33365752766 | N11: 201594 | O11: [U97]Unitas | P11: 25
A12: 171701107 | B12: Vill Báalam | C12: 81628304 | D12: 786141258 | E12: 664795 | F12: 2263760 | G12: 4663412 | H12: 6248270 | I12: 22544185 | J12: 27675483 | K12: 0 | L12: 11532365457 | M12: 5274918782 | N12: 32711 | O12: [U97]Unitas | P12: 25
A13: 172021868 | B13: ᵁᴺMyth | C13: 81300950 | D13: 2911734497 | E13: 11305800 | F13: 11701006 | G13: 6209818 | H13: 18261689 | I13: 30510904 | J13: 130026206 | K13: 0 | L13: 10220598489 | M13: 2777709172 | N13: 109732 | O13: [U97]Unitas | P13: 25
... A301: 204434399 | B301: Maka rena | C301: 4282050 | D301: 21780 | E301: 0 | F301: 0 | G301: 149 | H301: 0 | I301: 2178 | J301: 0 | K301: 0 | L301: 396126508 | M301: 400000 | N301: 182 | O301: [L97]Luminata | P301: 22
C302: =SUM(C2:C301) -> 8598593405 | D302: =SUM(D2:D301) -> 153105571027 | E302: =SUM(E2:E301) -> 187528635 | F302: =SUM(F2:F301) -> 336305632 | G302: =SUM(G2:G301) -> 1268913947 | H302: =SUM(H2:H301) -> 1710033372 | I302: =SUM(I2:I301) -> 4078646691 | J302: =SUM(J2:J301) -> 5524351122 | ... N302: =SUM(N2:N301) -> 6978907 | P302: =COUNT(P2:P301) -> 300
B303: Only CH Level 25 | C303: =SUMIFS(C2:C301, $P$2:$P$301, "25") -> 6945980113 | D303: =SUMIFS(D2:D301, $P$2:$P$301, "25") -> 152934210301 | E303: =SUMIFS(E2:E301, $P$2:$P$301, "25") -> 187528635 | F303: =SUMIFS(F2:F301, $P$2:$P$301, "25") -> 336305632 | G303: =SUMIFS(G2:G301, $P$2:$P$301, "25") -> 1191452700 | H303: =SUMIFS(H2:H301, $P$2:$P$301, "25") -> 1702069346 | I303: =SUMIFS(I2:I301, $P$2:$P$301, "25") -> 4070154899 | J303: =SUMIFS(J2:J301, $P$2:$P$301, "25") -> 5522149780 | ... N303: =SUMIFS(N2:N301, $P$2:$P$301, "25") -> 6707020 | O303: Total CH Level 25 | P303: =COUNTIF(P2:P301,"25") -> 138
A306: Zombies
A307: ID | B307: Name | C307: Power | D307: KP | E307: Notes
A308: 32454401 | B308: SashaPalych | C308: 64288515 | D308: 753338788
A309: 21489428 | B309: VandraG | C309: 57660764 | D309: 580788410
A310: 144015947 | B310: orbi22 | C310: 57172311 | D310: 384257948
A311: 138153082 | B311: P4cifist | C311: 55586906 | D311: 96697441
A312: 75750446 | B312: KREML | C312: 49086695 | D312: 47582587
A313: 144114697 | B313: Kings Landing | C313: 47881109 | D313: 201875553
A314: 144043102 | B314: justzeromeisuck | C314: 47646399 | D314: 194074769
A315: 165728863 | B315: 中FK中 | C315: 46781999 | D315: 244112349
A316: 165953214 | B316: 富江 | C316: 45498322 | D316: 270754723
A317: 143993970 | B317: Vip3rs | C317: 44230397 | D317: 267847245
A318: 144725652 | B318: Jar JarBinks | C318: 37849370 | D318: 226023380
A319: 143862597 | B319: Правитель143862597 | C319: 33968021 | D319: 1268696
... A322: 143759137 | B322: Dj0dj | C322: 28379046 | D322: 45839917

Sheet Sheet4
A1: Character ID | B1: Username | C1: Power | D1: Highest Power | E1: T5 Deaths | F1: T4 Deaths | G1: Total Kill Points | H1: Resources Gathered
A2: 75481347 | B2: Lord Guineapig | C2: 123005111 | D2: 150616681 | E2: 3262800 | F2: 0 | G2: 1174227156 | H2: 411480111
A3: 55421671 | B3: ᴱˣᵒWuKong | C3: 113213380 | D3: 113921734 | E3: 0 | F3: 0 | G3: 189600 | H3: 44512199
A4: 168455139 | B4: ᵁᴺLiwen 龍 | C4: 101706470 | D4: 118847241 | E4: 1487561 | F4: 11 | G4: 556564275 | H4: 103804448
A5: 103336195 | B5: OPPA KIM J0NGUN | C5: 99544154 | D5: 100409594 | E5: 0 | F5: 0 | G5: 0 | H5: 243093182
A6: 64966340 | B6: ᵁᴺPisontije | C6: 98623217 | D6: 127890490 | E6: 2404483 | F6: 0 | G6: 926173606 | H6: 631432903
A7: 67071592 | B7: ᵁᴺ乄Bツ | C7: 87867764 | D7: 92829373 | E7: 153967 | F7: 2511 | G7: 919486612 | H7: 306006345
A8: 79650085 | B8: Keshiba ツ | C8: 84681280 | D8: 91525715 | E8: 360377 | F8: 72477 | G8: 35853547 | H8: 168020589
A9: 55809672 | B9: ᴱˣᵒPAPRI | C9: 84564144 | D9: 84564144 | E9: 0 | F9: 0 | G9: 91540 | H9: 24718174
A10: 62576249 | B10: ᵁᴺAyaz | C10: 82142556 | D10: 101841276 | E10: 1139841 | F10: 0 | G10: 396421221 | H10: 55618989
A11: 11726598 | B11: ᵁᴺLazy Catツ | C11: 82130417 | D11: 94386535 | E11: 365166 | F11: 7226 | G11: 480185285 | H11: 42340544
A12: 171701107 | B12: Vill Báalam | C12: 81628304 | D12: 85584124 | E12: 295225 | F12: 0 | G12: 36356502 | H12: 131141619
A13: 172021868 | B13: ᵁᴺMyth | C13: 81404170 | D13: 87134670 | E13: 824155 | F13: 0 | G13: 864698407 | H13: 28205106
... A364: 144056398 | B364: Governor144056398 | C364: 10139 | D364: 11809 | E364: 0 | F364: 0 | G364: 0 | H364: 0

Sheet BASE SCAN
A1: Governor ID | B1: Governor Name | C1: Power | D1: Kill Points | E1: Deaths | F1: T1 | G1: T2 | H1: T3 | I1: T4 | J1: T5 | K1: Kills | L1: RSS Assistance
A2: 27517647 | B2: Just Shturm | C2: 100131860 | D2: 4060421887 | E2: 24068053 | F2: 12761787 | G2: 6208974 | H2: 10522433 | I2: 145192507 | J2: 127571839 | K2: 302257540 | L2: 11924416060
A3: 44913203 | B3: ṦO | C3: 99840023 | D3: 1678885306 | E3: 20339926 | F3: 92889162 | G3: 2841045 | H3: 8671736 | I3: 66394536 | J3: 47799654 | K3: 218596133 | L3: 31657430161
A4: 56067990 | B4: 亗 Hà 亗 | C4: 89614905 | D4: 4130990989 | E4: 19139039 | F4: 122099605 | G4: 10253124 | H4: 15012110 | I4: 199749346 | J4: 101426146 | K4: 448540331 | L4: 14676911678
A5: 73093644 | B5: Tina Arev | C5: 89048524 | D5: 4356664870 | E5: 19790544 | F5: 40928351 | G5: 7561286 | H5: 11009162 | I5: 171229038 | J5: 128851480 | K5: 359579317 | L5: 7521283193
A6: 108927240 | B6: Piplup乄 | C6: 86278072 | D6: 1648062226 | E6: 11791955 | F6: 4821792 | G6: 2603101 | H6: 1593919 | I6: 72544583 | J6: 45503508 | K6: 127066903 | L6: 4874107677
A7: 49954716 | B7: 秦 Seadrop | C7: 84664999 | D7: 4485504282 | E7: 33010889 | F7: 249905003 | G7: 10548526 | H7: 6424645 | I7: 207254655 | J7: 115809055 | K7: 589941884 | L7: 56452906540
A8: 85000069 | B8: 秦 Uncle P | C8: 83238548 | D8: 2576575233 | E8: 16746297 | F8: 73996465 | G8: 3542352 | H8: 4370939 | I8: 86517098 | J8: 83601825 | K8: 252028679 | L8: 19987533945
A9: 168995471 | B9: Angel ᴷᴼᴿ | C9: 82361772 | D9: 380241014 | E9: 1112719 | F9: 534652 | G9: 6146738 | H9: 1221307 | I9: 20903266 | J9: 7696136 | K9: 36502099 | L9: 486450000
A10: 169552146 | B10: ᴿᴳ〤Sh4dy | C10: 77656015 | D10: 1046058609 | E10: 9591328 | F10: 11084439 | G10: 11810936 | H10: 22248295 | I10: 76158087 | J10: 8482290 | K10: 129784047 | L10: 3526158357
A11: 83641415 | B11: ᴿﾒ Dąrth | C11: 75198345 | D11: 1506421435 | E11: 11103284 | F11: 2879218 | G11: 868149 | H11: 2816896 | I11: 57356783 | J11: 45963694 | K11: 109884740 | L11: 16679151081
A12: 147571074 | B12: KillForThrill | C12: 73048685 | D12: 396275812 | E12: 5190889 | F12: 2646903 | G12: 4292265 | H12: 2850123 | I12: 19232997 | J12: 9171572 | K12: 38193860 | L12: 911326701
A13: 168995554 | B13: Human ᴷᴼᴿ | C13: 72395554 | D13: 279052038 | E13: 3101498 | F13: 2913661 | G13: 3108108 | H13: 990520 | I13: 16963833 | J13: 4932634 | K13: 28908756 | L13: 225719732
... A400: 169541530 | B400: England British | C400: 13128037 | D400: 2921260 | E400: 1001934 | F400: 46444 | G400: 111337 | H400: 612672 | I400: 23861 | J400: 0 | K400: 794314 | L400: 0
A401: 169520124 | B401: marion35 | C401: 13000861 | D401: 519949 | E401: 4876 | F401: 28727 | G401: 15175 | H401: 21886 | I401: 39631 | J401: 0 | K401: 105419 | L401: 0 | M401: Power | N401: Kill Points | O401: Deaths | P401: T1 | Q401: T2 | R401: T3 | S401: T4 | T401: T5 | U401: Kills | V401: RSS Assistance
A402: 170814397 | B402: Tinkeboss Jr | C402: 12920465 | D402: 181105 | E402: 0 | F402: 109388 | G402: 36398 | H402: 8058 | I402: 5420 | J402: 0 | K402: 159264 | L402: 2142413880 | M402: =SUM(C2:C401) -> 10586915500 | N402: =SUM(D2:D401) -> 57680101731 | O402: =SUM(E2:E401) -> 730013317 | P402: =SUM(F2:F401) -> 1532391087 | Q402: =SUM(G2:G401) -> 422592774 | R402: =SUM(H2:H401) -> 412702875 | S402: =SUM(I2:I401) -> 2872006656 | T402: =SUM(J2:J401) -> 1307878003 | ... V402: =SUM(L2:L401) -> 436113942135
A403: 169530953 | B403: N515F | C403: 12876848 | D403: 2381027 | E403: 1568705 | F403: 170145 | G403: 29272 | H403: 29121 | I403: 101453 | J403: 57872 | K403: 387863 | L403: 2000000
A404: 169473835 | B404: Gwen24 | C404: 12843103 | D404: 1932237 | E404: 135108 | F404: 468149 | G404: 408591 | H404: 171319 | I404: 33615 | J404: 0 | K404: 1081674 | L404: 4434746
A405: 169534816 | B405: NANITA08 | C405: 12836956 | D405: 263019 | E405: 285896 | F405: 7527 | G405: 5121 | H405: 3583 | I405: 23694 | J405: 0 | K405: 39925 | L405: 0
A406: 169585547 | B406: abdo 12 | C406: 12802313 | D406: 671160 | E406: 46184 | F406: 47462 | G406: 204199 | H406: 7165 | I406: 22461 | J406: 0 | K406: 281287 | L406: 0
A407: 169196533 | B407: ʳᶜ Long Nhi | C407: 12790355 | D407: 515547 | E407: 36186 | F407: 135535 | G407: 72548 | H407: 4376 | I407: 29296 | J407: 1644 | K407: 243399 | L407: 4111740694
A408: 101331063 | B408: Hà 2 | C408: 12777440 | D408: 1325277 | E408: 1611188 | F408: 12678 | G408: 953 | H408: 5784 | I408: 95758 | J408: 17006 | K408: 132179 | L408: 1919798629
A409: 159236720 | B409: ᴿᴳXReaper | C409: 12769119 | D409: 27021405 | E409: 1201889 | F409: 1146289 | G409: 1566867 | H409: 1234211 | I409: 1641637 | J409: 115260 | K409: 5704264 | L409: 348960433
A410: 169529265 | B410: Legio I Claudia | C410: 12713949 | D410: 653511 | E410: 135582 | F410: 7067 | G410: 59841 | H410: 42934 | I410: 36068 | J410: 0 | K410: 145910 | L410: 0
A411: 142188258 | B411: ᵀᶜAK1NC1LAR | C411: 12695446 | D411: 2769498 | E411: 888243 | F411: 267594 | G411: 669066 | H411: 130437 | I411: 81268 | J411: 2171 | K411: 1150536 | L411: 1238758
A412: 169301432 | B412: 秦 Xiang Yu | C412: 12680525 | D412: 704997 | E412: 127010 | F412: 146186 | G412: 56310 | H412: 51120 | I412: 35866 | J412: 0 | K412: 289482 | L412: 2811977458
A413: 123775869 | B413: 亗 Hà2 亗 | C413: 12623794 | D413: 0 | E413: 0 | F413: 0 | G413: 0 | H413: 0 | I413: 0 | J413: 0 | K413: 0 | L413: 2666405229
A414: 169399804 | B414: ᴿᴳMiquella | C414: 12437743 | D414: 10576883 | E414: 472934 | F414: 249359 | G414: 872680 | H414: 486508 | I414: 668350 | J414: 7606 | K414: 2284503 | L414: 182160580
... A601: 169483645 | B601: Welvi | C601: 7602163 | D601: 107095 | E601: 40944 | F601: 248 | G601: 11278 | H601: 0 | I601: 8449 | J601: 0 | K601: 19975 | L601: 0
