Workbook

Sheet Dashboard
A1: Resource | B1: Total In | C1: Total Out | D1: Current Balance
A2: Food | B2: =SUMIFS(Transactions!D:D, Transactions!H:H, "Incoming") -> 13895875350 | C2: =SUMIFS(Transactions!D:D, Transactions!H:H, "Outgoing") -> 6300000000 | D2: =B2-C2-368987435 -> 7226887915
A3: Wood | B3: =SUMIFS(Transactions!E:E, Transactions!H:H, "Incoming") -> 16339304199 | C3: =SUMIFS(Transactions!E:E, Transactions!H:H, "Outgoing") -> 9950000000 | D3: =B3-C3-384959130 -> 6004345069
A4: Stone | B4: =SUMIFS(Transactions!F:F, Transactions!H:H, "Incoming") -> 11298197983 | C4: =SUMIFS(Transactions!F:F, Transactions!H:H, "Outgoing") -> 6600000000 | D4: =B4-C4-1106524607 -> 3591673376
A5: Gold | B5: =SUMIFS(Transactions!G:G, Transactions!H:H, "Incoming") -> 7158632935 | C5: =SUMIFS(Transactions!G:G, Transactions!H:H, "Outgoing") -> 5220000000 | D5: =B5-C5-402782585 -> 1535850350
A9: ID | B9: NAME | C9: FOOD | D9: WOOD | E9: STONE | F9: GOLD | G9: TOTAL RSS
A10: 2463403 | B10: Heliøsツ | C10: =SUMIFS(Transactions!D:D,Transactions!B:B, "Heliøsツ",Transactions!H:H,"Incoming") -> 32146666 | D10: =SUMIFS(Transactions!E:E,Transactions!B:B, "Heliøsツ",Transactions!H:H,"Incoming") -> 42946666 | E10: =SUMIFS(Transactions!F:F,Transactions!B:B, "Heliøsツ",Transactions!H:H,"Incoming") -> 24106666 | F10: =SUMIFS(Transactions!G:G,Transactions!B:B, "Heliøsツ",Transactions!H:H,"Incoming") -> 10800001 | G10: =SUM(C10:F10) -> 109999999
A11: 11726598 | B11: Lazy Cat ツ | C11: =SUMIFS(Transactions!D:D,Transactions!B:B, "Lazy Cat ツ",Transactions!H:H,"Incoming") -> 54480001 | D11: =SUMIFS(Transactions!E:E,Transactions!B:B, "Lazy Cat ツ",Transactions!H:H,"Incoming") -> 3680000 | E11: =SUMIFS(Transactions!F:F,Transactions!B:B, "Lazy Cat ツ",Transactions!H:H,"Incoming") -> 4600000 | F11: =SUMIFS(Transactions!G:G,Transactions!B:B, "Lazy Cat ツ",Transactions!H:H,"Incoming") -> 5520000 | G11: =SUM(C11:F11) -> 68280001
A12: 171604682 | B12: Łørd Ᵽraмa | C12: =SUMIFS(Transactions!D:D,Transactions!B:B, "Łørd Ᵽraмa",Transactions!H:H,"Incoming") -> 63416000 | D12: =SUMIFS(Transactions!E:E,Transactions!B:B, "Łørd Ᵽraмa",Transactions!H:H,"Incoming") -> 64878000 | E12: =SUMIFS(Transactions!F:F,Transactions!B:B, "Łørd Ᵽraмa",Transactions!H:H,"Incoming") -> 44602000 | F12: =SUMIFS(Transactions!G:G,Transactions!B:B, "Łørd Ᵽraмa",Transactions!H:H,"Incoming") -> 37904000 | G12: =SUM(C12:F12) -> 210800000
A13: 156339380 | B13: 會 ᴋᴀʏ シ | C13: =SUMIFS(Transactions!D:D,Transactions!B:B, "會 ᴋᴀʏ シ",Transactions!H:H,"Incoming") -> 70000000 | D13: =SUMIFS(Transactions!E:E,Transactions!B:B, "會 ᴋᴀʏ シ",Transactions!H:H,"Incoming") -> 70000000 | E13: =SUMIFS(Transactions!F:F,Transactions!B:B, "會 ᴋᴀʏ シ",Transactions!H:H,"Incoming") -> 70000000 | F13: =SUMIFS(Transactions!G:G,Transactions!B:B, "會 ᴋᴀʏ シ",Transactions!H:H,"Incoming") -> 70000000 | G13: =SUM(C13:F13) -> 280000000
A14: 167637163 | B14: ・Maka・ | C14: =SUMIFS(Transactions!D:D,Transactions!B:B, "・Maka・",Transactions!H:H,"Incoming") -> 87621720 | D14: =SUMIFS(Transactions!E:E,Transactions!B:B, "・Maka・",Transactions!H:H,"Incoming") -> 60621720 | E14: =SUMIFS(Transactions!F:F,Transactions!B:B, "・Maka・",Transactions!H:H,"Incoming") -> 55301720 | F14: =SUMIFS(Transactions!G:G,Transactions!B:B, "・Maka・",Transactions!H:H,"Incoming") -> 28180040 | G14: =SUM(C14:F14) -> 231725200
A15: 169446444 | B15: lazy Liwen 寳 | C15: =SUMIFS(Transactions!D:D,Transactions!B:B, "lazy Liwen 寳",Transactions!H:H,"Incoming") -> 15525736 | D15: =SUMIFS(Transactions!E:E,Transactions!B:B, "lazy Liwen 寳",Transactions!H:H,"Incoming") -> 15525736 | E15: =SUMIFS(Transactions!F:F,Transactions!B:B, "lazy Liwen 寳",Transactions!H:H,"Incoming") -> 17606776 | F15: =SUMIFS(Transactions!G:G,Transactions!B:B, "lazy Liwen 寳",Transactions!H:H,"Incoming") -> 13741976 | G15: =SUM(C15:F15) -> 62400224
A16: 169461237 | B16: Aurionツ | C16: =SUMIFS(Transactions!D:D,Transactions!B:B, "Aurionツ",Transactions!H:H,"Incoming") -> 715803831 | D16: =SUMIFS(Transactions!E:E,Transactions!B:B, "Aurionツ",Transactions!H:H,"Incoming") -> 369941389 | E16: =SUMIFS(Transactions!F:F,Transactions!B:B, "Aurionツ",Transactions!H:H,"Incoming") -> 483669060 | F16: =SUMIFS(Transactions!G:G,Transactions!B:B, "Aurionツ",Transactions!H:H,"Incoming") -> 271669772 | G16: =SUM(C16:F16) -> 1841084052
A17: 145408006 | B17: Adam23 | C17: =SUMIFS(Transactions!D:D,Transactions!B:B, "Adam23",Transactions!H:H,"Incoming") -> 0 | D17: =SUMIFS(Transactions!E:E,Transactions!B:B, "Adam23",Transactions!H:H,"Incoming") -> 60000000 | E17: =SUMIFS(Transactions!F:F,Transactions!B:B, "Adam23",Transactions!H:H,"Incoming") -> 10000000 | F17: =SUMIFS(Transactions!G:G,Transactions!B:B, "Adam23",Transactions!H:H,"Incoming") -> 0 | G17: =SUM(C17:F17) -> 70000000
A18: 63222201 | B18: AmiralMaximus | C18: =SUMIFS(Transactions!D:D,Transactions!B:B, "AmiralMaximus",Transactions!H:H,"Incoming") -> 0 | D18: =SUMIFS(Transactions!E:E,Transactions!B:B, "AmiralMaximus",Transactions!H:H,"Incoming") -> 0 | E18: =SUMIFS(Transactions!F:F,Transactions!B:B, "AmiralMaximus",Transactions!H:H,"Incoming") -> 0 | F18: =SUMIFS(Transactions!G:G,Transactions!B:B, "AmiralMaximus",Transactions!H:H,"Incoming") -> 0 | G18: =SUM(C18:F18) -> 0
A19: 64010776 | B19: ᵀᶜ Tequila | C19: =SUMIFS(Transactions!D:D,Transactions!B:B, "ᵀᶜ Tequila",Transactions!H:H,"Incoming") -> 22880000 | D19: =SUMIFS(Transactions!E:E,Transactions!B:B, "ᵀᶜ Tequila",Transactions!H:H,"Incoming") -> 22880000 | E19: =SUMIFS(Transactions!F:F,Transactions!B:B, "ᵀᶜ Tequila",Transactions!H:H,"Incoming") -> 27884800 | F19: =SUMIFS(Transactions!G:G,Transactions!B:B, "ᵀᶜ Tequila",Transactions!H:H,"Incoming") -> 19200000 | G19: =SUM(C19:F19) -> 92844800
A20: 171934536 | B20: FromKiev1122 | C20: =SUMIFS(Transactions!D:D,Transactions!B:B, "FromKiev1122",Transactions!H:H,"Incoming") -> 30000000 | D20: =SUMIFS(Transactions!E:E,Transactions!B:B, "FromKiev1122",Transactions!H:H,"Incoming") -> 30000000 | E20: =SUMIFS(Transactions!F:F,Transactions!B:B, "FromKiev1122",Transactions!H:H,"Incoming") -> 10000000 | F20: =SUMIFS(Transactions!G:G,Transactions!B:B, "FromKiev1122",Transactions!H:H,"Incoming") -> 10000000 | G20: =SUM(C20:F20) -> 80000000
A21: 115125159 | B21: ᵂAᴿ Demon | C21: =SUMIFS(Transactions!D:D,Transactions!B:B, "ᵂAᴿ Demon",Transactions!H:H,"Incoming") -> 0 | D21: =SUMIFS(Transactions!E:E,Transactions!B:B, "ᵂAᴿ Demon",Transactions!H:H,"Incoming") -> 0 | E21: =SUMIFS(Transactions!F:F,Transactions!B:B, "ᵂAᴿ Demon",Transactions!H:H,"Incoming") -> 0 | F21: =SUMIFS(Transactions!G:G,Transactions!B:B, "ᵂAᴿ Demon",Transactions!H:H,"Incoming") -> 0 | G21: =SUM(C21:F21) -> 0
A22: 62691192 | B22: Siyempi | C22: =SUMIFS(Transactions!D:D,Transactions!B:B, "Siyempi",Transactions!H:H,"Incoming") -> 19136000 | D22: =SUMIFS(Transactions!E:E,Transactions!B:B, "Siyempi",Transactions!H:H,"Incoming") -> 19258880 | E22: =SUMIFS(Transactions!F:F,Transactions!B:B, "Siyempi",Transactions!H:H,"Incoming") -> 38400000 | F22: =SUMIFS(Transactions!G:G,Transactions!B:B, "Siyempi",Transactions!H:H,"Incoming") -> 18400000 | G22: =SUM(C22:F22) -> 95194880
A23: 144060837 | B23: 义CHRYS义 | C23: =SUMIFS(Transactions!D:D,Transactions!B:B, "义CHRYS义",Transactions!H:H,"Incoming") -> 4962467 | D23: =SUMIFS(Transactions!E:E,Transactions!B:B, "义CHRYS义",Transactions!H:H,"Incoming") -> 11969692 | E23: =SUMIFS(Transactions!F:F,Transactions!B:B, "义CHRYS义",Transactions!H:H,"Incoming") -> 45827840 | F23: =SUMIFS(Transactions!G:G,Transactions!B:B, "义CHRYS义",Transactions!H:H,"Incoming") -> 0 | G23: =SUM(C23:F23) -> 62759999
A24: 62576249 | B24: ﾒUğurﾒ | C24: =SUMIFS(Transactions!D:D,Transactions!B:B, "ﾒUğurﾒ",Transactions!H:H,"Incoming") -> 9200000 | D24: =SUMIFS(Transactions!E:E,Transactions!B:B, "ﾒUğurﾒ",Transactions!H:H,"Incoming") -> 9200000 | E24: =SUMIFS(Transactions!F:F,Transactions!B:B, "ﾒUğurﾒ",Transactions!H:H,"Incoming") -> 217920000 | F24: =SUMIFS(Transactions!G:G,Transactions!B:B, "ﾒUğurﾒ",Transactions!H:H,"Incoming") -> 3680000 | G24: =SUM(C24:F24) -> 240000000
A25: 86936270 | B25: Tekno23 | C25: =SUMIFS(Transactions!D:D,Transactions!B:B, "Tekno23",Transactions!H:H,"Incoming") -> 0 | D25: =SUMIFS(Transactions!E:E,Transactions!B:B, "Tekno23",Transactions!H:H,"Incoming") -> 0 | E25: =SUMIFS(Transactions!F:F,Transactions!B:B, "Tekno23",Transactions!H:H,"Incoming") -> 0 | F25: =SUMIFS(Transactions!G:G,Transactions!B:B, "Tekno23",Transactions!H:H,"Incoming") -> 0 | G25: =SUM(C25:F25) -> 0
A26: 138715530 | B26: ᵀᴺ Yakoo | C26: =SUMIFS(Transactions!D:D,Transactions!B:B, "ᵀᴺ Yakoo",Transactions!H:H,"Incoming") -> 40000000 | D26: =SUMIFS(Transactions!E:E,Transactions!B:B, "ᵀᴺ Yakoo",Transactions!H:H,"Incoming") -> 40000000 | E26: =SUMIFS(Transactions!F:F,Transactions!B:B, "ᵀᴺ Yakoo",Transactions!H:H,"Incoming") -> 40000000 | F26: =SUMIFS(Transactions!G:G,Transactions!B:B, "ᵀᴺ Yakoo",Transactions!H:H,"Incoming") -> 30000000 | G26: =SUM(C26:F26) -> 150000000
A27: 63168658 | B27: Kᴀᴋᴀsʜɪ | C27: =SUMIFS(Transactions!D:D,Transactions!B:B, "Kᴀᴋᴀsʜɪ",Transactions!H:H,"Incoming") -> 0 | D27: =SUMIFS(Transactions!E:E,Transactions!B:B, "Kᴀᴋᴀsʜɪ",Transactions!H:H,"Incoming") -> 0 | E27: =SUMIFS(Transactions!F:F,Transactions!B:B, "Kᴀᴋᴀsʜɪ",Transactions!H:H,"Incoming") -> 0 | F27: =SUMIFS(Transactions!G:G,Transactions!B:B, "Kᴀᴋᴀsʜɪ",Transactions!H:H,"Incoming") -> 0 | G27: =SUM(C27:F27) -> 0
A28: 171879011 | B28: Urkel94 | C28: =SUMIFS(Transactions!D:D,Transactions!B:B, "Urkel94",Transactions!H:H,"Incoming") -> 64998880 | D28: =SUMIFS(Transactions!E:E,Transactions!B:B, "Urkel94",Transactions!H:H,"Incoming") -> 65001118 | E28: =SUMIFS(Transactions!F:F,Transactions!B:B, "Urkel94",Transactions!H:H,"Incoming") -> 365001118 | F28: =SUMIFS(Transactions!G:G,Transactions!B:B, "Urkel94",Transactions!H:H,"Incoming") -> 64998882 | G28: =SUM(C28:F28) -> 559999998
A29: 146164713 | B29: 爻WarLock爻 | C29: =SUMIFS(Transactions!D:D,Transactions!B:B, "爻WarLock爻",Transactions!H:H,"Incoming") -> 0 | D29: =SUMIFS(Transactions!E:E,Transactions!B:B, "爻WarLock爻",Transactions!H:H,"Incoming") -> 0 | E29: =SUMIFS(Transactions!F:F,Transactions!B:B, "爻WarLock爻",Transactions!H:H,"Incoming") -> 0 | F29: =SUMIFS(Transactions!G:G,Transactions!B:B, "爻WarLock爻",Transactions!H:H,"Incoming") -> 0 | G29: =SUM(C29:F29) -> 0
A30: 71152824 | B30: FIREWoLF | C30: =SUMIFS(Transactions!D:D,Transactions!B:B, "FIREWoLF",Transactions!H:H,"Incoming") -> 0 | D30: =SUMIFS(Transactions!E:E,Transactions!B:B, "FIREWoLF",Transactions!H:H,"Incoming") -> 0 | E30: =SUMIFS(Transactions!F:F,Transactions!B:B, "FIREWoLF",Transactions!H:H,"Incoming") -> 0 | F30: =SUMIFS(Transactions!G:G,Transactions!B:B, "FIREWoLF",Transactions!H:H,"Incoming") -> 0 | G30: =SUM(C30:F30) -> 0
A31: 11409556 | B31: Enes 33 | C31: =SUMIFS(Transactions!D:D,Transactions!B:B, "Enes 33",Transactions!H:H,"Incoming") -> 0 | D31: =SUMIFS(Transactions!E:E,Transactions!B:B, "Enes 33",Transactions!H:H,"Incoming") -> 0 | E31: =SUMIFS(Transactions!F:F,Transactions!B:B, "Enes 33",Transactions!H:H,"Incoming") -> 0 | F31: =SUMIFS(Transactions!G:G,Transactions!B:B, "Enes 33",Transactions!H:H,"Incoming") -> 0 | G31: =SUM(C31:F31) -> 0
A32: 169247313 | B32: ƝÎ乙ĀⱮ | C32: =SUMIFS(Transactions!D:D,Transactions!B:B, "ƝÎ乙ĀⱮ",Transactions!H:H,"Incoming") -> 20920000 | D32: =SUMIFS(Transactions!E:E,Transactions!B:B, "ƝÎ乙ĀⱮ",Transactions!H:H,"Incoming") -> 19320000 | E32: =SUMIFS(Transactions!F:F,Transactions!B:B, "ƝÎ乙ĀⱮ",Transactions!H:H,"Incoming") -> 21160000 | F32: =SUMIFS(Transactions!G:G,Transactions!B:B, "ƝÎ乙ĀⱮ",Transactions!H:H,"Incoming") -> 13800000 | G32: =SUM(C32:F32) -> 75200000
A33: 14572491 | B33: LAZY BOOND | C33: =SUMIFS(Transactions!D:D,Transactions!B:B, "LAZY BOOND",Transactions!H:H,"Incoming") -> 50000000 | D33: =SUMIFS(Transactions!E:E,Transactions!B:B, "LAZY BOOND",Transactions!H:H,"Incoming") -> 20000000 | E33: =SUMIFS(Transactions!F:F,Transactions!B:B, "LAZY BOOND",Transactions!H:H,"Incoming") -> 20000000 | F33: =SUMIFS(Transactions!G:G,Transactions!B:B, "LAZY BOOND",Transactions!H:H,"Incoming") -> 20000000 | G33: =SUM(C33:F33) -> 110000000
A34: 144109282 | B34: RiP2016 | C34: =SUMIFS(Transactions!D:D,Transactions!B:B, "RiP2016",Transactions!H:H,"Incoming") -> 384000000 | D34: =SUMIFS(Transactions!E:E,Transactions!B:B, "RiP2016",Transactions!H:H,"Incoming") -> 64000000 | E34: =SUMIFS(Transactions!F:F,Transactions!B:B, "RiP2016",Transactions!H:H,"Incoming") -> 142000000 | F34: =SUMIFS(Transactions!G:G,Transactions!B:B, "RiP2016",Transactions!H:H,"Incoming") -> 622400000 | G34: =SUM(C34:F34) -> 1212400000
A35: 144048157 | B35: J Pangestu | C35: =SUMIFS(Transactions!D:D,Transactions!B:B, "J Pangestu",Transactions!H:H,"Incoming") -> 0 | D35: =SUMIFS(Transactions!E:E,Transactions!B:B, "J Pangestu",Transactions!H:H,"Incoming") -> 0 | E35: =SUMIFS(Transactions!F:F,Transactions!B:B, "J Pangestu",Transactions!H:H,"Incoming") -> 0 | F35: =SUMIFS(Transactions!G:G,Transactions!B:B, "J Pangestu",Transactions!H:H,"Incoming") -> 0 | G35: =SUM(C35:F35) -> 0
A36: 136378574 | B36: Arktos | C36: =SUMIFS(Transactions!D:D,Transactions!B:B, "Arktos",Transactions!H:H,"Incoming") -> 0 | D36: =SUMIFS(Transactions!E:E,Transactions!B:B, "Arktos",Transactions!H:H,"Incoming") -> 0 | E36: =SUMIFS(Transactions!F:F,Transactions!B:B, "Arktos",Transactions!H:H,"Incoming") -> 0 | F36: =SUMIFS(Transactions!G:G,Transactions!B:B, "Arktos",Transactions!H:H,"Incoming") -> 0 | G36: =SUM(C36:F36) -> 0
A37: 171827401 | B37: King ᶠʳʸ | C37: =SUMIFS(Transactions!D:D,Transactions!B:B, "King ᶠʳʸ",Transactions!H:H,"Incoming") -> 0 | D37: =SUMIFS(Transactions!E:E,Transactions!B:B, "King ᶠʳʸ",Transactions!H:H,"Incoming") -> 0 | E37: =SUMIFS(Transactions!F:F,Transactions!B:B, "King ᶠʳʸ",Transactions!H:H,"Incoming") -> 0 | F37: =SUMIFS(Transactions!G:G,Transactions!B:B, "King ᶠʳʸ",Transactions!H:H,"Incoming") -> 0 | G37: =SUM(C37:F37) -> 0
A38: 171503078 | B38: メCalメ | C38: =SUMIFS(Transactions!D:D,Transactions!B:B, "メCalメ",Transactions!H:H,"Incoming") -> 174720000 | D38: =SUMIFS(Transactions!E:E,Transactions!B:B, "メCalメ",Transactions!H:H,"Incoming") -> 99320000 | E38: =SUMIFS(Transactions!F:F,Transactions!B:B, "メCalメ",Transactions!H:H,"Incoming") -> 78720000 | F38: =SUMIFS(Transactions!G:G,Transactions!B:B, "メCalメ",Transactions!H:H,"Incoming") -> 38199600 | G38: =SUM(C38:F38) -> 390959600
A39: 171798243 | B39: CrazyLady2 | C39: =SUMIFS(Transactions!D:D,Transactions!B:B, "CrazyLady2",Transactions!H:H,"Incoming") -> 221407717 | D39: =SUMIFS(Transactions!E:E,Transactions!B:B, "CrazyLady2",Transactions!H:H,"Incoming") -> 349241883 | E39: =SUMIFS(Transactions!F:F,Transactions!B:B, "CrazyLady2",Transactions!H:H,"Incoming") -> 186223529 | F39: =SUMIFS(Transactions!G:G,Transactions!B:B, "CrazyLady2",Transactions!H:H,"Incoming") -> 66243708 | G39: =SUM(C39:F39) -> 823116837
A40: 140009179 | B40: Herakles ツ | C40: =SUMIFS(Transactions!D:D,Transactions!B:B, "Herakles ツ",Transactions!H:H,"Incoming") -> 20000000 | D40: =SUMIFS(Transactions!E:E,Transactions!B:B, "Herakles ツ",Transactions!H:H,"Incoming") -> 30000000 | E40: =SUMIFS(Transactions!F:F,Transactions!B:B, "Herakles ツ",Transactions!H:H,"Incoming") -> 18210089 | F40: =SUMIFS(Transactions!G:G,Transactions!B:B, "Herakles ツ",Transactions!H:H,"Incoming") -> 5143595 | G40: =SUM(C40:F40) -> 73353684
A41: 171983336 | B41: AzeM | C41: =SUMIFS(Transactions!D:D,Transactions!B:B, "AzeM",Transactions!H:H,"Incoming") -> 64600000 | D41: =SUMIFS(Transactions!E:E,Transactions!B:B, "AzeM",Transactions!H:H,"Incoming") -> 64600000 | E41: =SUMIFS(Transactions!F:F,Transactions!B:B, "AzeM",Transactions!H:H,"Incoming") -> 64600000 | F41: =SUMIFS(Transactions!G:G,Transactions!B:B, "AzeM",Transactions!H:H,"Incoming") -> 64600000 | G41: =SUM(C41:F41) -> 258400000
A42: 145056169 | B42: Grimm48 | C42: =SUMIFS(Transactions!D:D,Transactions!B:B, "Grimm48",Transactions!H:H,"Incoming") -> 20009600 | D42: =SUMIFS(Transactions!E:E,Transactions!B:B, "Grimm48",Transactions!H:H,"Incoming") -> 20009600 | E42: =SUMIFS(Transactions!F:F,Transactions!B:B, "Grimm48",Transactions!H:H,"Incoming") -> 70009600 | F42: =SUMIFS(Transactions!G:G,Transactions!B:B, "Grimm48",Transactions!H:H,"Incoming") -> 30009600 | G42: =SUM(C42:F42) -> 140038400
A43: 120029911 | B43: Ħeřr Şimôñ | C43: =SUMIFS(Transactions!D:D,Transactions!B:B, "Ħeřr Şimôñ",Transactions!H:H,"Incoming") -> 17572000 | D43: =SUMIFS(Transactions!E:E,Transactions!B:B, "Ħeřr Şimôñ",Transactions!H:H,"Incoming") -> 17572000 | E43: =SUMIFS(Transactions!F:F,Transactions!B:B, "Ħeřr Şimôñ",Transactions!H:H,"Incoming") -> 16348000 | F43: =SUMIFS(Transactions!G:G,Transactions!B:B, "Ħeřr Şimôñ",Transactions!H:H,"Incoming") -> 7708000 | G43: =SUM(C43:F43) -> 59200000
A44: 169446634 | B44: Pickle Gnyxey | C44: =SUMIFS(Transactions!D:D,Transactions!B:B, "Pickle Gnyxey",Transactions!H:H,"Incoming") -> 53040000 | D44: =SUMIFS(Transactions!E:E,Transactions!B:B, "Pickle Gnyxey",Transactions!H:H,"Incoming") -> 53040000 | E44: =SUMIFS(Transactions!F:F,Transactions!B:B, "Pickle Gnyxey",Transactions!H:H,"Incoming") -> 43104000 | F44: =SUMIFS(Transactions!G:G,Transactions!B:B, "Pickle Gnyxey",Transactions!H:H,"Incoming") -> 44420000 | G44: =SUM(C44:F44) -> 193604000
A45: 144102873 | B45: Ƀłøømɇɍ | C45: =SUMIFS(Transactions!D:D,Transactions!B:B, "Ƀłøømɇɍ",Transactions!H:H,"Incoming") -> 60000000 | D45: =SUMIFS(Transactions!E:E,Transactions!B:B, "Ƀłøømɇɍ",Transactions!H:H,"Incoming") -> 0 | E45: =SUMIFS(Transactions!F:F,Transactions!B:B, "Ƀłøømɇɍ",Transactions!H:H,"Incoming") -> 20000000 | F45: =SUMIFS(Transactions!G:G,Transactions!B:B, "Ƀłøømɇɍ",Transactions!H:H,"Incoming") -> 60000000 | G45: =SUM(C45:F45) -> 140000000
A46: 144049878 | B46: Losant | C46: =SUMIFS(Transactions!D:D,Transactions!B:B, "Losant",Transactions!H:H,"Incoming") -> 38280000 | D46: =SUMIFS(Transactions!E:E,Transactions!B:B, "Losant",Transactions!H:H,"Incoming") -> 78280000 | E46: =SUMIFS(Transactions!F:F,Transactions!B:B, "Losant",Transactions!H:H,"Incoming") -> 27820000 | F46: =SUMIFS(Transactions!G:G,Transactions!B:B, "Losant",Transactions!H:H,"Incoming") -> 34876000 | G46: =SUM(C46:F46) -> 179256000
A47: 168923934 | B47: ᵛᶰシSunシ | C47: =SUMIFS(Transactions!D:D,Transactions!B:B, "ᵛᶰシSunシ",Transactions!H:H,"Incoming") -> 14263800 | D47: =SUMIFS(Transactions!E:E,Transactions!B:B, "ᵛᶰシSunシ",Transactions!H:H,"Incoming") -> 12636200 | E47: =SUMIFS(Transactions!F:F,Transactions!B:B, "ᵛᶰシSunシ",Transactions!H:H,"Incoming") -> 14535600 | F47: =SUMIFS(Transactions!G:G,Transactions!B:B, "ᵛᶰシSunシ",Transactions!H:H,"Incoming") -> 7764400 | G47: =SUM(C47:F47) -> 49200000
A48: 166871338 | B48: ᴴᵘⁿBéo | C48: =SUMIFS(Transactions!D:D,Transactions!B:B, "ᴴᵘⁿBéo",Transactions!H:H,"Incoming") -> 150000000 | D48: =SUMIFS(Transactions!E:E,Transactions!B:B, "ᴴᵘⁿBéo",Transactions!H:H,"Incoming") -> 100000000 | E48: =SUMIFS(Transactions!F:F,Transactions!B:B, "ᴴᵘⁿBéo",Transactions!H:H,"Incoming") -> 50000000 | F48: =SUMIFS(Transactions!G:G,Transactions!B:B, "ᴴᵘⁿBéo",Transactions!H:H,"Incoming") -> 20000000 | G48: =SUM(C48:F48) -> 320000000
A49: 29890160 | B49: FadhelF | C49: =SUMIFS(Transactions!D:D,Transactions!B:B, "FadhelF",Transactions!H:H,"Incoming") -> 20000000 | D49: =SUMIFS(Transactions!E:E,Transactions!B:B, "FadhelF",Transactions!H:H,"Incoming") -> 20000000 | E49: =SUMIFS(Transactions!F:F,Transactions!B:B, "FadhelF",Transactions!H:H,"Incoming") -> 0 | F49: =SUMIFS(Transactions!G:G,Transactions!B:B, "FadhelF",Transactions!H:H,"Incoming") -> 0 | G49: =SUM(C49:F49) -> 40000000
A50: 166832830 | B50: ᵁᴺLêMinh | C50: =SUMIFS(Transactions!D:D,Transactions!B:B, "ᵁᴺLêMinh",Transactions!H:H,"Incoming") -> 5829120 | D50: =SUMIFS(Transactions!E:E,Transactions!B:B, "ᵁᴺLêMinh",Transactions!H:H,"Incoming") -> 5829120 | E50: =SUMIFS(Transactions!F:F,Transactions!B:B, "ᵁᴺLêMinh",Transactions!H:H,"Incoming") -> 5829120 | F50: =SUMIFS(Transactions!G:G,Transactions!B:B, "ᵁᴺLêMinh",Transactions!H:H,"Incoming") -> 1943040 | G50: =SUM(C50:F50) -> 19430400
A51: 166497805 | B51: e s o r | C51: =SUMIFS(Transactions!D:D,Transactions!B:B, "e s o r",Transactions!H:H,"Incoming") -> 14802800 | D51: =SUMIFS(Transactions!E:E,Transactions!B:B, "e s o r",Transactions!H:H,"Incoming") -> 14802800 | E51: =SUMIFS(Transactions!F:F,Transactions!B:B, "e s o r",Transactions!H:H,"Incoming") -> 28546400 | F51: =SUMIFS(Transactions!G:G,Transactions!B:B, "e s o r",Transactions!H:H,"Incoming") -> 11848000 | G51: =SUM(C51:F51) -> 70000000
A52: 171574321 | B52: Draay | C52: =SUMIFS(Transactions!D:D,Transactions!B:B, "Draay",Transactions!H:H,"Incoming") -> 0 | D52: =SUMIFS(Transactions!E:E,Transactions!B:B, "Draay",Transactions!H:H,"Incoming") -> 0 | E52: =SUMIFS(Transactions!F:F,Transactions!B:B, "Draay",Transactions!H:H,"Incoming") -> 0 | F52: =SUMIFS(Transactions!G:G,Transactions!B:B, "Draay",Transactions!H:H,"Incoming") -> 0 | G52: =SUM(C52:F52) -> 0
A53: 172078991 | B53: Scricciolo | C53: =SUMIFS(Transactions!D:D,Transactions!B:B, "Scricciolo",Transactions!H:H,"Incoming") -> 0 | D53: =SUMIFS(Transactions!E:E,Transactions!B:B, "Scricciolo",Transactions!H:H,"Incoming") -> 0 | E53: =SUMIFS(Transactions!F:F,Transactions!B:B, "Scricciolo",Transactions!H:H,"Incoming") -> 0 | F53: =SUMIFS(Transactions!G:G,Transactions!B:B, "Scricciolo",Transactions!H:H,"Incoming") -> 0 | G53: =SUM(C53:F53) -> 0
A54: 171491377 | B54: ᵀᵒᴿQuyet | C54: =SUMIFS(Transactions!D:D,Transactions!B:B, "ᵀᵒᴿQuyet",Transactions!H:H,"Incoming") -> 32760000 | D54: =SUMIFS(Transactions!E:E,Transactions!B:B, "ᵀᵒᴿQuyet",Transactions!H:H,"Incoming") -> 92760000 | E54: =SUMIFS(Transactions!F:F,Transactions!B:B, "ᵀᵒᴿQuyet",Transactions!H:H,"Incoming") -> 32760000 | F54: =SUMIFS(Transactions!G:G,Transactions!B:B, "ᵀᵒᴿQuyet",Transactions!H:H,"Incoming") -> 22852000 | G54: =SUM(C54:F54) -> 181132000
A55: 171701107 | B55: Vill Báalam | C55: =SUMIFS(Transactions!D:D,Transactions!B:B, "Vill Báalam",Transactions!H:H,"Incoming") -> 70000000 | D55: =SUMIFS(Transactions!E:E,Transactions!B:B, "Vill Báalam",Transactions!H:H,"Incoming") -> 30000000 | E55: =SUMIFS(Transactions!F:F,Transactions!B:B, "Vill Báalam",Transactions!H:H,"Incoming") -> 40000000 | F55: =SUMIFS(Transactions!G:G,Transactions!B:B, "Vill Báalam",Transactions!H:H,"Incoming") -> 30000000 | G55: =SUM(C55:F55) -> 170000000
A56: 144990000 | B56: KaTrin | C56: =SUMIFS(Transactions!D:D,Transactions!B:B, "KaTrin",Transactions!H:H,"Incoming") -> 0 | D56: =SUMIFS(Transactions!E:E,Transactions!B:B, "KaTrin",Transactions!H:H,"Incoming") -> 0 | E56: =SUMIFS(Transactions!F:F,Transactions!B:B, "KaTrin",Transactions!H:H,"Incoming") -> 40000000 | F56: =SUMIFS(Transactions!G:G,Transactions!B:B, "KaTrin",Transactions!H:H,"Incoming") -> 0 | G56: =SUM(C56:F56) -> 40000000
A57: 170866748 | B57: Tzilacatzin | C57: =SUMIFS(Transactions!D:D,Transactions!B:B, "Tzilacatzin",Transactions!H:H,"Incoming") -> 16067800 | D57: =SUMIFS(Transactions!E:E,Transactions!B:B, "Tzilacatzin",Transactions!H:H,"Incoming") -> 15947800 | E57: =SUMIFS(Transactions!F:F,Transactions!B:B, "Tzilacatzin",Transactions!H:H,"Incoming") -> 16067800 | F57: =SUMIFS(Transactions!G:G,Transactions!B:B, "Tzilacatzin",Transactions!H:H,"Incoming") -> 11945800 | G57: =SUM(C57:F57) -> 60029200
A58: 169427770 | B58: SAX0N | C58: =SUMIFS(Transactions!D:D,Transactions!B:B, "SAX0N",Transactions!H:H,"Incoming") -> 28860000 | D58: =SUMIFS(Transactions!E:E,Transactions!B:B, "SAX0N",Transactions!H:H,"Incoming") -> 223560000 | E58: =SUMIFS(Transactions!F:F,Transactions!B:B, "SAX0N",Transactions!H:H,"Incoming") -> 16900000 | F58: =SUMIFS(Transactions!G:G,Transactions!B:B, "SAX0N",Transactions!H:H,"Incoming") -> 9080000 | G58: =SUM(C58:F58) -> 278400000
A59: 171355737 | B59: Darth ShүNøX | C59: =SUMIFS(Transactions!D:D,Transactions!B:B, "Darth ShүNøX",Transactions!H:H,"Incoming") -> 8101702 | D59: =SUMIFS(Transactions!E:E,Transactions!B:B, "Darth ShүNøX",Transactions!H:H,"Incoming") -> 8165648 | E59: =SUMIFS(Transactions!F:F,Transactions!B:B, "Darth ShүNøX",Transactions!H:H,"Incoming") -> 14038201 | F59: =SUMIFS(Transactions!G:G,Transactions!B:B, "Darth ShүNøX",Transactions!H:H,"Incoming") -> 8481871 | G59: =SUM(C59:F59) -> 38787422
A60: 143088559 | B60: ᵂʷ LTA TáO | C60: =SUMIFS(Transactions!D:D,Transactions!B:B, "ᵂʷ LTA TáO",Transactions!H:H,"Incoming") -> 0 | D60: =SUMIFS(Transactions!E:E,Transactions!B:B, "ᵂʷ LTA TáO",Transactions!H:H,"Incoming") -> 20000000 | E60: =SUMIFS(Transactions!F:F,Transactions!B:B, "ᵂʷ LTA TáO",Transactions!H:H,"Incoming") -> 0 | F60: =SUMIFS(Transactions!G:G,Transactions!B:B, "ᵂʷ LTA TáO",Transactions!H:H,"Incoming") -> 0 | G60: =SUM(C60:F60) -> 20000000
A61: 171972257 | B61: Steelite | C61: =SUMIFS(Transactions!D:D,Transactions!B:B, "Steelite",Transactions!H:H,"Incoming") -> 61000000 | D61: =SUMIFS(Transactions!E:E,Transactions!B:B, "Steelite",Transactions!H:H,"Incoming") -> 41000000 | E61: =SUMIFS(Transactions!F:F,Transactions!B:B, "Steelite",Transactions!H:H,"Incoming") -> 61000000 | F61: =SUMIFS(Transactions!G:G,Transactions!B:B, "Steelite",Transactions!H:H,"Incoming") -> 0 | G61: =SUM(C61:F61) -> 163000000
A62: 171982346 | B62: Melottus | C62: =SUMIFS(Transactions!D:D,Transactions!B:B, "Melottus",Transactions!H:H,"Incoming") -> 311840000 | D62: =SUMIFS(Transactions!E:E,Transactions!B:B, "Melottus",Transactions!H:H,"Incoming") -> 211840000 | E62: =SUMIFS(Transactions!F:F,Transactions!B:B, "Melottus",Transactions!H:H,"Incoming") -> 151840000 | F62: =SUMIFS(Transactions!G:G,Transactions!B:B, "Melottus",Transactions!H:H,"Incoming") -> 71840000 | G62: =SUM(C62:F62) -> 747360000
A63: 144065460 | B63: TitanMARU | C63: =SUMIFS(Transactions!D:D,Transactions!B:B, "TitanMARU",Transactions!H:H,"Incoming") -> 143992729 | D63: =SUMIFS(Transactions!E:E,Transactions!B:B, "TitanMARU",Transactions!H:H,"Incoming") -> 155299947 | E63: =SUMIFS(Transactions!F:F,Transactions!B:B, "TitanMARU",Transactions!H:H,"Incoming") -> 42811500 | F63: =SUMIFS(Transactions!G:G,Transactions!B:B, "TitanMARU",Transactions!H:H,"Incoming") -> 0 | G63: =SUM(C63:F63) -> 342104176
A64: 168839111 | B64: yamen Di | C64: =SUMIFS(Transactions!D:D,Transactions!B:B, "yamen Di",Transactions!H:H,"Incoming") -> 24752836 | D64: =SUMIFS(Transactions!E:E,Transactions!B:B, "yamen Di",Transactions!H:H,"Incoming") -> 370000000 | E64: =SUMIFS(Transactions!F:F,Transactions!B:B, "yamen Di",Transactions!H:H,"Incoming") -> 22307941 | F64: =SUMIFS(Transactions!G:G,Transactions!B:B, "yamen Di",Transactions!H:H,"Incoming") -> 12939223 | G64: =SUM(C64:F64) -> 430000000
A65: 171799293 | B65: FixiHartMan1 | C65: =SUMIFS(Transactions!D:D,Transactions!B:B, "FixiHartMan1",Transactions!H:H,"Incoming") -> 4600000 | D65: =SUMIFS(Transactions!E:E,Transactions!B:B, "FixiHartMan1",Transactions!H:H,"Incoming") -> 4600000 | E65: =SUMIFS(Transactions!F:F,Transactions!B:B, "FixiHartMan1",Transactions!H:H,"Incoming") -> 4600000 | F65: =SUMIFS(Transactions!G:G,Transactions!B:B, "FixiHartMan1",Transactions!H:H,"Incoming") -> 4600000 | G65: =SUM(C65:F65) -> 18400000
A66: 171927851 | B66: DompfX | C66: =SUMIFS(Transactions!D:D,Transactions!B:B, "DompfX",Transactions!H:H,"Incoming") -> 24656000 | D66: =SUMIFS(Transactions!E:E,Transactions!B:B, "DompfX",Transactions!H:H,"Incoming") -> 26256000 | E66: =SUMIFS(Transactions!F:F,Transactions!B:B, "DompfX",Transactions!H:H,"Incoming") -> 28556000 | F66: =SUMIFS(Transactions!G:G,Transactions!B:B, "DompfX",Transactions!H:H,"Incoming") -> 25916000 | G66: =SUM(C66:F66) -> 105384000
A67: 1915332 | B67: Lord Valkorion | C67: =SUMIFS(Transactions!D:D,Transactions!B:B, "Lord Valkorion",Transactions!H:H,"Incoming") -> 260120920 | D67: =SUMIFS(Transactions!E:E,Transactions!B:B, "Lord Valkorion",Transactions!H:H,"Incoming") -> 370120920 | E67: =SUMIFS(Transactions!F:F,Transactions!B:B, "Lord Valkorion",Transactions!H:H,"Incoming") -> 260120920 | F67: =SUMIFS(Transactions!G:G,Transactions!B:B, "Lord Valkorion",Transactions!H:H,"Incoming") -> 104452800 | G67: =SUM(C67:F67) -> 994815560
A68: 155415774 | B68: ɮ ʀǟӼ | C68: =SUMIFS(Transactions!D:D,Transactions!B:B, "ɮ ʀǟӼ",Transactions!H:H,"Incoming") -> 60000000 | D68: =SUMIFS(Transactions!E:E,Transactions!B:B, "ɮ ʀǟӼ",Transactions!H:H,"Incoming") -> 100000000 | E68: =SUMIFS(Transactions!F:F,Transactions!B:B, "ɮ ʀǟӼ",Transactions!H:H,"Incoming") -> 10000000 | F68: =SUMIFS(Transactions!G:G,Transactions!B:B, "ɮ ʀǟӼ",Transactions!H:H,"Incoming") -> 30000000 | G68: =SUM(C68:F68) -> 200000000
A69: 138752108 | B69: 乄jacony乄 | C69: =SUMIFS(Transactions!D:D,Transactions!B:B, "乄jacony乄",Transactions!H:H,"Incoming") -> 37544280 | D69: =SUMIFS(Transactions!E:E,Transactions!B:B, "乄jacony乄",Transactions!H:H,"Incoming") -> 42144280 | E69: =SUMIFS(Transactions!F:F,Transactions!B:B, "乄jacony乄",Transactions!H:H,"Incoming") -> 37544280 | F69: =SUMIFS(Transactions!G:G,Transactions!B:B, "乄jacony乄",Transactions!H:H,"Incoming") -> 29536600 | G69: =SUM(C69:F69) -> 146769440
A70: 172041454 | B70: Seckin34๛ | C70: =SUMIFS(Transactions!D:D,Transactions!B:B, "Seckin34๛",Transactions!H:H,"Incoming") -> 50240000 | D70: =SUMIFS(Transactions!E:E,Transactions!B:B, "Seckin34๛",Transactions!H:H,"Incoming") -> 63800000 | E70: =SUMIFS(Transactions!F:F,Transactions!B:B, "Seckin34๛",Transactions!H:H,"Incoming") -> 49228000 | F70: =SUMIFS(Transactions!G:G,Transactions!B:B, "Seckin34๛",Transactions!H:H,"Incoming") -> 45152000 | G70: =SUM(C70:F70) -> 208420000
A71: 155534128 | B71: ŻŸŁÜĶ㋡ | C71: =SUMIFS(Transactions!D:D,Transactions!B:B, "ŻŸŁÜĶ㋡",Transactions!H:H,"Incoming") -> 21025780 | D71: =SUMIFS(Transactions!E:E,Transactions!B:B, "ŻŸŁÜĶ㋡",Transactions!H:H,"Incoming") -> 14650620 | E71: =SUMIFS(Transactions!F:F,Transactions!B:B, "ŻŸŁÜĶ㋡",Transactions!H:H,"Incoming") -> 12263600 | F71: =SUMIFS(Transactions!G:G,Transactions!B:B, "ŻŸŁÜĶ㋡",Transactions!H:H,"Incoming") -> 1260000 | G71: =SUM(C71:F71) -> 49200000
A72: 171609840 | B72: KaizerX | C72: =SUMIFS(Transactions!D:D,Transactions!B:B, "KaizerX",Transactions!H:H,"Incoming") -> 5520000 | D72: =SUMIFS(Transactions!E:E,Transactions!B:B, "KaizerX",Transactions!H:H,"Incoming") -> 5980000 | E72: =SUMIFS(Transactions!F:F,Transactions!B:B, "KaizerX",Transactions!H:H,"Incoming") -> 34600000 | F72: =SUMIFS(Transactions!G:G,Transactions!B:B, "KaizerX",Transactions!H:H,"Incoming") -> 3900000 | G72: =SUM(C72:F72) -> 50000000
A73: 55242490 | B73: R7R7 | C73: =SUMIFS(Transactions!D:D,Transactions!B:B, "R7R7",Transactions!H:H,"Incoming") -> 150000000 | D73: =SUMIFS(Transactions!E:E,Transactions!B:B, "R7R7",Transactions!H:H,"Incoming") -> 1060000000 | E73: =SUMIFS(Transactions!F:F,Transactions!B:B, "R7R7",Transactions!H:H,"Incoming") -> 140000000 | F73: =SUMIFS(Transactions!G:G,Transactions!B:B, "R7R7",Transactions!H:H,"Incoming") -> 70000000 | G73: =SUM(C73:F73) -> 1420000000
A74: 172033754 | B74: Dreckschlumpf | C74: =SUMIFS(Transactions!D:D,Transactions!B:B, "Dreckschlumpf",Transactions!H:H,"Incoming") -> 53399920 | D74: =SUMIFS(Transactions!E:E,Transactions!B:B, "Dreckschlumpf",Transactions!H:H,"Incoming") -> 745680079 | E74: =SUMIFS(Transactions!F:F,Transactions!B:B, "Dreckschlumpf",Transactions!H:H,"Incoming") -> 67951885 | F74: =SUMIFS(Transactions!G:G,Transactions!B:B, "Dreckschlumpf",Transactions!H:H,"Incoming") -> 63762279 | G74: =SUM(C74:F74) -> 930794163
A75: 114506674 | B75: whoamii | C75: =SUMIFS(Transactions!D:D,Transactions!B:B, "whoamii",Transactions!H:H,"Incoming") -> 0 | D75: =SUMIFS(Transactions!E:E,Transactions!B:B, "whoamii",Transactions!H:H,"Incoming") -> 10000000 | E75: =SUMIFS(Transactions!F:F,Transactions!B:B, "whoamii",Transactions!H:H,"Incoming") -> 80000000 | F75: =SUMIFS(Transactions!G:G,Transactions!B:B, "whoamii",Transactions!H:H,"Incoming") -> 0 | G75: =SUM(C75:F75) -> 90000000
A76: 172021868 | B76: Anshii | C76: =SUMIFS(Transactions!D:D,Transactions!B:B, "AnshiiT",Transactions!H:H,"Incoming") -> 0 | D76: =SUMIFS(Transactions!E:E,Transactions!B:B, "Anshii",Transactions!H:H,"Incoming") -> 98013880 | E76: =SUMIFS(Transactions!F:F,Transactions!B:B, "Anshii",Transactions!H:H,"Incoming") -> 78013880 | F76: =SUMIFS(Transactions!G:G,Transactions!B:B, "Anshii",Transactions!H:H,"Incoming") -> 108013880 | G76: =SUM(C76:F76) -> 284041640
A77: 169494917 | B77: ᵂʷ Sandman シ | C77: =SUMIFS(Transactions!D:D,Transactions!B:B, "ᵂʷ Sandman シ",Transactions!H:H,"Incoming") -> 50000000 | D77: =SUMIFS(Transactions!E:E,Transactions!B:B, "ᵂʷ Sandman シ",Transactions!H:H,"Incoming") -> 50000000 | E77: =SUMIFS(Transactions!F:F,Transactions!B:B, "ᵂʷ Sandman シ",Transactions!H:H,"Incoming") -> 16554356 | F77: =SUMIFS(Transactions!G:G,Transactions!B:B, "ᵂʷ Sandman シ",Transactions!H:H,"Incoming") -> 12846756 | G77: =SUM(C77:F77) -> 129401112
A78: 177526978 | B78: Son of Odin2997 | C78: =SUMIFS(Transactions!D:D,Transactions!B:B, "Son of Odin2997",Transactions!H:H,"Incoming") -> 0 | D78: =SUMIFS(Transactions!E:E,Transactions!B:B, "Son of Odin2997",Transactions!H:H,"Incoming") -> 0 | E78: =SUMIFS(Transactions!F:F,Transactions!B:B, "Son of Odin2997",Transactions!H:H,"Incoming") -> 0 | F78: =SUMIFS(Transactions!G:G,Transactions!B:B, "Son of Odin2997",Transactions!H:H,"Incoming") -> 0 | G78: =SUM(C78:F78) -> 0
A79: 170708608 | B79: OkBanSeChet | C79: =SUMIFS(Transactions!D:D,Transactions!B:B, "OkBanSeChet",Transactions!H:H,"Incoming") -> 20000000 | D79: =SUMIFS(Transactions!E:E,Transactions!B:B, "OkBanSeChet",Transactions!H:H,"Incoming") -> 51840000 | E79: =SUMIFS(Transactions!F:F,Transactions!B:B, "OkBanSeChet",Transactions!H:H,"Incoming") -> 60000000 | F79: =SUMIFS(Transactions!G:G,Transactions!B:B, "OkBanSeChet",Transactions!H:H,"Incoming") -> 0 | G79: =SUM(C79:F79) -> 131840000
A80: 171358436 | B80: Łørd Shyпøx | C80: =SUMIFS(Transactions!D:D,Transactions!B:B, "Łørd Shyпøx",Transactions!H:H,"Incoming") -> 10000000 | D80: =SUMIFS(Transactions!E:E,Transactions!B:B, "Łørd Shyпøx",Transactions!H:H,"Incoming") -> 10000000 | E80: =SUMIFS(Transactions!F:F,Transactions!B:B, "Łørd Shyпøx",Transactions!H:H,"Incoming") -> 80000000 | F80: =SUMIFS(Transactions!G:G,Transactions!B:B, "Łørd Shyпøx",Transactions!H:H,"Incoming") -> 10000000 | G80: =SUM(C80:F80) -> 110000000
A81: 153857025 | B81: GAGS | C81: =SUMIFS(Transactions!D:D,Transactions!B:B, "GAGS",Transactions!H:H,"Incoming") -> 101840000 | D81: =SUMIFS(Transactions!E:E,Transactions!B:B, "GAGS",Transactions!H:H,"Incoming") -> 101840000 | E81: =SUMIFS(Transactions!F:F,Transactions!B:B, "GAGS",Transactions!H:H,"Incoming") -> 105520000 | F81: =SUMIFS(Transactions!G:G,Transactions!B:B, "GAGS",Transactions!H:H,"Incoming") -> 72420000 | G81: =SUM(C81:F81) -> 381620000
A82: 171753933 | B82: ˢᴳSeeker | C82: =SUMIFS(Transactions!D:D,Transactions!B:B, "ˢᴳSeeker",Transactions!H:H,"Incoming") -> 39297176 | D82: =SUMIFS(Transactions!E:E,Transactions!B:B, "ˢᴳSeeker",Transactions!H:H,"Incoming") -> 47169643 | E82: =SUMIFS(Transactions!F:F,Transactions!B:B, "ˢᴳSeeker",Transactions!H:H,"Incoming") -> 17852731 | F82: =SUMIFS(Transactions!G:G,Transactions!B:B, "ˢᴳSeeker",Transactions!H:H,"Incoming") -> 5892448 | G82: =SUM(C82:F82) -> 110211998
A83: 171209025 | B83: Mofu1 | C83: =SUMIFS(Transactions!D:D,Transactions!B:B, "Mofu1",Transactions!H:H,"Incoming") -> 30000000 | D83: =SUMIFS(Transactions!E:E,Transactions!B:B, "Mofu1",Transactions!H:H,"Incoming") -> 40000000 | E83: =SUMIFS(Transactions!F:F,Transactions!B:B, "Mofu1",Transactions!H:H,"Incoming") -> 20000000 | F83: =SUMIFS(Transactions!G:G,Transactions!B:B, "Mofu1",Transactions!H:H,"Incoming") -> 0 | G83: =SUM(C83:F83) -> 90000000
A84: 119051033 | B84: smurfet87 | C84: =SUMIFS(Transactions!D:D,Transactions!B:B, "smurfet87",Transactions!H:H,"Incoming") -> 20000000 | D84: =SUMIFS(Transactions!E:E,Transactions!B:B, "smurfet87",Transactions!H:H,"Incoming") -> 20000000 | E84: =SUMIFS(Transactions!F:F,Transactions!B:B, "smurfet87",Transactions!H:H,"Incoming") -> 20000000 | F84: =SUMIFS(Transactions!G:G,Transactions!B:B, "smurfet87",Transactions!H:H,"Incoming") -> 0 | G84: =SUM(C84:F84) -> 60000000
A85: 171806191 | B85: Kurvernööri | C85: =SUMIFS(Transactions!D:D,Transactions!B:B, "Kurvernööri",Transactions!H:H,"Incoming") -> 13550608 | D85: =SUMIFS(Transactions!E:E,Transactions!B:B, "Kurvernööri",Transactions!H:H,"Incoming") -> 12908041 | E85: =SUMIFS(Transactions!F:F,Transactions!B:B, "Kurvernööri",Transactions!H:H,"Incoming") -> 12993243 | F85: =SUMIFS(Transactions!G:G,Transactions!B:B, "Kurvernööri",Transactions!H:H,"Incoming") -> 10548108 | G85: =SUM(C85:F85) -> 50000000
A86: 171537317 | B86: ᵀᴼᴷBARNEY | C86: =SUMIFS(Transactions!D:D,Transactions!B:B, "ᵀᴼᴷBARNEY",Transactions!H:H,"Incoming") -> 0 | D86: =SUMIFS(Transactions!E:E,Transactions!B:B, "ᵀᴼᴷBARNEY",Transactions!H:H,"Incoming") -> 0 | E86: =SUMIFS(Transactions!F:F,Transactions!B:B, "ᵀᴼᴷBARNEY",Transactions!H:H,"Incoming") -> 0 | F86: =SUMIFS(Transactions!G:G,Transactions!B:B, "ᵀᴼᴷBARNEY",Transactions!H:H,"Incoming") -> 0 | G86: =SUM(C86:F86) -> 0
A87: 144684719 | B87: ᴱᴿ RKing79 | C87: =SUMIFS(Transactions!D:D,Transactions!B:B, "ᴱᴿ RKing79",Transactions!H:H,"Incoming") -> 229193064 | D87: =SUMIFS(Transactions!E:E,Transactions!B:B, "ᴱᴿ RKing79",Transactions!H:H,"Incoming") -> 492327705 | E87: =SUMIFS(Transactions!F:F,Transactions!B:B, "ᴱᴿ RKing79",Transactions!H:H,"Incoming") -> 83721356 | F87: =SUMIFS(Transactions!G:G,Transactions!B:B, "ᴱᴿ RKing79",Transactions!H:H,"Incoming") -> 70120000 | G87: =SUM(C87:F87) -> 875362125
A88: 167614515 | B88: ᵂʷ Jools シ | C88: =SUMIFS(Transactions!D:D,Transactions!B:B, "ᵂʷ Jools シ",Transactions!H:H,"Incoming") -> 16560000 | D88: =SUMIFS(Transactions!E:E,Transactions!B:B, "ᵂʷ Jools シ",Transactions!H:H,"Incoming") -> 30360000 | E88: =SUMIFS(Transactions!F:F,Transactions!B:B, "ᵂʷ Jools シ",Transactions!H:H,"Incoming") -> 15640000 | F88: =SUMIFS(Transactions!G:G,Transactions!B:B, "ᵂʷ Jools シ",Transactions!H:H,"Incoming") -> 11040000 | G88: =SUM(C88:F88) -> 73600000
A89: 170972148 | B89: Mazalteutl | C89: =SUMIFS(Transactions!D:D,Transactions!B:B, "Mazalteutl",Transactions!H:H,"Incoming") -> 110000000 | D89: =SUMIFS(Transactions!E:E,Transactions!B:B, "Mazalteutl",Transactions!H:H,"Incoming") -> 90000000 | E89: =SUMIFS(Transactions!F:F,Transactions!B:B, "Mazalteutl",Transactions!H:H,"Incoming") -> 120000000 | F89: =SUMIFS(Transactions!G:G,Transactions!B:B, "Mazalteutl",Transactions!H:H,"Incoming") -> 10000000 | G89: =SUM(C89:F89) -> 330000000
A90: 139292614 | B90: ᵁᴺGreb | C90: =SUMIFS(Transactions!D:D,Transactions!B:B, "ᵁᴺGreb",Transactions!H:H,"Incoming") -> 17931840 | D90: =SUMIFS(Transactions!E:E,Transactions!B:B, "ᵁᴺGreb",Transactions!H:H,"Incoming") -> 18092320 | E90: =SUMIFS(Transactions!F:F,Transactions!B:B, "ᵁᴺGreb",Transactions!H:H,"Incoming") -> 19012320 | F90: =SUMIFS(Transactions!G:G,Transactions!B:B, "ᵁᴺGreb",Transactions!H:H,"Incoming") -> 14963520 | G90: =SUM(C90:F90) -> 70000000
A91: 151360763 | B91: Roki Balboy | C91: =SUMIFS(Transactions!D:D,Transactions!B:B, "Roki Balboy",Transactions!H:H,"Incoming") -> 0 | D91: =SUMIFS(Transactions!E:E,Transactions!B:B, "Roki Balboy",Transactions!H:H,"Incoming") -> 20000000 | E91: =SUMIFS(Transactions!F:F,Transactions!B:B, "Roki Balboy",Transactions!H:H,"Incoming") -> 40000000 | F91: =SUMIFS(Transactions!G:G,Transactions!B:B, "Roki Balboy",Transactions!H:H,"Incoming") -> 0 | G91: =SUM(C91:F91) -> 60000000
A92: 145044140 | B92: PR puesto chico | C92: =SUMIFS(Transactions!D:D,Transactions!B:B, "PR puesto chico",Transactions!H:H,"Incoming") -> 35520000 | D92: =SUMIFS(Transactions!E:E,Transactions!B:B, "PR puesto chico",Transactions!H:H,"Incoming") -> 55520000 | E92: =SUMIFS(Transactions!F:F,Transactions!B:B, "PR puesto chico",Transactions!H:H,"Incoming") -> 135520000 | F92: =SUMIFS(Transactions!G:G,Transactions!B:B, "PR puesto chico",Transactions!H:H,"Incoming") -> 41840000 | G92: =SUM(C92:F92) -> 268400000
A93: 171858863 | B93: AdriiGF94 | C93: =SUMIFS(Transactions!D:D,Transactions!B:B, "AdriiGF94",Transactions!H:H,"Incoming") -> 83680000 | D93: =SUMIFS(Transactions!E:E,Transactions!B:B, "AdriiGF94",Transactions!H:H,"Incoming") -> 83680000 | E93: =SUMIFS(Transactions!F:F,Transactions!B:B, "AdriiGF94",Transactions!H:H,"Incoming") -> 83680000 | F93: =SUMIFS(Transactions!G:G,Transactions!B:B, "AdriiGF94",Transactions!H:H,"Incoming") -> 76440000 | G93: =SUM(C93:F93) -> 327480000
A94: 170728362 | B94: 乂 マoddi 乂 | C94: =SUMIFS(Transactions!D:D,Transactions!B:B, "乂 マoddi 乂",Transactions!H:H,"Incoming") -> 100000000 | D94: =SUMIFS(Transactions!E:E,Transactions!B:B, "乂 マoddi 乂",Transactions!H:H,"Incoming") -> 60000000 | E94: =SUMIFS(Transactions!F:F,Transactions!B:B, "乂 マoddi 乂",Transactions!H:H,"Incoming") -> 20000000 | F94: =SUMIFS(Transactions!G:G,Transactions!B:B, "乂 マoddi 乂",Transactions!H:H,"Incoming") -> 10000000 | G94: =SUM(C94:F94) -> 190000000
A95: 171910225 | B95: ᵀᵒSirix8472 | C95: =SUMIFS(Transactions!D:D,Transactions!B:B, "ᵀᵒSirix8472",Transactions!H:H,"Incoming") -> 131436000 | D95: =SUMIFS(Transactions!E:E,Transactions!B:B, "ᵀᵒSirix8472",Transactions!H:H,"Incoming") -> 131500000 | E95: =SUMIFS(Transactions!F:F,Transactions!B:B, "ᵀᵒSirix8472",Transactions!H:H,"Incoming") -> 83248000 | F95: =SUMIFS(Transactions!G:G,Transactions!B:B, "ᵀᵒSirix8472",Transactions!H:H,"Incoming") -> 213283753 | G95: =SUM(C95:F95) -> 559467753
A96: 171679053 | B96: dilli | C96: =SUMIFS(Transactions!D:D,Transactions!B:B, "dilli",Transactions!H:H,"Incoming") -> 37140000 | D96: =SUMIFS(Transactions!E:E,Transactions!B:B, "dilli",Transactions!H:H,"Incoming") -> 27140000 | E96: =SUMIFS(Transactions!F:F,Transactions!B:B, "dilli",Transactions!H:H,"Incoming") -> 25300000 | F96: =SUMIFS(Transactions!G:G,Transactions!B:B, "dilli",Transactions!H:H,"Incoming") -> 12880000 | G96: =SUM(C96:F96) -> 102460000
A97: 67873337 | B97: BOONDD | C97: =SUMIFS(Transactions!D:D,Transactions!B:B, "BOONDD",Transactions!H:H,"Incoming") -> 0 | D97: =SUMIFS(Transactions!E:E,Transactions!B:B, "BOONDD",Transactions!H:H,"Incoming") -> 0 | E97: =SUMIFS(Transactions!F:F,Transactions!B:B, "BOONDD",Transactions!H:H,"Incoming") -> 0 | F97: =SUMIFS(Transactions!G:G,Transactions!B:B, "BOONDD",Transactions!H:H,"Incoming") -> 0 | G97: =SUM(C97:F97) -> 0
A98: 143457511 | B98: ᴮᵒᵂdreXIN | C98: =SUMIFS(Transactions!D:D,Transactions!B:B, "ᴮᵒᵂdreXIN",Transactions!H:H,"Incoming") -> 390000000 | D98: =SUMIFS(Transactions!E:E,Transactions!B:B, "ᴮᵒᵂdreXIN",Transactions!H:H,"Incoming") -> 160000000 | E98: =SUMIFS(Transactions!F:F,Transactions!B:B, "ᴮᵒᵂdreXIN",Transactions!H:H,"Incoming") -> 240000000 | F98: =SUMIFS(Transactions!G:G,Transactions!B:B, "ᴮᵒᵂdreXIN",Transactions!H:H,"Incoming") -> 290000000 | G98: =SUM(C98:F98) -> 1080000000
A99: 144010731 | B99: SIJUGUL GORAT | C99: =SUMIFS(Transactions!D:D,Transactions!B:B, "SIJUGUL GORAT",Transactions!H:H,"Incoming") -> 110000000 | D99: =SUMIFS(Transactions!E:E,Transactions!B:B, "SIJUGUL GORAT",Transactions!H:H,"Incoming") -> 110000000 | E99: =SUMIFS(Transactions!F:F,Transactions!B:B, "SIJUGUL GORAT",Transactions!H:H,"Incoming") -> 100000000 | F99: =SUMIFS(Transactions!G:G,Transactions!B:B, "SIJUGUL GORAT",Transactions!H:H,"Incoming") -> 80000000 | G99: =SUM(C99:F99) -> 400000000
A100: 49509851 | B100: 374 Small Fry | C100: =SUMIFS(Transactions!D:D,Transactions!B:B, "374 Small Fry",Transactions!H:H,"Incoming") -> 0 | D100: =SUMIFS(Transactions!E:E,Transactions!B:B, "374 Small Fry",Transactions!H:H,"Incoming") -> 0 | E100: =SUMIFS(Transactions!F:F,Transactions!B:B, "374 Small Fry",Transactions!H:H,"Incoming") -> 0 | F100: =SUMIFS(Transactions!G:G,Transactions!B:B, "374 Small Fry",Transactions!H:H,"Incoming") -> 0 | G100: =SUM(C100:F100) -> 0
A101: 144064126 | B101: Strozhkov | C101: =SUMIFS(Transactions!D:D,Transactions!B:B, "Strozhkov",Transactions!H:H,"Incoming") -> 0 | D101: =SUMIFS(Transactions!E:E,Transactions!B:B, "Strozhkov",Transactions!H:H,"Incoming") -> 0 | E101: =SUMIFS(Transactions!F:F,Transactions!B:B, "Strozhkov",Transactions!H:H,"Incoming") -> 0 | F101: =SUMIFS(Transactions!G:G,Transactions!B:B, "Strozhkov",Transactions!H:H,"Incoming") -> 0 | G101: =SUM(C101:F101) -> 0
A102: 171805508 | B102: atom karica | C102: =SUMIFS(Transactions!D:D,Transactions!B:B, "atom karica",Transactions!H:H,"Incoming") -> 0 | D102: =SUMIFS(Transactions!E:E,Transactions!B:B, "atom karica",Transactions!H:H,"Incoming") -> 0 | E102: =SUMIFS(Transactions!F:F,Transactions!B:B, "atom karica",Transactions!H:H,"Incoming") -> 0 | F102: =SUMIFS(Transactions!G:G,Transactions!B:B, "atom karica",Transactions!H:H,"Incoming") -> 0 | G102: =SUM(C102:F102) -> 0
A103: 145008495 | B103: SILVERHAND 乂 | C103: =SUMIFS(Transactions!D:D,Transactions!B:B, "SILVERHAND 乂",Transactions!H:H,"Incoming") -> 3880880 | D103: =SUMIFS(Transactions!E:E,Transactions!B:B, "SILVERHAND 乂",Transactions!H:H,"Incoming") -> 3776010 | E103: =SUMIFS(Transactions!F:F,Transactions!B:B, "SILVERHAND 乂",Transactions!H:H,"Incoming") -> 4200358 | F103: =SUMIFS(Transactions!G:G,Transactions!B:B, "SILVERHAND 乂",Transactions!H:H,"Incoming") -> 193959467 | G103: =SUM(C103:F103) -> 205816715
...

Sheet Transactions
A1: Date | B1: Player Nickname | C1: Source / Reason | D1: Food | E1: Wood | F1: Stone | G1: Gold | H1: Type | I1: Notes | J1: Colonne 1
A2: 45879 | B2: Aurionツ | C2: Starting balance | D2: 715803831 | E2: 369941389 | F2: 483669060 | G2: 114680560 | H2: Incoming | I2: Initial stock pile
A3: 45879 | B3: 乄Muhtarツ | C3: Penalty | D3: 15152000 | E3: 12208000 | F3: 14480000 | G3: 13680000 | H3: Incoming
A4: 45879 | B4: roimme | C4: Penalty | D4: 10000000 | E4: 10000000 | F4: 10000000 | G4: 10000000 | H4: Incoming
A5: 45879 | B5: SIJUGUL GORAT | C5: Voluntarily Contributions | D5: 20000000 | E5: 10000000 | F5: 10000000 | G5: 10000000 | H5: Incoming
A6: 45879 | B6: ᴱᴿ RKing79 | C6: Penalty | D6: 50000000 | E6: 50000000 | F6: 47360000 | G6: 47360000 | H6: Incoming
A7: 45879 | B7: Lord Valkorion | C7: Penalty | D7: =31472000+128800 -> 31600800 | E7: =31472000+128800 -> 31600800 | F7: =31472000+128800 -> 31600800 | G7: 31600800 | H7: Incoming
A8: 45879 | B8: TitanMARU | C8: Penalty | D8: 3992729 | E8: 15299947 | F8: 2811500 | H8: Incoming
A9: 45879 | B9: yamen Di | C9: Penalty | D9: 20000000 | E9: 40000000 | F9: 20000000 | G9: 10000000 | H9: Incoming
A10: 45879 | B10: DEHA DEVRAN | C10: Penalty | D10: 10000000 | E10: =5972144+9199080 -> 15171224 | F10: 20000000 | G10: 10000000 | H10: Incoming
A11: 45879 | B11: СЕНАТОР | C11: Penalty | D11: 20000000 | E11: 20000000 | F11: 10000000 | G11: 10000000 | H11: Incoming
A12: 45880 | B12: sd mique | C12: Penalty | D12: =38640+9936000+9936000+9200000+10000000+1840000 -> 40950640 | E12: =38640+40000000+1840000 -> 41878640 | F12: =38640+40000000+1840000 -> 41878640 | G12: =38640+40000000+1840000 -> 41878640 | H12: Incoming
A13: 45883 | B13: Fabregas1533 | C13: Penalty | D13: 900000 | E13: 900000 | F13: 900000 | G13: 900000 | H13: Incoming
A14: 45883 | B14: Adam23 | C14: Penalty | E14: 30000000 | H14: Incoming
A15: 45884 | B15: Adam23 | C15: Penalty | F15: 10000000 | H15: Incoming
A16: 45886 | B16: LAZY BOOND | C16: Penalty | D16: 50000000 | E16: 20000000 | F16: 20000000 | G16: 20000000 | H16: Incoming
A17: 45886 | B17: ᴴᵘⁿBéo | C17: Penalty | D17: 150000000 | E17: 80000000 | F17: 50000000 | G17: 20000000 | H17: Incoming
A18: 45886 | B18: Heliøsツ | C18: Penalty | D18: 20000000 | E18: 30000000 | F18: 10000000 | H18: Incoming
A19: 45886 | B19: dilli | C19: U97 weekly contribution | D19: 10000000 | E19: 4600000 | F19: 2300000 | G19: 2300000 | H19: Incoming
A20: 45886 | B20: Lord Valkorion | C20: U97 weekly contribution | D20: 20000000 | E20: 20000000 | F20: 20000000 | G20: 20000000 | H20: Incoming
A21: 45886 | B21: 义Destroyer义 | C21: U97 weekly contribution | D21: 14600000 | E21: 14600000 | F21: 15400000 | G21: 14600000 | H21: Incoming
A22: 45886 | B22: AzeM | C22: U97 weekly contribution | D22: 14600000 | E22: 14600000 | F22: 14600000 | G22: 14600000 | H22: Incoming
A23: 45887 | B23: Adam23 | C23: U97 weekly contribution | E23: 30000000 | H23: Incoming
A24: 45887 | B24: ᵂʷ Sandman シ | C24: U97 weekly contribution | D24: 10000000 | E24: 10000000 | F24: 6440000 | G24: 2760000 | H24: Incoming
A25: 45887 | B25: Northernman | C25: U97 weekly contribution | G25: 20000000 | H25: Incoming
A26: 45887 | B26: Dreckschlumpf | C26: U97 weekly contribution | E26: 50000000 | F26: 10000000 | G26: 10000000 | H26: Incoming
A27: 45887 | B27: Roki Balboy | C27: U97 weekly contribution | E27: 10000000 | F27: 10000000 | H27: Incoming
A28: 45887 | B28: RiP2016 | C28: U97 weekly contribution | E28: 10000000 | H28: Incoming
A29: 45887 | B29: GAGS | C29: U97 weekly contribution | D29: 20000000 | E29: 20000000 | F29: 20000000 | G29: 20000000 | H29: Incoming
A30: 45887 | B30: Łørd Ᵽraмa | C30: U97 weekly contribution | D30: 5200000 | E30: 5200000 | F30: 5200000 | G30: 5200000 | H30: Incoming
A31: 45887 | B31: Тiамат 义 | C31: U97 weekly contribution | G31: 20000000 | H31: Incoming
A32: 45887 | B32: ﾒUğurﾒ | C32: U97 weekly contribution | F32: 20000000 | H32: Incoming
A33: 45887 | B33: メSuper Manメ | C33: U97 weekly contribution | D33: 20000000 | E33: 20000000 | F33: 20000000 | G33: 20000000 | H33: Incoming
A34: 45887 | B34: 㐅 Kookie | C34: U97 weekly contribution | E34: 73500000 | H34: Incoming
A35: 45887 | B35: NT ĐVL1 | C35: U97 weekly contribution | D35: 8000000 | E35: 4000000 | F35: 4000000 | G35: 4000000 | H35: Incoming
A36: 45887 | B36: FromKiev1122 | C36: U97 weekly contribution | D36: 10000000 | E36: 10000000 | H36: Incoming
A37: 45887 | B37: Siyempi | C37: U97 weekly contribution | D37: 4600000 | E37: 4600000 | F37: 4600000 | G37: 4600000 | H37: Incoming
A38: 45887 | B38: DompfX | C38: U97 weekly contribution | D38: 4600000 | E38: 5400000 | F38: 5400000 | G38: 4600000 | H38: Incoming
A39: 45887 | B39: 乄jacony乄 | C39: U97 weekly contribution | D39: 4600000 | E39: 9200000 | F39: 4600000 | G39: 4600000 | H39: Incoming
A40: 45887 | B40: Ƀłøømɇɍ | C40: U97 weekly contribution | D40: 20000000 | F40: 20000000 | G40: 20000000 | H40: Incoming
A41: 45887 | B41: ˢᴳSeeker | C41: U97 weekly contribution | D41: 5152000 | E41: 10000000 | F41: 5060000 | H41: Incoming
A42: 45887 | B42: 乂 マoddi 乂 | C42: U97 weekly contribution | D42: 10000000 | E42: 10000000 | H42: Incoming
A43: 45887 | B43: ˢˢᴵ Cesar82 | C43: U97 weekly contribution | D43: 10000000 | E43: 10000000 | H43: Incoming
A44: 45887 | B44: ᴱᴿ RKing79 | C44: U97 weekly contribution | D44: 4600000 | E44: 6900000 | F44: 4600000 | G44: 2300000 | H44: Incoming
A45: 45887 | B45: SAX0N | C45: U97 weekly contribution | D45: 10000000 | E45: 10000000 | H45: Incoming
A46: 45887 | B46: Vega13 | C46: U97 weekly contribution | E46: 20000000 | H46: Incoming
A47: 45887 | B47: osumaki menma | C47: U97 weekly contribution | D47: 10000000 | E47: 10000000 | F47: 10000000 | G47: 10000000 | H47: Incoming
A48: 45887 | B48: メCalメ | C48: U97 weekly contribution | D48: 5980000 | E48: 5980000 | F48: 4600000 | G48: 3864000 | H48: Incoming
A49: 45887 | B49: miuv | C49: Weekly Contribution | D49: 130000000 | E49: 110000000 | F49: 77473331 | G49: 80000000 | H49: Incoming
A50: 45887 | B50: TitanMARU | C50: U97 weekly contribution | D50: 10000000 | E50: 10000000 | H50: Incoming
A51: 45887 | B51: 义CHRYS义 | C51: U97 weekly contribution | F51: 20000000 | H51: Incoming
A52: 45887 | B52: SILVERHAND 乂 | C52: U97 weekly contribution | G52: 140000000 | H52: Incoming
A53: 45887 | B53: 亗DJ KAMA亗 | C53: U97 weekly contribution | G53: 36000000 | H53: Incoming
A54: 45887 | B54: Mazalteutl | C54: U97 weekly contribution | F54: 20000000 | H54: Incoming
A55: 45888 | B55: Seckin34๛ | C55: U97 weekly contribution | D55: 5060000 | E55: 5060000 | F55: 5060000 | G55: 5060000 | H55: Incoming
A56: 45888 | B56: General Mapo | C56: U97 weekly contribution | D56: 9200000 | E56: 9200000 | H56: Incoming
A57: 45888 | B57: Steelite | C57: U97 weekly contribution | D57: 21000000 | E57: 21000000 | F57: 21000000 | H57: Incoming
A58: 45888 | B58: ᵀᵒᴿQuyet | C58: U97 weekly contribution | E58: 20000000 | H58: Incoming
A59: 45888 | B59: Urkel94 | C59: U97 weekly contribution | D59: 5000000 | E59: 4999999 | F59: 4999999 | G59: 5000000 | H59: Incoming
A60: 45888 | B60: II PHOENIx II | C60: U97 weekly contribution | D60: 5004800 | E60: 5004800 | F60: 5004800 | G60: 5004800 | H60: Incoming
A61: 45888 | B61: メCalメ | C61: U97 weekly contribution | D61: 20000000 | E61: 20000000 | F61: 12000000 | G61: 8000000 | H61: Incoming
A62: 45888 | B62: ᵀᵒSirix8472 | C62: U97 weekly contribution | D62: 4968000 | E62: 4968000 | F62: 4968000 | G62: 4968000 | H62: Incoming
A63: 45888 | B63: TitanMARU | C63: U97 weekly contribution | D63: 10000000 | E63: 10000000 | H63: Incoming
A64: 45888 | B64: EspDido | C64: U97 weekly contribution | D64: 20000000 | E64: 20000000 | F64: 20000000 | G64: 20000000 | H64: Incoming
A65: 45888 | B65: FadhelF | C65: U97 weekly contribution | D65: 20000000 | H65: Incoming
A66: 45888 | B66: СЕНАТОР | C66: U97 weekly contribution | D66: 10000000 | E66: 10000000 | F66: 10000000 | H66: Incoming
A67: 45889 | B67: welllaaaaaaaaaa | C67: U97 weekly contribution | E67: 20000000 | H67: Incoming
A68: 45889 | B68: smurfet87 | C68: U97 weekly contribution | E68: 10000000 | F68: 10000000 | H68: Incoming
A69: 45889 | B69: メCalメ | C69: U97 weekly contribution | D69: 20000000 | E69: 20000000 | F69: 12000000 | G69: 8000000 | H69: Incoming
A70: 45889 | B70: DEHA DEVRAN | C70: U97 weekly contribution | D70: 10000000 | E70: 10000000 | F70: 30000000 | H70: Incoming
A71: 45889 | B71: 㐅 Barto | C71: U97 weekly contribution | D71: 4600000 | E71: 4600000 | F71: 4600000 | G71: 4600000 | H71: Incoming
A72: 45889 | B72: ᵀᴼᴷGodgel | C72: U97 weekly contribution | D72: 10000000 | E72: 10000000 | H72: Incoming
A73: 45890 | B73: Anshii | C73: U97 weekly contribution | D73: 6000000 | E73: 6000000 | F73: 6000000 | G73: 6000000 | H73: Incoming
A74: 45890 | B74: Vill Báalam | C74: U97 weekly contribution | D74: 20000000 | H74: Incoming
A75: 45890 | B75: DONALD TUSK | C75: U97 weekly contribution | D75: 40000000 | E75: 90000000 | G75: 130000000 | H75: Incoming
A76: 45890 | B76: OkBanSeChet | C76: U97 weekly contribution | E76: 10000000 | F76: 10000000 | H76: Incoming
A77: 45890 | B77: Mofu1 | C77: U97 weekly contribution | E77: 20000000 | H77: Incoming
A78: 45890 | B78: Grimm48 | C78: U97 weekly contribution | F78: 20000000 | H78: Incoming
A79: 45890 | B79: KaTrin | C79: U97 weekly contribution | F79: 20000000 | H79: Incoming
A80: 45890 | B80: yamen Di | C80: U97 weekly contribution | E80: 100000000 | H80: Incoming
A81: 45890 | B81: Mictlan Tecutli | C81: U97 weekly contribution | D81: 4600000 | E81: 4600000 | F81: 4600000 | G81: 4600000 | H81: Incoming
A82: 45890 | B82: 亗DJ KAMA亗 | C82: Voluntarily Contributions | F82: 4000000 | G82: 4000000 | H82: Incoming
A83: 45891 | B83: roimme | C83: U97 weekly contribution | D83: 10000000 | E83: 4570181 | F83: 10000000 | G83: 5855408 | H83: Incoming
A84: 45891 | B84: PR puesto chico | C84: U97 weekly contribution | D84: 20000000 | E84: 20000000 | F84: 20000000 | G84: 20000000 | H84: Incoming
A85: 45891 | B85: SkullFroik | C85: U97 weekly contribution | F85: 9200000 | G85: 9200000 | H85: Incoming
A86: 45891 | B86: Losant | C86: U97 weekly contribution | D86: 20000000 | E86: 40000000 | F86: 20000000 | G86: 20000000 | H86: Incoming
A87: 45891 | B87: 亗Zolotashkoツ | C87: Voluntarily Contributions | E87: 30000000 | H87: Incoming
A88: 45891 | B88: 亗 yué 亗 | C88: U97 weekly contribution | D88: 5101017 | E88: 3025770 | F88: 10000000 | G88: 5734651 | H88: Incoming
A89: 45892 | B89: Grimm48 | C89: Penalty | D89: 10000000 | E89: 10000000 | F89: 10000000 | G89: 10000000 | H89: Incoming
A90: 45892 | B90: SILVERHAND 乂 | C90: U97 weekly contribution | G90: 20000000 | H90: Incoming
A91: 45893 | B91: LordGusto | C91: U97 weekly contribution | E91: 20000000 | H91: Incoming
A92: 45893 | B92: ᵂᴸSnowWoLF | C92: Penalty | D92: 20000000 | E92: 10000000 | F92: 15520000 | G92: 10000000 | H92: Incoming
A93: 45894 | B93: MƏGÁN | C93: Penalty | D93: 20000000 | E93: 20000000 | F93: 20000000 | G93: 20000000 | H93: Incoming
A94: 45894 | B94: V for VENDETTA | C94: Penalty | D94: 18400000 | E94: 18400000 | F94: 27600000 | G94: 18400000 | H94: Incoming
A95: 45894 | B95: ᵀᵒᴿQuyet | C95: U97 weekly contribution | E95: 20000000 | H95: Incoming
A96: 45894 | B96: Roki Balboy | C96: U97 weekly contribution | F96: 20000000 | H96: Incoming
A97: 45894 | B97: ᵀᴼᴷGodgel | C97: U97 weekly contribution | E97: 20000000 | H97: Incoming
A98: 45894 | B98: Dreckschlumpf | C98: U97 weekly contribution | E98: 10000000 | F98: 10000000 | G98: 10000000 | H98: Incoming
A99: 45894 | B99: TitanMARU | C99: U97 weekly contribution | D99: 20000000 | F99: 20000000 | H99: Incoming
A100: 45894 | B100: AzeM | C100: U97 weekly contribution | D100: 10000000 | E100: 10000000 | F100: 10000000 | G100: 10000000 | H100: Incoming
...

Sheet Weekly Contribution
A3: ID | B3: Name | C3: Food | D3: Wood | E3: Stone | F3: Gold | G3: Week Contribution | H3: Total Contribution
A4: 171679053 | B4: dilli | C4: 3036000 | D4: 3036000 | E4: 3036000 | F4: 1012000 | G4: =sum(C4:F4) -> 10120000 | H4: =VLOOKUP(A4,Dashboard!A:G,7,FALSE) -> 102460000
A5: 62576249 | B5: ﾒUğurﾒ | E5: 10000000 | G5: =sum(C5:F5) -> 10000000 | H5: =VLOOKUP(A5,Dashboard!A:G,7,FALSE) -> 240000000
A6: 171697263 | B6: ᵁᴺFiLLer97 | D6: 60000000 | G6: =sum(C6:F6) -> 60000000 | H6: =VLOOKUP(A6,Dashboard!A:G,7,FALSE) -> 606794789
A7: 172033754 | B7: Dreckschlumpf | C7: 1840000 | D7: 3560000 | E7: 1840000 | F7: 2760000 | G7: =sum(C7:F7) -> 10000000 | H7: =VLOOKUP(A7,Dashboard!A:G,7,FALSE) -> 930794163
A8: 169427770 | B8: SAX0N | C8: 2760000 | D8: 23560000 | E8: 1840000 | F8: 1840000 | G8: =sum(C8:F8) -> 30000000 | H8: =VLOOKUP(A8,Dashboard!A:G,7,FALSE) -> 278400000
A9: 169247313 | B9: ƝÎ乙ĀⱮ | C9: 1840000 | D9: 1840000 | E9: 2760000 | F9: 2760000 | G9: =sum(C9:F9) -> 9200000 | H9: =VLOOKUP(A9,Dashboard!A:G,7,FALSE) -> 75200000
A10: 167614515 | B10: ᵂʷ Jools シ | C10: 2760000 | D10: 2760000 | E10: 2760000 | F10: 920000 | G10: =sum(C10:F10) -> 9200000 | H10: =VLOOKUP(A10,Dashboard!A:G,7,FALSE) -> 73600000
A11: 64966340 | B11: Pisontije | C11: 10000000 | D11: 10000000 | E11: 10000000 | F11: 10000000 | G11: =sum(C11:F11) -> 40000000 | H11: =VLOOKUP(A11,Dashboard!A:G,7,FALSE) -> 184600000
A12: 167637163 | B12: ・Maka・ | C12: 2208000 | D12: 2208000 | E12: 3128000 | F12: 3128000 | G12: =sum(C12:F12) -> 10672000 | H12: =VLOOKUP(A12,Dashboard!A:G,7,FALSE) -> 231725200
A13: 170708608 | B13: OkBanSeChet | C13: 10000000 | D13: 10000000 | E13: 10000000 | G13: =sum(C13:F13) -> 30000000 | H13: =VLOOKUP(A13,Dashboard!A:G,7,FALSE) -> 131840000
A14: 171503078 | B14: メCalメ | C14: 30000000 | D14: 2760000 | E14: 1840000 | F14: 1840000 | G14: =sum(C14:F14) -> 36440000 | H14: =VLOOKUP(A14,Dashboard!A:G,7,FALSE) -> 390959600
A15: 168091444 | B15: ᵁᴺOhanaツ | C15: 3680000 | D15: 3680000 | E15: 5520000 | F15: 5520000 | G15: =sum(C15:F15) -> 18400000 | H15: =VLOOKUP(A15,Dashboard!A:G,7,FALSE) -> 235864000
A16: 98107237 | B16: 亗 Intersect | C16: 20000000 | G16: =sum(C16:F16) -> 20000000 | H16: =VLOOKUP(A16,Dashboard!A:G,7,FALSE) -> 330000000
A17: 171491377 | B17: ᵀᵒᴿQuyet | C17: 10000000 | D17: 10000000 | E17: 10000000 | F17: 10000000 | G17: =sum(C17:F17) -> 40000000 | H17: =VLOOKUP(A17,Dashboard!A:G,7,FALSE) -> 181132000
A18: 176044158 | B18: メSuper Manメ | C18: 10000000 | D18: 10000000 | E18: 10000000 | F18: 10000000 | G18: =sum(C18:F18) -> 40000000 | H18: =VLOOKUP(A18,Dashboard!A:G,7,FALSE) -> 480000000
A19: 77394861 | B19: Ngacai | C19: 1840000 | D19: 1840000 | E19: 2760000 | F19: 2760000 | G19: =sum(C19:F19) -> 9200000 | H19: =VLOOKUP(A19,Dashboard!A:G,7,FALSE) -> 64400000
A20: 146428825 | B20: ᵐᵖ Ray i | C20: 2005600 | D20: 2014400 | E20: 2990000 | F20: 2990000 | G20: =sum(C20:F20) -> 10000000 | H20: =VLOOKUP(A20,Dashboard!A:G,7,FALSE) -> 69320400
A21: 171604682 | B21: Łørd Ᵽraмa | C21: 2576000 | D21: 2576000 | E21: 2576000 | F21: 2272000 | G21: =sum(C21:F21) -> 10000000 | H21: =VLOOKUP(A21,Dashboard!A:G,7,FALSE) -> 210800000
A22: 169446444 | B22: lazy Liwen 寳 | C22: 2003760 | D22: 2003760 | E22: 3082000 | F22: 2910480 | G22: =sum(C22:F22) -> 10000000 | H22: =VLOOKUP(A22,Dashboard!A:G,7,FALSE) -> 62400224
A23: 156339380 | B23: 會 ᴋᴀʏ シ | C23: 10000000 | D23: 10000000 | E23: 10000000 | F23: 10000000 | G23: =sum(C23:F23) -> 40000000 | H23: =VLOOKUP(A23,Dashboard!A:G,7,FALSE) -> 280000000
A24: =count(Week_16_22_Feb_2026[ID]) & " Contributors" -> 20 Contributors | C24: =sum(Week_16_22_Feb_2026[Food]) -> 126549360 | D24: =sum(Week_16_22_Feb_2026[Wood]) -> 161838160 | E24: =sum(Week_16_22_Feb_2026[Stone]) -> 94132000 | F24: =sum(Week_16_22_Feb_2026[Gold]) -> 70712480 | G24: =sum(Week_16_22_Feb_2026[Week Contribution]) -> 453232000 | H24: =sum(Week_16_22_Feb_2026[Total Contribution]) -> 5160290376
A31: ID | B31: Name | C31: Food | D31: Wood | E31: Stone | F31: Gold | G31: Week Contribution | H31: Total Contribution
A32: 176044158 | B32: メSuper Manメ | C32: 10000000 | D32: 10000000 | E32: 10000000 | F32: 10000000 | G32: =sum(C32:F32) -> 40000000 | H32: =VLOOKUP(A32,Dashboard!A:G,7,FALSE) -> 480000000
A33: 172033754 | B33: Dreckschlumpf | C33: 2760000 | D33: 91720000 | E33: 2760000 | F33: 2760000 | G33: =sum(C33:F33) -> 100000000 | H33: =VLOOKUP(A33,Dashboard!A:G,7,FALSE) -> 930794163
A34: 169427770 | B34: SAX0N | C34: 2760000 | D34: 123680000 | E34: 2640000 | F34: 920000 | G34: =sum(C34:F34) -> 130000000 | H34: =VLOOKUP(A34,Dashboard!A:G,7,FALSE) -> 278400000
A35: 167614515 | B35: ᵂʷ Jools シ | C35: 1840000 | D35: 3680000 | E35: 1840000 | F35: 1840000 | G35: =sum(C35:F35) -> 9200000 | H35: =VLOOKUP(A35,Dashboard!A:G,7,FALSE) -> 73600000
A36: 171503078 | B36: メCalメ | C36: 30000000 | D36: 1840000 | E36: 1840000 | F36: 1840000 | G36: =sum(C36:F36) -> 35520000 | H36: =VLOOKUP(A36,Dashboard!A:G,7,FALSE) -> 390959600
A37: 64966340 | B37: Pisontije | C37: 10000000 | D37: 10000000 | E37: 10000000 | F37: 10000000 | G37: =sum(C37:F37) -> 40000000 | H37: =VLOOKUP(A37,Dashboard!A:G,7,FALSE) -> 184600000
A38: 171604682 | B38: Ᵽraмa | C38: 5152000 | D38: 5152000 | E38: 5464000 | F38: 4232000 | G38: =sum(C38:F38) -> 20000000 | H38: =VLOOKUP(A38,Dashboard!A:G,7,FALSE) -> 210800000
A39: 62576249 | B39: ﾒUğurﾒ | E39: 10000000 | G39: =sum(C39:F39) -> 10000000 | H39: =VLOOKUP(A39,Dashboard!A:G,7,FALSE) -> 240000000
A40: 171972257 | B40: Steelite | C40: 20000000 | G40: =sum(C40:F40) -> 20000000 | H40: =VLOOKUP(A40,Dashboard!A:G,7,FALSE) -> 163000000
A41: 98107237 | B41: 亗 Intersect | C41: 20000000 | G41: =sum(C41:F41) -> 20000000 | H41: =VLOOKUP(A41,Dashboard!A:G,7,FALSE) -> 330000000
A42: 171879011 | B42: Urkel94 | C42: 10000000 | D42: 10000000 | E42: 10000000 | F42: 10000000 | G42: =sum(C42:F42) -> 40000000 | H42: =VLOOKUP(A42,Dashboard!A:G,7,FALSE) -> 559999998
A43: 156339380 | B43: 會 ᴋᴀʏ シ | C43: 10000000 | D43: 10000000 | E43: 10000000 | F43: 10000000 | G43: =sum(C43:F43) -> 40000000 | H43: =VLOOKUP(A43,Dashboard!A:G,7,FALSE) -> 280000000
A44: 168455139 | B44: ᵁᴺOdin | C44: 10000000 | D44: 10000000 | E44: 10000000 | F44: 10000000 | G44: =sum(C44:F44) -> 40000000 | H44: =VLOOKUP(A44,Dashboard!A:G,7,FALSE) -> 1510000000
A45: 169446444 | B45: lazy Liwen 寳 | C45: 6000056 | D45: 6000056 | E45: 6000056 | F45: 6000056 | G45: =sum(C45:F45) -> 24000224 | H45: =VLOOKUP(A45,Dashboard!A:G,7,FALSE) -> 62400224
A46: 146428825 | B46: ᵐᵖ Ray i | C46: 2039640 | D46: 2041080 | E46: 2959640 | F46: 2959640 | G46: =sum(C46:F46) -> 10000000 | H46: =VLOOKUP(A46,Dashboard!A:G,7,FALSE) -> 69320400
A47: 11726598 | B47: Lazy Cat ツ | C47: 30000000 | G47: =sum(C47:F47) -> 30000000 | H47: =VLOOKUP(A47,Dashboard!A:G,7,FALSE) -> 68280001
A48: 168091444 | B48: ᵁᴺOhanaツ | C48: 3680000 | D48: 3680000 | E48: 5520000 | F48: 5520000 | G48: =sum(C48:F48) -> 18400000 | H48: =VLOOKUP(A48,Dashboard!A:G,7,FALSE) -> 235864000
A49: 2463403 | B49: Heliøsツ | C49: 1840000 | D49: 2640000 | E49: 2760000 | F49: 2760000 | G49: =sum(C49:F49) -> 10000000 | H49: =VLOOKUP(A49,Dashboard!A:G,7,FALSE) -> 109999999
A50: 156479771 | B50: ᵂᴸSnowWoLF | C50: 1840000 | D50: 1840000 | E50: 5520000 | G50: =sum(C50:F50) -> 9200000 | H50: =VLOOKUP(A50,Dashboard!A:G,7,FALSE) -> 503120000
A51: 171927851 | B51: DompfX | C51: 2024000 | D51: 2024000 | E51: 3036000 | F51: 3036000 | G51: =sum(C51:F51) -> 10120000 | H51: =VLOOKUP(A51,Dashboard!A:G,7,FALSE) -> 105384000
A52: 171609840 | B52: KaizerX | E52: 20000000 | G52: =sum(C52:F52) -> 20000000 | H52: =VLOOKUP(A52,Dashboard!A:G,7,FALSE) -> 50000000
A53: 171830779 | B53: Chocoツ | C53: 388741221 | D53: 62760000 | E53: 12760000 | F53: 81720000 | G53: =sum(C53:F53) -> 545981221 | H53: =VLOOKUP(A53,Dashboard!A:G,7,FALSE) -> 655180761
A54: 67071592 | B54: 乄Lazy Bツ | C54: 10000000 | D54: 10000000 | E54: 10000000 | F54: 10000000 | G54: =sum(C54:F54) -> 40000000 | H54: =VLOOKUP(A54,Dashboard!A:G,7,FALSE) -> 115640000
A55: 166497805 | B55: e s o r | C55: 2024000 | D55: 2024000 | E55: 2990000 | F55: 2962000 | G55: =sum(C55:F55) -> 10000000 | H55: =VLOOKUP(A55,Dashboard!A:G,7,FALSE) -> 70000000
A56: 168923934 | B56: ᵛᶰシSunシ | C56: 3560000 | D56: 1840000 | E56: 2760000 | F56: 1840000 | G56: =sum(C56:F56) -> 10000000 | H56: =VLOOKUP(A56,Dashboard!A:G,7,FALSE) -> 49200000
A57: 171697263 | B57: ᵁᴺFiLLer97 | D57: 99968623 | G57: =sum(C57:F57) -> 99968623 | H57: =VLOOKUP(A57,Dashboard!A:G,7,FALSE) -> 606794789
A58: 172041454 | B58: Seckin34๛ | C58: 2024000 | D58: 12760000 | E58: 2024000 | F58: 1012000 | G58: =sum(C58:F58) -> 17820000 | H58: =VLOOKUP(A58,Dashboard!A:G,7,FALSE) -> 208420000
A59: 169247313 | B59: ƝÎ乙ĀⱮ | C59: 1840000 | D59: 1840000 | E59: 2760000 | F59: 2760000 | G59: =sum(C59:F59) -> 9200000 | H59: =VLOOKUP(A59,Dashboard!A:G,7,FALSE) -> 75200000
A60: 155534128 | B60: ŻŸŁÜĶ㋡ | C60: 10652800 | D60: 9503600 | E60: 9503600 | F60: 340000 | G60: =sum(C60:F60) -> 30000000 | H60: =VLOOKUP(A60,Dashboard!A:G,7,FALSE) -> 49200000
A61: 112792310 | B61: KIM BANK | C61: 40000000 | E61: 40000000 | G61: =sum(C61:F61) -> 80000000 | H61: =VLOOKUP(A61,Dashboard!A:G,7,FALSE) -> 390000000
A62: 153857025 | B62: GAGS | C62: 10000000 | D62: 10000000 | E62: 10000000 | F62: 3220000 | G62: =sum(C62:F62) -> 33220000 | H62: =VLOOKUP(A62,Dashboard!A:G,7,FALSE) -> 381620000
A63: 161646318 | B63: ˢˢᴵ Cesar82 | C63: 2760000 | D63: 2760000 | E63: 3680000 | F63: 3036000 | G63: =sum(C63:F63) -> 12236000 | H63: =VLOOKUP(A63,Dashboard!A:G,7,FALSE) -> 150434400
A64: 171753933 | B64: ˢᴳSeeker | C64: 1840000 | D64: 2760000 | E64: 2760000 | F64: 2640000 | G64: =sum(C64:F64) -> 10000000 | H64: =VLOOKUP(A64,Dashboard!A:G,7,FALSE) -> 110211998
A65: 171910225 | B65: ᵀᵒSirix8472 | C65: 4600000 | D65: 4600000 | E65: 5400000 | F65: 5400000 | G65: =sum(C65:F65) -> 20000000 | H65: =VLOOKUP(A65,Dashboard!A:G,7,FALSE) -> 559467753
A66: 74556991 | B66: 乄Narcissus | C66: 3680000 | D66: 3680000 | E66: 5520000 | F66: 5520000 | G66: =sum(C66:F66) -> 18400000 | H66: =VLOOKUP(A66,Dashboard!A:G,7,FALSE) -> 36800000
A67: 144618360 | B67: 亗 DONJAN 亗 | D67: 10000000 | G67: =sum(C67:F67) -> 10000000 | H67: =VLOOKUP(A67,Dashboard!A:G,7,FALSE) -> 110000000
A68: 77394861 | B68: Ngacai | C68: 1840000 | D68: 1840000 | E68: 2760000 | F68: 2760000 | G68: =sum(C68:F68) -> 9200000 | H68: =VLOOKUP(A68,Dashboard!A:G,7,FALSE) -> 64400000
A69: 170728362 | B69: 乂 マoddi 乂 | C69: 20000000 | D69: 10000000 | E69: 10000000 | G69: =sum(C69:F69) -> 40000000 | H69: =VLOOKUP(A69,Dashboard!A:G,7,FALSE) -> 190000000
A70: 169326547 | B70: ᵁᴺSexyRickツ | C70: 10000000 | D70: 20000000 | E70: 10000000 | F70: 10000000 | G70: =sum(C70:F70) -> 50000000 | H70: =VLOOKUP(A70,Dashboard!A:G,7,FALSE) -> 121840000
A71: 27578537 | B71: Luki92 | C71: 10000000 | D71: 10000000 | E71: 10000000 | F71: 10000000 | G71: =sum(C71:F71) -> 40000000 | H71: =VLOOKUP(A71,Dashboard!A:G,7,FALSE) -> 946182150
A72: 143612450 | B72: NT ĐVL1 | C72: 4000000 | D72: 4000000 | F72: 4000000 | G72: =sum(C72:F72) -> 12000000 | H72: =VLOOKUP(A72,Dashboard!A:G,7,FALSE) -> 108080000
A73: 167637163 | B73: ・Maka・ | C73: 2208000 | D73: 2208000 | E73: 3128000 | F73: 3128000 | G73: =sum(C73:F73) -> 10672000 | H73: =VLOOKUP(A73,Dashboard!A:G,7,FALSE) -> 231725200
A74: 144684719 | B74: ᴱᴿ RKing79 | C74: 70000000 | D74: 110000000 | G74: =sum(C74:F74) -> 180000000 | H74: =VLOOKUP(A74,Dashboard!A:G,7,FALSE) -> 875362125
A75: 172029365 | B75: 义CTAM义 | D75: 90000000 | F75: 40000000 | G75: =sum(C75:F75) -> 130000000 | H75: =VLOOKUP(A75,Dashboard!A:G,7,FALSE) -> 850000000
A76: 172021868 | B76: Anshii | C76: 10000000 | D76: 10000000 | E76: 10000000 | F76: 20000000 | G76: =sum(C76:F76) -> 50000000 | H76: =VLOOKUP(A76,Dashboard!A:G,7,FALSE) -> 284041640
A77: 169420296 | B77: madelene | C77: 10000000 | D77: 10000000 | E77: 10000000 | F77: 10000000 | G77: =sum(C77:F77) -> 40000000 | H77: =VLOOKUP(A77,Dashboard!A:G,7,FALSE) -> 361723910
A78: 136662717 | B78: IZY | F78: 10000000 | G78: =sum(C78:F78) -> 10000000 | H78: =VLOOKUP(A78,Dashboard!A:G,7,FALSE) -> 30000000
A79: 171355737 | B79: Darth ShүNøX | C79: 3906784 | D79: 4025648 | E79: 5409120 | F79: 3145871 | G79: =sum(C79:F79) -> 16487423 | H79: =VLOOKUP(A79,Dashboard!A:G,7,FALSE) -> 38787422
A80: 181734011 | B80: CABJLorena | C80: 1687192 | D80: 2345569 | E80: 1779501 | F80: 4187739 | G80: =sum(C80:F80) -> 10000001 | H80: =VLOOKUP(A80,Dashboard!A:G,7,FALSE) -> 60827999
A81: 120029911 | B81: Ħeřr Şimôñ | C81: 2760000 | D81: 2760000 | E81: 3560000 | F81: 920000 | G81: =sum(C81:F81) -> 10000000 | H81: =VLOOKUP(A81,Dashboard!A:G,7,FALSE) -> 59200000
A82: =count(Week_9_15_Feb_2026[ID]) & " Contributors" -> 50 Contributors | C82: =sum(Week_9_15_Feb_2026[Food]) -> 808059693 | D82: =sum(Week_9_15_Feb_2026[Wood]) -> 805972576 | E82: =sum(Week_9_15_Feb_2026[Stone]) -> 297133917 | F82: =sum(Week_9_15_Feb_2026[Gold]) -> 320459306 | G82: =sum(Week_9_15_Feb_2026[Week Contribution]) -> 2231625492 | H82: =sum(Week_9_15_Feb_2026[Total Contribution]) -> 14626862532
A86: ID | B86: Name | C86: Food | D86: Wood | E86: Stone | F86: Gold | G86: Week Contribution | H86: Total Contribution
A87: 120029911 | B87: Ħeřr Şimôñ | C87: 6072000 | D87: 6072000 | E87: 4048000 | F87: 3808000 | G87: =SUM(C87:F87) -> 20000000 | H87: =VLOOKUP(A87,Dashboard!A:G,7,FALSE) -> 59200000
A88: 169427770 | B88: SAX0N | C88: 2760000 | D88: 3220000 | E88: 2300000 | F88: 1720000 | G88: =SUM(C88:F88) -> 10000000 | H88: =VLOOKUP(A88,Dashboard!A:G,7,FALSE) -> 278400000
A89: 64966340 | B89: Pisontije | C89: 10000000 | D89: 10000000 | E89: 10000000 | F89: 10000000 | G89: =SUM(C89:F89) -> 40000000 | H89: =VLOOKUP(A89,Dashboard!A:G,7,FALSE) -> 184600000
A90: 167614515 | B90: ᵂʷ Jools シ | C90: 1840000 | D90: 3680000 | E90: 1840000 | F90: 1840000 | G90: =SUM(C90:F90) -> 9200000 | H90: =VLOOKUP(A90,Dashboard!A:G,7,FALSE) -> 73600000
A91: 98107237 | B91: 亗 Intersect | C91: 12000000 | D91: 12000000 | E91: 12000000 | F91: 12000000 | G91: =SUM(C91:F91) -> 48000000 | H91: =VLOOKUP(A91,Dashboard!A:G,7,FALSE) -> 330000000
A92: 167637163 | B92: ・Maka・ | C92: 2300000 | D92: 2300000 | E92: 3220000 | F92: 3220000 | G92: =SUM(C92:F92) -> 11040000 | H92: =VLOOKUP(A92,Dashboard!A:G,7,FALSE) -> 231725200
A93: 62576249 | B93: ﾒUğurﾒ | E93: 10000000 | G93: =SUM(C93:F93) -> 10000000 | H93: =VLOOKUP(A93,Dashboard!A:G,7,FALSE) -> 240000000
A94: 156339380 | B94: 會 ᴋᴀʏ シ | C94: 10000000 | D94: 10000000 | E94: 10000000 | F94: 10000000 | G94: =SUM(C94:F94) -> 40000000 | H94: =VLOOKUP(A94,Dashboard!A:G,7,FALSE) -> 280000000
A95: 171609840 | B95: KaizerX | C95: 1840000 | D95: 1840000 | E95: 3560000 | F95: 2760000 | G95: =SUM(C95:F95) -> 10000000 | H95: =VLOOKUP(A95,Dashboard!A:G,7,FALSE) -> 50000000
A96: 166497805 | B96: e s o r | C96: 2024000 | D96: 2024000 | E96: 2990000 | F96: 2962000 | G96: =SUM(C96:F96) -> 10000000 | H96: =VLOOKUP(A96,Dashboard!A:G,7,FALSE) -> 70000000
A97: 168455139 | B97: ᵁᴺOdin | C97: 10000000 | D97: 10000000 | E97: 10000000 | F97: 10000000 | G97: =SUM(C97:F97) -> 40000000 | H97: =VLOOKUP(A97,Dashboard!A:G,7,FALSE) -> 1510000000
A98: 171830779 | B98: Chocoツ | C98: 2760000 | D98: 2760000 | E98: 2760000 | F98: 1720000 | G98: =SUM(C98:F98) -> 10000000 | H98: =VLOOKUP(A98,Dashboard!A:G,7,FALSE) -> 655180761
A99: 172029365 | B99: 义CTAM义 | D99: 50000000 | F99: 50000000 | G99: =SUM(C99:F99) -> 100000000 | H99: =VLOOKUP(A99,Dashboard!A:G,7,FALSE) -> 850000000
A100: 172033754 | B100: Dreckschlumpf | C100: 1840000 | D100: 3560000 | E100: 1840000 | F100: 2760000 | G100: =SUM(C100:F100) -> 10000000 | H100: =VLOOKUP(A100,Dashboard!A:G,7,FALSE) -> 930794163
A101: 168091444 | B101: ᵁᴺOhanaツ | C101: 3864000 | D101: 3680000 | E101: 5520000 | F101: 5520000 | G101: =SUM(C101:F101) -> 18584000 | H101: =VLOOKUP(A101,Dashboard!A:G,7,FALSE) -> 235864000
A102: 153857025 | B102: GAGS | C102: 10000000 | D102: 10000000 | E102: 10000000 | F102: 4600000 | G102: =SUM(C102:F102) -> 34600000 | H102: =VLOOKUP(A102,Dashboard!A:G,7,FALSE) -> 381620000
A103: 169247313 | B103: ƝÎ乙ĀⱮ | C103: 1840000 | D103: 1840000 | E103: 2760000 | F103: 2760000 | G103: =SUM(C103:F103) -> 9200000 | H103: =VLOOKUP(A103,Dashboard!A:G,7,FALSE) -> 75200000
A104: 79650085 | B104: Keshiba ツ | D104: 10000000 | E104: 10000000 | F104: 10000000 | G104: =SUM(C104:F104) -> 30000000 | H104: =VLOOKUP(A104,Dashboard!A:G,7,FALSE) -> 40000000
A105: 77394861 | B105: Ngacai | C105: 1840000 | D105: 1840000 | E105: 2760000 | F105: 2760000 | G105: =SUM(C105:F105) -> 9200000 | H105: =VLOOKUP(A105,Dashboard!A:G,7,FALSE) -> 64400000
A106: 161646318 | B106: ˢˢᴵ Cesar82 | C106: 20000000 | D106: 10000000 | E106: 10000000 | F106: 4416000 | G106: =SUM(C106:F106) -> 44416000 | H106: =VLOOKUP(A106,Dashboard!A:G,7,FALSE) -> 150434400
A107: 112792310 | B107: KIM BANK | C107: 30000000 | D107: 30000000 | G107: =SUM(C107:F107) -> 60000000 | H107: =VLOOKUP(A107,Dashboard!A:G,7,FALSE) -> 390000000
A108: 144109282 | B108: RiP2016 | C108: 16000000 | D108: 16000000 | E108: 20000000 | F108: 12000000 | G108: =SUM(C108:F108) -> 64000000 | H108: =VLOOKUP(A108,Dashboard!A:G,7,FALSE) -> 1212400000
A109: 141154852 | B109: 亗Zolotashkoツ | C109: 2871579 | D109: 11719049 | E109: 2436239 | F109: 2973132 | G109: =SUM(C109:F109) -> 19999999 | H109: =VLOOKUP(A109,Dashboard!A:G,7,FALSE) -> 79999997
A110: 172021868 | B110: Anshii | C110: 20000000 | D110: 20000000 | E110: 20000000 | F110: 20000000 | G110: =SUM(C110:F110) -> 80000000 | H110: =VLOOKUP(A110,Dashboard!A:G,7,FALSE) -> 284041640
A111: 176044158 | B111: メSuper Manメ | C111: 10000000 | D111: 10000000 | E111: 10000000 | F111: 10000000 | G111: =SUM(C111:F111) -> 40000000 | H111: =VLOOKUP(A111,Dashboard!A:G,7,FALSE) -> 480000000
...

Sheet Contributors Log
A1: ID | B1: Player | C1: Alliance | D1: Expected Weekly | E1: Received This Week? | F1: Last Received | G1: Notes
A2: 2463403 | B2: Heliøsツ | C2: U97 | D2: 40M RSS | E2: FALSE
A3: 11726598 | B3: Lazy Cat ツ | C3: U97 | D3: 40M RSS | E3: FALSE
A4: 64966340 | B4: Pisontije | C4: U97 | D4: 40M RSS | E4: TRUE
A5: 171604682 | B5: Łørd Ᵽraмa | ᵁᴺDaddyツ | C5: U97 | D5: 40M RSS | E5: TRUE
A6: 67071592 | B6: 乄Lazy Bツ | C6: U97 | D6: 40M RSS | E6: FALSE
A7: 169326547 | B7: ᵁᴺSexyRickツ | C7: U97 | D7: 40M RSS | E7: FALSE
A8: 156339380 | B8: 會 ᴋᴀʏ シ | C8: U97 | D8: 40M RSS | E8: TRUE
A9: 167637163 | B9: ・Maka・ | C9: U97 | D9: 40M RSS | E9: TRUE
A10: 169446444 | B10: lazy Liwen 寳 | C10: U97 | D10: 40M RSS | E10: TRUE
A11: 169461237 | B11: Aurionツ | C11: U97 | D11: 40M RSS | E11: TRUE
A12: 145408006 | B12: Adam23 | C12: U97 | D12: 20M RSS | E12: FALSE
A13: 63222201 | B13: AmiralMaximus | C13: U97 | D13: 20M RSS | E13: FALSE
... A107: 136662717 | B107: PickleShadowツ | C107: U97 | D107: 20M RSS | E107: FALSE
A110: Week 9 Feb- 15 Feb 2026 Non Contributors
A112: ID | B112: Name
A113: 145408006 | B113: Adam23
A114: 63222201 | B114: AmiralMaximus
A115: 64010776 | B115: ᵀᶜ Tequila
A116: 171934536 | B116: FromKiev1122
A117: 62691192 | B117: Siyempi
A118: 71152824 | B118: FIREWoLF
A119: 11409556 | B119: Enes 33
A120: 14572491 | B120: LAZY BOOND
A121: 171827401 | B121: King ᶠʳʸ
A122: 140009179 | B122: Herakles ツ
A123: 144049878 | B123: Losant
A124: 166871338 | B124: ᴴᵘⁿBéo
... A168: 79650085 | B168: Keshiba ツ
A170: Week 2 Feb- 8 Feb 2026 Non Contributors
A172: ID | B172: Name
A173: 171604682 | B173: Łørd Ᵽraмa | ᵁᴺDaddyツ
A174: 169326547 | B174: ᵁᴺSexyRickツ
A175: 169446444 | B175: lazy Liwen 寳
A176: 145408006 | B176: Adam23
A177: 63222201 | B177: AmiralMaximus
A178: 64010776 | B178: ᵀᶜ Tequila
A179: 115125159 | B179: ᵂAᴿ Demon
A180: 62691192 | B180: Siyempi
A181: 144060837 | B181: 义CHRYS义
A182: 138715530 | B182: ᵀᴺ Yakoo
A183: 171879011 | B183: Urkel94
A184: 71152824 | B184: FIREWoLF
... A221: 171345916 | B221: Only Mayıstos
A223: Week 1 Jan - Feb 2026 Non Contributors
A225: ID | B225: Name
A226: 64010776 | B226: ᵀᶜ Tequila
A227: 171934536 | B227: FromKiev1122
A228: 71152824 | B228: FIREWoLF
A229: 144109282 | B229: RiP2016
A230: 168455139 | B230: ᵁᴺOdin
A231: 166871338 | B231: ᴴᵘⁿBéo
A232: 170866748 | B232: Tzilacatzin
A233: 171609840 | B233: KaizerX
A234: 145044140 | B234: PR puesto chico
A235: 145008495 | B235: SILVERHAND 乂
A236: 166110884 | B236: ᵛⁿNąHƴ ジ
A237: 169672885 | B237: H ム I D E R
... A245: 166807426 | B245: ᵂʷSaber
A248: Week 3 November 2025 Non Contributors
A250: ID | B250: Name
A251: 2463403 | B251: Heliøsツ
A252: 11726598 | B252: Lazy Cat ツ
A253: 67071592 | B253: 乄Lazy Bツ
A254: 169326547 | B254: ᵁᴺSexyRickツ
A255: 169446444 | B255: lazy Liwen 寳
A256: 145408006 | B256: Adam23
A257: 63222201 | B257: AmiralMaximus
A258: 171934536 | B258: FromKiev1122
A259: 115125159 | B259: ᵂAᴿ Demon
A260: 138715530 | B260: ᵀᴺ Yakoo
A261: 71152824 | B261: FIREWoLF
A262: 11409556 | B262: Enes 33
... A332: 77394861 | B332: Ngacai
A335: Week 2 November 2025 Non Contributors
A337: ID | B337: Player
A338: 169446444 | B338: lazy Liwen 寳
A339: 145408006 | B339: Adam23
A340: 63222201 | B340: AmiralMaximus
A341: 171934536 | B341: FromKiev1122
A342: 115125159 | B342: ᵂAᴿ Demon
A343: 144060837 | B343: 义CHRYS义
A344: 71152824 | B344: FIREWoLF
A345: 11409556 | B345: Enes 33
A346: 14572491 | B346: LAZY BOOND
A347: 144048157 | B347: J Pangestu
A348: 136378574 | B348: Arktos
A349: 171827401 | B349: King ᶠʳʸ
... A398: 27578537 | B398: Luki92
A401: Week 1 November 2025 Non Contributors
A403: ID | B403: Name
A404: 145408006 | B404: Adam23
A405: 63222201 | B405: AmiralMaximus
A406: 171934536 | B406: FromKiev1122
A407: 115125159 | B407: ᵂAᴿ Demon
A408: 62691192 | B408: Siyempi
A409: 86936270 | B409: Tekno23
A410: 138715530 | B410: ᵀᴺ Yakoo
A411: 71152824 | B411: FIREWoLF
A412: 11409556 | B412: Enes 33
...

Sheet Penalty Ledger
A1: Player | B1: Reason | C1: Fine Amount (F/W/S/G) | D1: Paid? | E1: Date Due | F1: Notes
A2: Adam23 | B2: AM Abuse | C2: 59.5M / 59.5M / 59.5M / 59.5M | D2: No | E2: 45886 | F2: 238M paid 50M
A3: ᴱᴿ RKing79 | B3: AM Abuse | C3: 51.5M / 51.5M / 51.5M / 51.5M | D3: Yes | E3: 45886 | F3: PAID 194,720,000 (206M)
A4: sd mique | B4: AM Abuse | C4: 42.8M / 42.8M / 42.8M / 42.8M | D4: Yes | E4: 45886 | F4: 171.2M Paid (166,586,560M)
A5: Mictlan Tecutli | B5: AM Abuse | C5: 31.6M / 31.6M / 31.6M / 31.6M | D5: Yes | E5: 45886 | F5: 126.4M Lord Valkorion PAID
A6: 乄Muhtarツ | B6: AM Abuse | C6: 13.6M / 13.6M / 13.6M / 13.6M | D6: Yes | E6: 45886 | F6: 54.4M
A7: СЕНАТОР | B7: AM Abuse | C7: 12.6M / 12.6M / 12.6M / 12.6M | D7: Yes | E7: 45886 | F7: 50.4M
A8: ᵀᵒKinfernus | B8: AM Abuse | C8: 12.4M / 12.4M / 12.4M / 12.4M | D8: Yes | E8: 45886 | F8: 49.6M (30/8 110M)
A9: DEHA DEVRAN | B9: AM Abuse | C9: 10.6M / 10.6M / 10.6M / 10.6M | D9: Yes | E9: 45886 | F9: 42.4M
A10: roimme | B10: AM Abuse | C10: 6.1M / 6.1M / 6.1M / 6.1M | D10: Yes | E10: 45886 | F10: 24.4M
A11: TitanMARU | B11: AM Abuse | C11: 3.3M / 3.3M / 3.3M / 3.3M | D11: Yes | E11: 45886 | F11: 13.2M
A12: yamen Di | B12: AM Abuse | C12: 0.5M / 0.5M / 0.5M / 0.5M | D12: Yes | E12: 45886 | F12: 2M
A13: Fabregas1533 | B13: AM Abuse | C13: 0.1M / 0.1M / 0.1M / 0.1M | D13: Yes | E13: 45886 | F13: 0.4M
... A16: Heliøsツ | B16: MGE Abuse | C16: 15M/ 15M/ 15M/ 15M | D16: Yes | E16: 45890 | F16: (60M)
A17: Grimm48 | B17: GH Abuse | C17: 10M/ 10M/ 10M/ 10M | D17: Yes | E17: 45892
A18: ᵂᴸSnowWoLF | B18: GH Abuse | C18: 20M/ 10M/ 15.5M/ 10M | D18: Yes | E18: 45893
A19: MƏGÁN | B19: Low Activity | C19: 87.5M/ 87.5M/ 87.5M/ 87.5M | D19: No | F19: 350M RSS (25/8 PAID 230M)
A20: V for VENDETTA | B20: Low Activity | C20: 125M/ 125M/ 125M/ 125M | D20: No | F20: 500M RSS (25/8 PAID 82.8M | 29/8 73.6M | 14/9 73.6M (230M))
A21: DEHA DEVRAN | БОБОО79 | B21: GH Abuse | C21: 242.1M/ 219.6M/ 260M/ 217.9M | D21: Yes | F21: 1B (Paid 939.7M)
A22: R7R7 | B22: GH Abuse | C22: 150M/ 1B / 140M/ 70M | D22: Yes | F22: 1.4B
A23: sd mique | B23: GH Abuse | C23: 178M/ 134.7M/ 133.2M/ 160.5M | D23: No | F23: 2B (Paid 6/9 606.6M)
A24: J Pangestu | B24: GH Abuse | D24: No
A25: Lord Valkorion | B25: GH Abuse | C25: 200M/ 50M/ 200M/ 50M | D25: Yes | F25: 500M
A26: 亗DJ KAMA亗 | B26: GH Abuse | D26: No | F26: 1.2B
A27: atom karica | B27: AM Abuse | C27: 100M/ 100M/ 100M/ 100M | D27: No | E27: 45922 | F27: 400M
A28: MƏGÁN | B28: AM Abuse | C28: 83.5M/ 83.5M/ 83.5M/ 83.5M | D28: No | E28: 45922 | F28: 334M
A29: EspDido | B29: AM Abuse | C29: 71.8M/ 71.8M/ 71.8M/ 71.8M | D29: No | E29: 45922 | F29: 287.2M
A30: FallenRooti8 | B30: AM Abuse | C30: 65M/ 65M/ 65M/ 65M | D30: No | E30: 45922 | F30: 260M
A31: Mofu1 | B31: AM Abuse | C31: 28.3M/ 28.3M/ 28.3M/ 28.3M | D31: No | E31: 45922 | F31: 113.2M
A32: Fabregas1533 | B32: AM Abuse | C32: 22M/ 22M/ 22M/ 22M | D32: Yes | E32: 45922 | F32: 88M
A33: 亗 BatMank 亗 | B33: AM Abuse | C33: 32.7M/ 32.7M/ 32.7M/ 32.7M | D33: No | E33: 45950 | F33: 130.8M 17/10 -50M
A34: Vega13 | B34: AM Abuse | C34: 20.2M/ 20.2M/ 20.2M/ 20.2M | D34: Yes | E34: 45950 | F34: 80.8M
A35: Melottus | B35: AM Abuse | C35: 2M/ 2M/ 2M/ 2M | D35: Yes | E35: 45950 | F35: 8M
A36: RiP2016 | B36: MGE Abuse | C36: 600M G | D36: Yes | E36: 45974 | F36: 10/11: 530.4M
A37: ᵂᴸSnowWoLF | B37: GH Abuse | C37: 1.225B | D37: Pardon | E37: 46055 | F37: 27/1 390M | Total: 390M
A38: Lazy Cat ツ | B38: GH Abuse | C38: 1.220B | D38: Pardon | E38: 46055
A39: Adam23 | B39: GH Abuse | C39: 1.043B | D39: No | E39: 46055
A40: ᵁᴺOdin | B40: GH Abuse | C40: 1.012B | D40: Yes | E40: 46055
A41: Luki92 | B41: GH Abuse | C41: 845M | D41: Yes | E41: 46055
A42: RiP2016 | B42: GH Abuse | C42: 456M | D42: Yes | E42: 46055 | F42: 1/2 172M | 31/1 292M | Total: 464M
A43: Melottus | B43: GH Abuse | C43: 336M | D43: Installments | E43: 46055 | F43: 28/1 60M | 27/1 40M | 26/1 130M | 25/1 paid 60M | Total: 290M
A44: Lord Valkorion | B44: GH Abuse | C44: 330M | D44: Installments | E44: 46055 | F44: 29/1 50M | 27/1 30M | 26/1 20M | 25/1 paid 160M | Total: 260M
A45: 㐅 Barto | B45: GH Abuse | C45: 232M | D45: Yes | E45: 46055
A46: 亗 Intersect | B46: GH Abuse | C46: 211M | D46: Yes | E46: 46055
A47: Mictlan Tecutli | B47: GH Abuse | C47: 211M | D47: No | E47: 46055
A48: ᴱᴿ RKing79 | B48: GH Abuse | C48: 168M | D48: Yes | E48: 46055
A49: SAX0N | B49: GH Abuse | C49: 48M | D49: Yes | E49: 46055
A50: ᵀᶜ Tequila | B50: GH Abuse | C50: 60M | D50: Yes | E50: 46246
A51: 义CTAM义 | B51: GH Abuse | C51: 130M | D51: Yes | E51: 46246

Sheet Withdrawals Log
A1: Date | B1: Recipient | C1: Purpose | D1: Food | E1: Wood | F1: Stone | G1: Gold | H1: Approved By | I1: Notes
A2: 45926 | B2: Lord Valkorion | C2: Fight | D2: 0 | E2: 0 | F2: 0 | G2: 200000000 | H2: Helios
A3: 45944 | B3: 乄Lazy Bツ | C3: Fight | D3: 400000000 | E3: 400000000 | F3: 400000000 | G3: 400000000 | H3: Kay
A4: 45947 | B4: FIREWoLF | C4: Fight | F4: 400000000 | H4: Kay
A5: 45947 | B5: ᵂᴸSnowWoLF | C5: Fight | E5: 400000000 | G5: 200000000 | H5: Kay
A6: 45948 | B6: 乄Lazy Bツ | C6: Fight | D6: 1000000000 | E6: 1000000000 | G6: 800000000 | H6: Kay
A7: 45948 | B7: Heliøsツ | C7: Fight | D7: 500000000 | E7: 500000000 | G7: 500000000 | H7: Helios
A8: 45954 | B8: Dreckschlumpf | C8: Fight | G8: 20000000 | H8: Helios
A9: 46001 | B9: Keshiba ツ | C9: Fight | D9: 300000000 | E9: 1000000000 | F9: 1000000000 | G9: 300000000 | H9: Helios
A10: 46005 | B10: Luki92 | C10: Fight | F10: 800000000 | G10: 500000000 | H10: Kay
A11: 46014 | B11: ᵁᴺSexyRickツ | C11: Fight | G11: 500000000 | H11: Kay
A12: 46018 | B12: ᵁᴺSexyRickツ | C12: Fight | D12: 500000000 | E12: 1500000000 | H12: Kay
A13: 46019 | B13: Luki92 | C13: Fight | F13: 800000000 | G13: 200000000 | H13: Kay
A14: 46020 | B14: 乄Lazy Bツ | C14: Fight | D14: 1000000000 | E14: 1000000000 | F14: 1000000000 | G14: 800000000 | H14: Kay
A15: 46021 | B15: ᵁᴺPraMaツ | C15: Fight | D15: 400000000 | E15: 600000000 | G15: 250000000 | H15: Helios
A16: 46021 | B16: メCalメ | C16: Fight | E16: 800000000 | H16: Kay
A17: 46025 | B17: ᵂᴸSnowWoLF | C17: Fight | E17: 800000000 | G17: 100000000 | H17: Kay
A18: 46026 | B18: 乄Lazy Bツ | C18: Fight | D18: 800000000 | E18: 500000000 | F18: 800000000 | G18: 100000000 | H18: Kay
A19: 46028 | B19: 乄Narcissus | C19: Fight | D19: 800000000 | E19: 800000000 | F19: 800000000 | G19: 200000000 | H19: Helios
A20: 46028 | B20: madelene | C20: Fight | D20: 100000000 | F20: 100000000 | H20: Kay
A21: 46032 | B21: Luki92 | C21: Fight | F21: 500000000 | H21: Kay
A22: 46032 | B22: ᵁᴺPraMaツ | C22: Fight | E22: 650000000 | G22: 100000000 | H22: Kay
A23: 46032 | B23: SAX0N | C23: Fight | D23: 500000000 | G23: 50000000 | H23: Kay
